date,city,co_mean,co_aqi,no2_mean,no2_aqi,so2_mean,so2_aqi,pm2_5_mean,pm2_5_aqi,o3_mean,o3_aqi,temp,humidity,windspeed,max_aqi,year,Main_Pollutant,aqi_level_bin,aqi_level
1/1/2020,Bronx,0.2,2,16.25,17,0.55,0,4.68,42,0.02,19,38.2,50.3,18.6,42,2020,PM2.5,0,healthy
1/2/2020,Bronx,0.5,6,39.95,38,2.7,4,11.85,59,,,41.3,52.2,10.7,59,2020,PM2.5,1,unhealthy
1/3/2020,Bronx,0.6,7,36.95,36,1.4,1,16.23,68,0,1,46.8,79.2,6.5,68,2020,PM2.5,1,unhealthy
1/4/2020,Bronx,0.7,8,27.9,28,1.2,1,11.93,58,0.02,22,47.4,89.8,16.4,58,2020,PM2.5,1,unhealthy
1/5/2020,Bronx,0.3,3,20.35,19,0.6,0,4.43,37,0.03,26,38.6,52.1,28.1,37,2020,PM2.5,0,healthy
1/6/2020,Bronx,0.3,3,34.95,34,1.7,1,9.48,54,0.02,16,38.6,62.2,17.1,54,2020,PM2.5,1,unhealthy
1/7/2020,Bronx,0.4,5,37.4,36,2.6,3,8.1,51,0.01,11,39.9,50,11.8,51,2020,PM2.5,1,unhealthy
1/8/2020,Bronx,0.3,3,28.15,28,1.45,1,8.07,48,0.03,25,35.2,57.9,20.3,48,2020,PM2.5,0,healthy
1/9/2020,Bronx,0.3,3,40.2,40,1.7,3,6.12,44,,,29,40.1,21.5,44,2020,PM2.5,0,healthy
1/10/2020,Bronx,0.5,6,40.1,39,1.45,1,8.22,55,0.01,8,44.2,68,11.8,55,2020,PM2.5,1,unhealthy
1/11/2020,Bronx,0.4,5,39.5,39,1.55,3,10.45,56,0.03,24,57.2,73.3,17.1,56,2020,PM2.5,1,unhealthy
1/12/2020,Bronx,0.2,2,14.1,16,0.55,0,6.38,46,0.03,28,60.4,59.3,21.8,46,2020,PM2.5,0,healthy
1/13/2020,Bronx,0.4,5,27.1,27,0.7,0,9.15,54,0.01,6,41.5,74.9,10.7,54,2020,PM2.5,1,unhealthy
1/14/2020,Bronx,0.4,5,25.35,26,0.8,0,13,63,0,4,41.2,84.4,10.2,63,2020,PM2.5,1,unhealthy
1/15/2020,Bronx,0.5,6,39,40,1.6,3,12.8,62,0.02,19,45.7,67.5,13,62,2020,PM2.5,1,unhealthy
1/16/2020,Bronx,0.5,6,23.65,25,0.75,0,8.54,52,0.03,24,43.3,65.5,24.5,52,2020,PM2.5,1,unhealthy
1/17/2020,Bronx,0.2,2,14.35,14,1.05,1,5.05,39,0.03,29,26.7,37.8,27.7,39,2020,PM2.5,0,healthy
1/18/2020,Bronx,0.3,3,43.35,42,1.25,1,5.9,36,0.02,16,25.9,60.9,18.2,42,2020,NO2,0,healthy
1/19/2020,Bronx,0.3,3,20.15,21,0.75,0,6.96,46,0.03,27,38.1,62.3,21.8,46,2020,PM2.5,0,healthy
1/20/2020,Bronx,0.2,2,16.2,18,1.55,1,4.78,38,0.03,30,25.8,41.5,21,38,2020,PM2.5,0,healthy
1/21/2020,Bronx,0.2,2,25.3,30,1.7,1,5.75,41,0.02,23,26.3,46,14.1,41,2020,PM2.5,0,healthy
1/22/2020,Bronx,1,11,58.25,61,3.1,4,11.58,59,0.01,7,31.8,50.6,5.4,61,2020,NO2,1,unhealthy
1/23/2020,Bronx,1.2,14,50.5,50,4.1,6,18.68,75,0.01,7,39,47.6,8.2,75,2020,PM2.5,1,unhealthy
1/24/2020,Bronx,1.3,15,55.05,61,4.55,7,20.5,80,0.02,18,41.2,58.2,11,80,2020,PM2.5,1,unhealthy
1/25/2020,Bronx,0.4,5,32.35,31,0.35,0,6.38,47,0.03,25,42.7,87.6,25.3,47,2020,PM2.5,0,healthy
1/26/2020,Bronx,0.3,3,22.5,22,0.95,1,5.95,39,0.02,15,41.7,65.3,16.4,39,2020,PM2.5,0,healthy
1/27/2020,Bronx,0.3,3,25.85,25,1.55,1,6.9,44,0.02,18,40.6,61.4,16.7,44,2020,PM2.5,0,healthy
1/28/2020,Bronx,0.2,2,16.35,18,0.95,1,3.12,29,0.03,29,39.1,57.8,18.8,29,2020,PM2.5,0,healthy
1/29/2020,Bronx,0.2,2,21.35,23,1.4,1,4.6,39,0.03,28,35.4,46.1,13.4,39,2020,PM2.5,0,healthy
1/30/2020,Bronx,0.4,5,37.9,38,1.6,1,6.98,47,0.02,19,30.7,53.5,10.1,47,2020,PM2.5,0,healthy
1/31/2020,Bronx,0.6,7,42.75,43,1.45,1,8.55,53,0.01,7,37.2,71.5,6.8,53,2020,PM2.5,1,unhealthy
2/1/2020,Bronx,0.5,6,37.6,40,0.7,1,15.65,74,0.01,8,39.4,83.9,6,74,2020,PM2.5,1,unhealthy
2/2/2020,Bronx,0.3,3,27.65,28,0.45,0,11.58,62,0.02,21,38.5,73.9,13.6,62,2020,PM2.5,1,unhealthy
2/3/2020,Bronx,0.7,8,48.85,49,2.1,3,9.7,55,0.02,25,46.8,61.3,12.3,55,2020,PM2.5,1,unhealthy
2/4/2020,Bronx,0.8,9,47.9,46,1.85,3,14.98,64,0.02,19,48.5,74.2,9.9,64,2020,PM2.5,1,unhealthy
2/5/2020,Bronx,0.6,7,21.15,23,1.3,1,5.3,33,0.02,26,41.4,59.7,13.9,33,2020,PM2.5,0,healthy
2/6/2020,Bronx,0.3,3,21.85,22,0.55,0,5.4,42,0.02,20,38.3,89.8,14.7,42,2020,PM2.5,0,healthy
2/7/2020,Bronx,0.3,3,29.2,31,0.5,0,4.78,33,0.03,29,40,77.7,28.4,33,2020,PM2.5,0,healthy
2/8/2020,Bronx,0.3,3,31.1,32,1.05,1,7.98,52,0.03,30,34.7,46.6,19.9,52,2020,PM2.5,1,unhealthy
2/9/2020,Bronx,0.4,5,40,42,1.45,1,10.28,56,0.02,25,35.9,71.7,12,56,2020,PM2.5,1,unhealthy
2/10/2020,Bronx,0.4,5,34.4,32,0.75,1,9.25,53,0.01,12,43.7,75.3,13,53,2020,PM2.5,1,unhealthy
2/11/2020,Bronx,0.5,6,34.3,34,0.9,1,7.43,47,0.03,27,44.6,87.6,14.5,47,2020,PM2.5,0,healthy
2/12/2020,Bronx,0.3,3,27.65,28,1.05,1,8.72,54,0.03,29,41.7,50.4,19.7,54,2020,PM2.5,1,unhealthy
2/13/2020,Bronx,0.5,6,43.8,45,0.95,1,8.12,52,0.02,25,39.6,85,19.2,52,2020,PM2.5,1,unhealthy
2/14/2020,Bronx,0.3,3,16.55,15,1.55,1,5.1,35,0.03,30,30.5,44.6,21,35,2020,PM2.5,0,healthy
2/15/2020,Bronx,0.3,3,28.7,26,1.45,1,5.62,34,0.02,21,22.7,47.3,11.7,34,2020,PM2.5,0,healthy
2/16/2020,Bronx,0.6,7,45.75,46,1.9,3,10.6,58,0.02,18,36.3,58.8,12.8,58,2020,PM2.5,1,unhealthy
2/17/2020,Bronx,0.6,7,32.15,31,2.15,3,10.02,56,0.03,33,43.5,46.3,12.2,56,2020,PM2.5,1,unhealthy
2/18/2020,Bronx,0.3,3,29.25,32,0.8,1,9.38,57,0.02,27,40.8,74.1,12.3,57,2020,PM2.5,1,unhealthy
2/19/2020,Bronx,0.3,3,31.2,30,0.8,1,6.28,42,0.04,34,42.4,47.3,17.3,42,2020,PM2.5,0,healthy
2/20/2020,Bronx,0.2,2,15.45,17,1.15,1,4.6,27,0.03,31,31.8,40.9,16,31,2020,O3,0,healthy
2/21/2020,Bronx,0.3,3,29.4,29,1.15,1,4.62,29,0.03,33,28.4,36,15.6,33,2020,O3,0,healthy
2/22/2020,Bronx,0.4,5,43.5,42,2,3,8.85,54,0.03,31,39.7,26.1,11.4,54,2020,PM2.5,1,unhealthy
2/23/2020,Bronx,0.5,6,53.75,51,3.2,4,11.82,59,0.04,35,46,26.7,11.9,59,2020,PM2.5,1,unhealthy
2/24/2020,Bronx,1,11,59.55,60,4.5,6,17.48,73,0.03,29,49.1,42.4,10.7,73,2020,PM2.5,1,unhealthy
2/25/2020,Bronx,0.4,5,45.2,44,2,3,11.18,60,0.02,23,48.3,75.4,8.3,60,2020,PM2.5,1,unhealthy
2/26/2020,Bronx,0.3,3,25.45,30,0.3,0,5.9,44,0.04,36,45.5,89.6,14.3,44,2020,PM2.5,0,healthy
2/27/2020,Bronx,0.2,2,16.95,21,0.45,0,3,22,0.03,33,39.7,57.9,25.8,33,2020,O3,0,healthy
2/28/2020,Bronx,0.3,3,22.3,22,0.9,1,6.82,44,0.03,31,34.8,34.6,20.9,44,2020,PM2.5,0,healthy
2/29/2020,Bronx,0.3,3,15.75,16,0.75,0,5.3,34,0.03,32,31,38,19.4,34,2020,PM2.5,0,healthy
3/1/2020,Bronx,0.3,3,43.3,42,1.25,1,5.9,42,0.04,36,34.4,42,17.1,42,2020,NO2,0,healthy
3/2/2020,Bronx,0.4,5,50,48,1.1,1,12.62,60,0.03,31,47.8,49.2,12.5,60,2020,PM2.5,1,unhealthy
3/3/2020,Bronx,0.4,5,36.1,35,0.85,1,11.77,59,0.03,26,53,72.9,13.9,59,2020,PM2.5,1,unhealthy
3/4/2020,Bronx,0.3,3,20.8,21,0.6,0,4.83,39,0.04,32,50.4,45.1,25.2,39,2020,PM2.5,0,healthy
3/5/2020,Bronx,0.2,2,26.45,26,0.85,1,5.75,37,0.03,32,44.7,48.9,18.3,37,2020,PM2.5,0,healthy
3/6/2020,Bronx,0.3,3,38.25,39,0.6,0,6,46,0.03,29,41.2,76.2,14.6,46,2020,PM2.5,0,healthy
3/7/2020,Bronx,0.2,2,17.9,17,1.45,1,3.63,27,0.04,37,40.8,44.3,19.1,37,2020,O3,0,healthy
3/8/2020,Bronx,0.3,3,24.65,23,1.05,1,5.6,34,0.03,33,46.5,29.6,12.6,34,2020,PM2.5,0,healthy
3/9/2020,Bronx,0.5,6,38.9,41,2.1,3,10.07,54,0.04,35,58.1,26.9,13.6,54,2020,PM2.5,1,unhealthy
3/10/2020,Bronx,0.4,5,35.95,35,1.25,1,10.15,54,0.03,29,60.5,47.1,15.9,54,2020,PM2.5,1,unhealthy
3/11/2020,Bronx,0.3,3,34.35,42,0.85,1,5.38,34,0.03,30,50.8,45.7,16.9,42,2020,NO2,0,healthy
3/12/2020,Bronx,0.5,6,50,56,1.7,1,8.72,53,0.03,28,45.2,67,10.1,56,2020,NO2,1,unhealthy
3/13/2020,Bronx,0.3,3,33.9,36,0.45,0,5.7,39,0.04,38,55.5,65.5,21.9,39,2020,PM2.5,0,healthy
3/14/2020,Bronx,0.2,2,12.8,13,0.6,0,3.5,25,0.04,35,48.7,34.1,18.3,35,2020,O3,0,healthy
3/15/2020,Bronx,0.2,2,16.15,20,0.9,1,3.28,23,0.04,37,46.8,35.8,11.6,37,2020,O3,0,healthy
3/16/2020,Bronx,0.2,2,17.75,21,0.65,0,4.55,31,0.04,34,39.1,44.9,14.2,34,2020,O3,0,healthy
3/17/2020,Bronx,0.3,3,33.05,34,0.65,0,6.72,44,0.03,27,47,72.6,10.6,44,2020,PM2.5,0,healthy
3/18/2020,Bronx,0.2,2,26.25,25,2.05,3,6.7,48,0.03,33,47.4,45.2,14.2,48,2020,PM2.5,0,healthy
3/19/2020,Bronx,0.3,3,26.7,30,0.65,0,4.38,32,0.03,29,46.6,79,13.9,32,2020,PM2.5,0,healthy
3/20/2020,Bronx,0.5,6,39.2,37,1.2,1,10.22,58,0.04,34,58.4,72.1,17.9,58,2020,PM2.5,1,unhealthy
3/21/2020,Bronx,0.2,2,10.65,10,0.55,0,3.62,22,0.04,38,49.4,38.7,18.8,38,2020,O3,0,healthy
3/22/2020,Bronx,0.2,2,13.25,15,0.85,0,5.42,33,0.04,38,38.3,38.6,15,38,2020,O3,0,healthy
3/23/2020,Bronx,0.3,3,15.35,17,1.4,1,3.4,27,0.03,33,38.1,77.3,15.5,33,2020,O3,0,healthy
3/24/2020,Bronx,0.2,2,18.95,23,1.2,1,3.18,21,0.04,36,44.5,63.6,14,36,2020,O3,0,healthy
3/25/2020,Bronx,0.2,2,14.4,14,0.5,0,5.28,37,0.03,33,42.6,70.5,18.3,37,2020,PM2.5,0,healthy
3/26/2020,Bronx,0.3,3,36.45,36,1.55,1,6.88,48,0.03,32,46.3,58.8,13.7,48,2020,PM2.5,0,healthy
3/27/2020,Bronx,0.3,3,40.05,45,1.3,1,6.1,38,0.04,43,57.6,47.5,10.8,45,2020,NO2,0,healthy
3/28/2020,Bronx,0.3,3,15.6,16,0.55,0,4.55,30,0.04,41,47.4,66.5,15.6,41,2020,O3,0,healthy
3/29/2020,Bronx,0.2,2,8.85,9,0.1,0,1.95,17,0.04,40,45.4,92.3,20.3,40,2020,O3,0,healthy
3/30/2020,Bronx,0.3,3,24.2,27,0.4,0,5.88,46,0.03,29,46.1,81.6,10.1,46,2020,PM2.5,0,healthy
3/31/2020,Bronx,0.3,3,15.7,17,0.7,1,3.18,25,0.04,36,44,73.2,12,36,2020,O3,0,healthy
4/1/2020,Bronx,0.2,2,16.9,16,1.2,1,4.28,31,0.04,40,46.3,51.4,14.7,40,2020,O3,0,healthy
4/2/2020,Bronx,0.2,2,10.65,12,0.7,0,2.52,19,0.04,38,48.6,44.6,25.7,38,2020,O3,0,healthy
4/3/2020,Bronx,0.2,2,10.05,9,1.05,1,1.78,12,0.03,31,49.5,64.6,22.3,31,2020,O3,0,healthy
4/4/2020,Bronx,0.2,2,17.4,18,0.6,0,2.7,17,0.04,35,51.4,67.4,11.8,35,2020,O3,0,healthy
4/5/2020,Bronx,0.3,3,30.25,35,1.2,1,10.22,56,0.03,25,53.1,70.8,11.2,56,2020,PM2.5,1,unhealthy
4/6/2020,Bronx,0.3,3,17,19,1.1,1,4.28,32,0.04,39,55.7,49.3,12.2,39,2020,O3,0,healthy
4/7/2020,Bronx,0.2,2,28.15,31,0.7,1,5.22,34,0.05,45,57.1,35.1,17.1,45,2020,O3,0,healthy
4/8/2020,Bronx,0.3,3,25.95,31,0.3,0,9.4,56,0.04,35,55.6,71.1,9.1,56,2020,PM2.5,1,unhealthy
4/9/2020,Bronx,0.2,2,29.3,35,0.45,0,4.7,37,0.04,40,51.2,66.2,26.5,40,2020,O3,0,healthy
4/10/2020,Bronx,0.2,2,11.7,11,0.2,0,2.8,20,0.03,33,44,50.4,29,33,2020,O3,0,healthy
4/11/2020,Bronx,0.2,2,21.65,22,0.65,0,4.18,29,0.04,41,47,34.2,16.9,41,2020,O3,0,healthy
4/12/2020,Bronx,0.4,5,42.25,41,0.7,0,7.78,48,0.04,44,52.9,46.6,14,48,2020,PM2.5,0,healthy
4/13/2020,Bronx,0.2,2,13.95,13,0.35,0,6.05,46,0.04,40,58.8,83,27,46,2020,PM2.5,0,healthy
4/14/2020,Bronx,0.2,2,20,21,0.4,0,3.75,26,0.04,42,52.6,43.4,18.8,42,2020,O3,0,healthy
4/15/2020,Bronx,0.2,2,18.55,18,1.05,1,4.8,36,0.04,42,47.8,38.5,14.1,42,2020,O3,0,healthy
4/16/2020,Bronx,0.2,2,14.9,14,0.55,0,4.75,31,0.04,38,45.1,37.5,20.4,38,2020,O3,0,healthy
4/17/2020,Bronx,0.2,2,22.05,22,0.7,0,7.22,52,0.04,40,42.9,46.2,14,52,2020,PM2.5,1,unhealthy
4/18/2020,Bronx,0.2,2,20.35,20,0.3,0,4.45,36,0.03,32,44,75.6,14.3,36,2020,PM2.5,0,healthy
4/19/2020,Bronx,0.3,3,26.9,27,0.8,0,7.02,50,0.05,47,51.4,41.1,16.1,50,2020,PM2.5,0,healthy
4/20/2020,Bronx,0.2,2,40.7,42,1.45,3,4,28,0.04,37,52.5,43,11.5,42,2020,NO2,0,healthy
4/21/2020,Bronx,0.3,3,27.6,28,0.65,1,5.1,37,0.04,35,49.9,62.6,21.3,37,2020,PM2.5,0,healthy
4/22/2020,Bronx,0.2,2,12.1,14,0.7,0,3.22,23,0.04,37,43.5,33.4,23.5,37,2020,O3,0,healthy
4/23/2020,Bronx,0.2,2,26.2,25,0.95,1,7.08,52,0.03,31,44.7,39.2,10.4,52,2020,PM2.5,1,unhealthy
4/24/2020,Bronx,0.2,2,24.75,27,0.3,0,5,37,0.03,31,46.3,86.1,15.1,37,2020,PM2.5,0,healthy
4/25/2020,Bronx,0.4,5,34.3,38,2.2,3,6.88,47,0.04,42,52.5,60.2,13.2,47,2020,PM2.5,0,healthy
4/26/2020,Bronx,0.2,2,11.75,14,0.5,0,3.92,32,0.04,39,47.8,77.4,25.1,39,2020,O3,0,healthy
4/27/2020,Bronx,0.2,2,12.9,13,1,1,1.3,11,0.03,32,44.6,72.2,15.9,32,2020,O3,0,healthy
4/28/2020,Bronx,0.2,2,26.35,29,0.9,0,4.2,29,0.04,40,52.1,52.7,10.1,40,2020,O3,0,healthy
4/29/2020,Bronx,0.2,2,26.4,30,0.35,0,5.95,44,0.04,39,50.6,75,17.4,44,2020,PM2.5,0,healthy
4/30/2020,Bronx,0.1,1,19.6,25,0.35,0,6.98,52,0.04,42,55.5,83,27.1,52,2020,PM2.5,1,unhealthy
5/1/2020,Bronx,0.2,2,24.75,29,0.65,0,3.45,31,0.04,41,58.7,80,15.4,41,2020,O3,0,healthy
5/2/2020,Bronx,0.2,2,13.7,13,0.7,0,3.48,25,0.04,37,63,40.8,16.3,37,2020,O3,0,healthy
5/3/2020,Bronx,0.2,2,19.2,20,0.5,0,6.82,43,0.05,47,68.1,50.3,13.4,47,2020,O3,0,healthy
5/4/2020,Bronx,0.3,3,23.25,29,0.55,0,3.38,25,0.04,39,63.2,42.3,22.6,39,2020,O3,0,healthy
5/5/2020,Bronx,0.2,2,20.6,24,0.45,0,2.92,24,0.04,42,54,33.9,17.7,42,2020,O3,0,healthy
5/6/2020,Bronx,0.2,2,20.7,23,0.3,0,4.2,32,0.03,33,49.5,67.1,17,33,2020,O3,0,healthy
5/7/2020,Bronx,0.2,2,18.4,20,0.45,0,3.58,27,0.04,42,56.6,40.5,15.6,42,2020,O3,0,healthy
5/8/2020,Bronx,0.2,2,18.45,19,0.45,0,3.78,31,0.03,31,49.4,56.3,16.3,31,2020,PM2.5,0,healthy
5/9/2020,Bronx,0.2,2,11.45,11,0.3,0,1.7,15,0.03,26,41,50.2,22.1,26,2020,O3,0,healthy
5/10/2020,Bronx,0.2,2,14.7,14,0.6,0,4.12,32,0.04,43,52.2,34.2,18.1,43,2020,O3,0,healthy
5/11/2020,Bronx,0.2,2,29.45,36,0.65,1,3.8,27,0.04,34,53.3,58.9,21.4,36,2020,NO2,0,healthy
5/12/2020,Bronx,0.1,1,12.8,11,0.45,0,2.9,23,0.04,43,51.3,38.7,25.2,43,2020,O3,0,healthy
5/13/2020,Bronx,0.2,2,34.9,40,0.75,0,4.22,31,0.04,43,52.1,36.9,16.9,43,2020,O3,0,healthy
5/14/2020,Bronx,0.3,3,42.45,42,1.2,1,6.4,40,0.05,47,57.9,44.3,16,47,2020,O3,0,healthy
5/15/2020,Bronx,0.3,3,25.9,25,0.5,0,11.22,57,0.06,64,72.4,57.6,16.6,64,2020,O3,1,unhealthy
5/16/2020,Bronx,0.2,2,21.75,27,0.6,0,2.75,25,0.04,42,69.5,55.2,11.8,42,2020,O3,0,healthy
5/17/2020,Bronx,0.2,2,9.6,9,0.6,0,2.22,22,0.05,44,60,57,16.3,44,2020,O3,0,healthy
5/18/2020,Bronx,0.1,1,12.25,17,0.9,1,2.88,25,0.05,44,59.9,60.7,14,44,2020,O3,0,healthy
5/19/2020,Bronx,0.1,1,10.65,13,1.5,3,3.72,29,0.04,40,60.1,44.6,23.1,40,2020,O3,0,healthy
5/20/2020,Bronx,0.1,1,13.85,15,0.8,1,2.78,24,0.04,39,56.6,43.6,17.1,39,2020,O3,0,healthy
5/21/2020,Bronx,0.2,2,25.65,25,4.05,6,5.98,43,0.04,35,56.1,62.4,15.4,43,2020,PM2.5,0,healthy
5/22/2020,Bronx,0.4,5,34.25,32,1.15,1,6.7,48,0.04,36,64.6,71.9,16,48,2020,PM2.5,0,healthy
5/23/2020,Bronx,0.1,1,13.55,17,0.25,0,3.08,32,0.04,34,62,86.7,20.8,34,2020,O3,0,healthy
5/24/2020,Bronx,0.2,2,12.85,11,0.45,0,5.78,42,0.04,36,59.2,62.5,17.4,42,2020,PM2.5,0,healthy
5/25/2020,Bronx,0.2,2,20.85,27,0.25,0,4.82,39,0.03,29,61.2,78.8,13.7,39,2020,PM2.5,0,healthy
5/26/2020,Bronx,0.3,3,26.4,29,0.55,0,6.93,53,0.03,27,65.6,77.2,11.7,53,2020,PM2.5,1,unhealthy
5/27/2020,Bronx,0.2,2,19.55,19,0.3,0,2.76,26,0.03,29,67,78.2,14.1,29,2020,O3,0,healthy
5/28/2020,Bronx,0.2,2,18.45,19,0.25,0,4.47,39,0.02,19,68.9,84.8,20.7,39,2020,PM2.5,0,healthy
5/29/2020,Bronx,0.2,2,18.65,19,0.45,0,5.5,46,0.02,22,72.5,79.9,19.1,46,2020,PM2.5,0,healthy
5/30/2020,Bronx,0.2,2,21.5,21,0.45,0,3.42,31,0.04,40,73.6,56.4,15.3,40,2020,O3,0,healthy
5/31/2020,Bronx,0.1,1,4.95,5,0.3,0,0.9,16,0.03,31,64.2,38.2,21.1,31,2020,O3,0,healthy
6/1/2020,Bronx,0.2,2,22.5,30,0.35,0,2.02,20,0.04,37,61.8,37.9,16.3,37,2020,O3,0,healthy
6/2/2020,Bronx,0.3,3,33.75,32,0.6,0,5.18,36,0.05,46,67.6,39.7,16.5,46,2020,O3,0,healthy
6/3/2020,Bronx,0.3,3,23.05,23,0.5,0,8.45,50,0.05,44,71.6,67.8,14.4,50,2020,PM2.5,0,healthy
6/4/2020,Bronx,0.3,3,33.05,39,0.4,0,8.8,54,0.06,77,76.1,61.7,13.7,77,2020,O3,1,unhealthy
6/5/2020,Bronx,0.3,3,26.7,25,0.25,0,9.1,55,0.04,34,73.8,79.6,13.6,55,2020,PM2.5,1,unhealthy
6/6/2020,Bronx,0.3,3,26.35,26,0.3,0,6.55,53,0.05,51,78,63.6,23.7,53,2020,PM2.5,1,unhealthy
6/7/2020,Bronx,0.2,2,11.55,10,0.25,0,2.2,22,0.03,31,70.9,41.4,18.3,31,2020,O3,0,healthy
6/8/2020,Bronx,0.2,2,33.15,32,0.35,0,3.3,26,0.03,32,70.8,40.6,10.4,32,2020,NO2,0,healthy
6/9/2020,Bronx,0.2,2,24.75,25,1.2,1,7.98,47,0.07,108,78.9,41.4,14.5,108,2020,O3,1,unhealthy
6/10/2020,Bronx,0.2,2,17.55,16,0.65,0,9.6,56,0.05,50,76.1,62.8,17.4,56,2020,PM2.5,1,unhealthy
6/11/2020,Bronx,0.3,3,28.1,29,0.3,0,9.7,56,0.03,27,74.4,79,14.5,56,2020,PM2.5,1,unhealthy
6/12/2020,Bronx,0.3,3,17.15,16,0.35,0,3.72,33,0.05,48,77.8,48.5,12.6,48,2020,O3,0,healthy
6/13/2020,Bronx,0.2,2,4.7,5,0.2,0,0.98,17,0.04,37,68.3,41.1,14.5,37,2020,O3,0,healthy
6/14/2020,Bronx,0.1,1,11.3,11,0.45,0,2.44,19,0.04,37,64.2,45.4,12.9,37,2020,O3,0,healthy
6/15/2020,Bronx,0.3,3,15.95,17,1.35,3,3.88,31,0.04,38,67.1,53.6,14.8,38,2020,O3,0,healthy
6/16/2020,Bronx,0.2,2,17.2,19,1.65,3,3.88,32,0.04,37,69.4,52.3,14.5,37,2020,O3,0,healthy
6/17/2020,Bronx,0.1,1,14.65,16,0.5,0,3.34,27,0.03,31,69.4,64.3,16,31,2020,O3,0,healthy
6/18/2020,Bronx,0.2,2,14.55,15,0.3,0,3.22,33,0.02,20,70.4,79.4,12,33,2020,PM2.5,0,healthy
6/19/2020,Bronx,0.2,2,22.45,24,0.45,0,4.92,39,0.04,38,74.1,70.1,18.2,39,2020,PM2.5,0,healthy
6/20/2020,Bronx,0.3,3,27.9,27,0.65,0,9.82,58,0.05,47,77.6,63.5,13.4,58,2020,PM2.5,1,unhealthy
6/21/2020,Bronx,0.3,3,23.15,23,0.65,0,6.52,48,0.04,43,78.4,62.3,13.3,48,2020,PM2.5,0,healthy
6/22/2020,Bronx,0.2,2,25.2,24,0.65,0,5.05,41,0.06,80,81.5,58.5,14.6,80,2020,O3,1,unhealthy
6/23/2020,Bronx,0.2,2,30.8,29,0.65,0,9.94,58,0.05,51,80.1,63.1,14,58,2020,PM2.5,1,unhealthy
6/24/2020,Bronx,0.2,2,18.1,18,0.75,0,8.07,52,0.05,44,80.5,53.7,18.1,52,2020,PM2.5,1,unhealthy
6/25/2020,Bronx,0.2,2,18.5,19,0.75,0,6.65,44,0.06,80,79,42.1,19.8,80,2020,O3,1,unhealthy
6/26/2020,Bronx,0.2,2,28.75,27,1.25,1,6.7,50,0.06,54,79.5,46,13.6,54,2020,O3,1,unhealthy
6/27/2020,Bronx,0.3,3,28.7,30,1.3,1,10.75,57,0.05,44,77.9,60,12.7,57,2020,PM2.5,1,unhealthy
6/28/2020,Bronx,0.4,5,23.15,22,0.7,1,9.33,57,0.06,67,80.3,66.5,12.7,67,2020,O3,1,unhealthy
6/29/2020,Bronx,0.3,3,14.55,15,0.3,0,5.34,48,0.04,35,77.4,64.7,12.6,48,2020,PM2.5,0,healthy
6/30/2020,Bronx,0.2,2,15.75,16,0.45,0,2.72,33,0.04,35,73,70,12,35,2020,O3,0,healthy
7/1/2020,Bronx,0.3,3,22.3,25,0.45,0,4.95,42,0.05,45,74.1,71.3,9.8,45,2020,O3,0,healthy
7/2/2020,Bronx,0.2,2,23.75,31,0.45,0,7.26,53,0.04,38,80.6,56.4,11,53,2020,PM2.5,1,unhealthy
7/3/2020,Bronx,0.3,3,13.55,13,0.5,0,11.95,63,0.04,43,81.9,59.4,12.9,63,2020,PM2.5,1,unhealthy
7/4/2020,Bronx,0.2,2,11.05,10,1.05,1,16.77,77,0.04,39,76,69.3,10.3,77,2020,PM2.5,1,unhealthy
7/5/2020,Bronx,0.3,3,33.85,36,0.7,0,15.66,66,0.05,47,81.8,58.4,11,66,2020,PM2.5,1,unhealthy
7/6/2020,Bronx,0.5,6,39.25,38,0.85,1,10.72,60,0.06,71,81,60,14.7,71,2020,O3,1,unhealthy
7/7/2020,Bronx,0.3,3,12.85,16,0.2,0,6.5,53,0.04,34,75.6,76.4,12.2,53,2020,PM2.5,1,unhealthy
7/8/2020,Bronx,0.2,2,20.7,20,0.3,0,7.9,56,0.03,33,80.1,73.4,11.3,56,2020,PM2.5,1,unhealthy
7/9/2020,Bronx,0.2,2,21.35,22,1,1,6.6,52,0.04,36,82,66.1,13.1,52,2020,PM2.5,1,unhealthy
7/10/2020,Bronx,0.2,2,8.15,8,0.25,0,1.2,31,0.02,19,75.6,87.2,19.1,31,2020,PM2.5,0,healthy
7/11/2020,Bronx,0.3,3,21.85,22,0.4,0,5.62,46,0.04,34,78.9,79.4,14.8,46,2020,PM2.5,0,healthy
7/12/2020,Bronx,0.3,3,11.1,10,0.5,0,4.03,42,0.04,38,81.5,55,12.9,42,2020,PM2.5,0,healthy
7/13/2020,Bronx,0.2,2,13.45,13,0.35,0,3.58,39,0.05,43,81.1,54.5,11.5,43,2020,O3,0,healthy
7/14/2020,Bronx,0.2,2,10.15,10,0.3,0,3.42,32,0.03,30,79.3,51.3,10.6,32,2020,PM2.5,0,healthy
7/15/2020,Bronx,0.2,2,12.2,14,0.4,0,3.9,39,0.04,40,75.6,67,12.1,40,2020,O3,0,healthy
7/16/2020,Bronx,0.1,1,8.4,10,0.4,0,2,29,0.03,28,73.9,61.4,11.6,29,2020,PM2.5,0,healthy
7/17/2020,Bronx,0.2,2,16.45,15,0.45,0,6.94,50,0.04,44,76.4,72.9,9.9,50,2020,PM2.5,0,healthy
7/18/2020,Bronx,0.3,3,24.05,23,0.5,0,8.75,54,0.06,77,82.3,59.2,8.4,77,2020,O3,1,unhealthy
7/19/2020,Bronx,0.4,5,18.35,18,1,1,12.08,62,0.07,100,86.1,56.3,15.7,100,2020,O3,1,unhealthy
7/20/2020,Bronx,0.3,3,16.55,17,0.7,0,8.14,55,0.06,58,88.2,54.6,12.7,58,2020,O3,1,unhealthy
7/21/2020,Bronx,0.2,2,16.4,20,0.65,0,4.55,26,0.06,74,85.1,48.5,11.4,74,2020,O3,1,unhealthy
7/22/2020,Bronx,0.3,3,27.2,31,0.7,0,8.25,51,0.07,97,82.3,70.4,10.6,97,2020,O3,1,unhealthy
7/23/2020,Bronx,0.3,3,21.55,20,0.55,0,8.67,49,0.05,54,81.1,71.3,11.9,54,2020,O3,1,unhealthy
7/24/2020,Bronx,0.3,3,24.35,24,0.45,0,5.92,41,0.04,35,77.7,76.1,10,41,2020,PM2.5,0,healthy
7/25/2020,Bronx,0.4,5,24.55,28,0.75,0,8.65,55,0.06,87,81.9,65.8,12.2,87,2020,O3,1,unhealthy
7/26/2020,Bronx,0.3,3,16,17,0.8,0,7.36,52,0.05,51,86.2,53.3,15.5,52,2020,PM2.5,1,unhealthy
7/27/2020,Bronx,0.2,2,19,19,0.8,1,10.4,57,0.06,80,88.1,44.4,15.6,80,2020,O3,1,unhealthy
7/28/2020,Bronx,0.2,2,16.65,17,1.25,1,8.55,54,0.05,47,87.1,53.9,13.7,54,2020,PM2.5,1,unhealthy
7/29/2020,Bronx,0.3,3,26,28,0.95,1,9.28,55,0.05,64,83.4,58.9,11.7,64,2020,O3,1,unhealthy
7/30/2020,Bronx,0.3,3,26.55,25,2.6,4,9.05,54,0.07,97,85.4,47.4,11.9,97,2020,O3,1,unhealthy
7/31/2020,Bronx,0.3,3,31.7,31,0.65,0,7.55,51,0.05,44,76.6,74,9.5,51,2020,PM2.5,1,unhealthy
8/1/2020,Bronx,0.7,8,46.05,47,0.65,0,8.64,54,0.05,58,80.2,61.4,12,58,2020,O3,1,unhealthy
8/2/2020,Bronx,0.2,2,13.1,12,0.45,0,9.45,55,0.03,33,82.8,71.7,16.7,55,2020,PM2.5,1,unhealthy
8/3/2020,Bronx,0.2,2,20.65,26,0.5,0,6.18,44,0.05,49,83.8,54.5,13.2,49,2020,O3,0,healthy
8/4/2020,Bronx,0.2,2,19.1,19,0.35,0,8.1,51,0.03,27,76.9,77.5,37.6,51,2020,PM2.5,1,unhealthy
8/5/2020,Bronx,0.3,3,21.15,21,0.5,0,7.28,47,0.06,54,81.2,56.6,12.7,54,2020,O3,1,unhealthy
8/6/2020,Bronx,0.6,7,31.4,32,0.9,1,10.02,55,0.06,80,76.6,58.4,10.5,80,2020,O3,1,unhealthy
8/7/2020,Bronx,0.6,7,31.55,33,0.9,0,10.33,56,0.06,54,74.3,71.8,11.2,56,2020,PM2.5,1,unhealthy
8/8/2020,Bronx,0.5,6,14.75,14,0.3,0,5.92,45,0.05,44,75.8,75.7,10.1,45,2020,PM2.5,0,healthy
8/9/2020,Bronx,0.3,3,20.55,20,0.45,0,8.9,54,0.06,64,79.7,70.3,17.4,64,2020,O3,1,unhealthy
8/10/2020,Bronx,0.3,3,24.5,25,0.8,0,13.55,63,0.07,100,84.1,64.2,14.7,100,2020,O3,1,unhealthy
8/11/2020,Bronx,0.3,3,23.8,23,0.6,0,12,59,0.05,44,82.9,70.4,13.2,59,2020,PM2.5,1,unhealthy
8/12/2020,Bronx,0.6,7,43,42,0.7,0,14.12,65,0.06,71,82.2,74.2,15.7,71,2020,O3,1,unhealthy
8/13/2020,Bronx,0.6,7,34.05,33,1.05,1,8.8,54,0.04,37,77.4,77.1,8,54,2020,PM2.5,1,unhealthy
8/14/2020,Bronx,0.4,5,13.95,14,0.75,0,8.88,56,0.05,44,79.3,65.8,12.3,56,2020,PM2.5,1,unhealthy
8/15/2020,Bronx,0.3,3,10.5,9,0.35,0,8.12,56,0.04,33,76.9,57,14.1,56,2020,PM2.5,1,unhealthy
8/16/2020,Bronx,0.2,2,5.5,6,0.2,0,5.82,47,0.02,19,70.1,78.3,16.1,47,2020,PM2.5,0,healthy
8/17/2020,Bronx,0.2,2,30.75,31,0.5,0,6.55,51,0.04,42,72.4,69.9,16.7,51,2020,PM2.5,1,unhealthy
8/18/2020,Bronx,0.3,3,31.7,30,1.25,1,4.6,37,0.04,39,74.9,62.5,15.6,39,2020,O3,0,healthy
8/19/2020,Bronx,0.4,5,34.9,42,0.6,0,7.05,49,0.03,26,72,70.9,8.3,49,2020,PM2.5,0,healthy
8/20/2020,Bronx,0.4,5,22.4,22,0.65,0,3.62,29,0.05,43,73,52.7,8.9,43,2020,O3,0,healthy
8/21/2020,Bronx,0.3,3,21.2,20,0.85,0,7.5,52,0.06,58,77.4,60.6,14.5,58,2020,O3,1,unhealthy
8/22/2020,Bronx,0.3,3,15.9,16,0.75,0,9.57,57,0.05,47,81.4,62.2,10.9,57,2020,PM2.5,1,unhealthy
8/23/2020,Bronx,0.3,3,20.25,19,0.85,1,7.98,53,0.04,41,80.3,67.6,11.2,53,2020,PM2.5,1,unhealthy
8/24/2020,Bronx,0.3,3,20.6,20,0.7,0,6.1,44,0.06,58,83.6,60.8,11.9,58,2020,O3,1,unhealthy
8/25/2020,Bronx,0.2,2,17.95,18,0.9,0,8.35,53,0.05,49,82.1,57.2,15.6,53,2020,PM2.5,1,unhealthy
8/26/2020,Bronx,0.2,2,11.35,10,0.15,0,1.78,21,0.03,28,73.6,47.5,17.9,28,2020,O3,0,healthy
8/27/2020,Bronx,0.3,3,27.35,26,0.75,0,8.72,53,0.05,49,79.3,58.6,19.3,53,2020,PM2.5,1,unhealthy
8/28/2020,Bronx,0.3,3,22.95,25,0.5,0,9.02,54,0.04,42,78.6,65.2,12,54,2020,PM2.5,1,unhealthy
8/29/2020,Bronx,0.3,3,18.95,18,0.35,0,5.08,38,0.03,27,77.1,78.8,11.2,38,2020,PM2.5,0,healthy
8/30/2020,Bronx,0.2,2,11.95,11,0.25,0,2.1,21,0.03,26,74.5,50.1,23.5,26,2020,O3,0,healthy
8/31/2020,Bronx,0.2,2,14.65,15,0.65,0,3,22,0.03,28,70.7,58.7,8.7,28,2020,O3,0,healthy
9/1/2020,Bronx,0.2,2,21.1,23,0.8,0,3.72,27,0.03,27,72.6,73.7,10.9,27,2020,PM2.5,0,healthy
9/2/2020,Bronx,0.2,2,22.45,21,0.3,0,6.05,46,0.03,25,74.7,83.6,10.9,46,2020,PM2.5,0,healthy
9/3/2020,Bronx,0.3,3,20.7,21,0.3,0,6.22,41,0.05,48,78.6,65,12.9,48,2020,O3,0,healthy
9/4/2020,Bronx,0.3,3,18.9,18,0.6,0,5.78,42,0.04,39,77.8,62,12.8,42,2020,PM2.5,0,healthy
9/5/2020,Bronx,0.3,3,15,14,0.4,0,3.58,27,0.04,36,73.3,45,9.5,36,2020,O3,0,healthy
9/6/2020,Bronx,0.2,2,15.25,15,0.8,0,6.72,42,0.06,61,74.5,53.8,15.7,61,2020,O3,1,unhealthy
9/7/2020,Bronx,0.3,3,18.55,17,0.35,0,3.65,26,0.04,35,73.7,63.9,13.7,35,2020,O3,0,healthy
9/8/2020,Bronx,0.3,3,23.6,27,0.25,0,5.45,35,0.04,38,75.2,68.5,10.4,38,2020,O3,0,healthy
9/9/2020,Bronx,0.2,2,24.5,27,0.5,0,6.82,47,0.04,35,75.3,75.2,7.6,47,2020,PM2.5,0,healthy
9/10/2020,Bronx,0.3,3,23.7,24,0.4,0,3.08,27,0.02,19,77.4,83.5,8.9,27,2020,PM2.5,0,healthy
9/11/2020,Bronx,0.3,3,22.7,24,0.35,0,4.25,36,0.03,26,73.5,67.8,13.1,36,2020,PM2.5,0,healthy
9/12/2020,Bronx,0.2,2,9.65,9,0.9,1,3.67,28,0.03,27,66.9,63.1,12.9,28,2020,PM2.5,0,healthy
9/13/2020,Bronx,0.2,2,12,11,0.9,1,5.25,40,0.03,28,70,71.8,12.7,40,2020,PM2.5,0,healthy
9/14/2020,Bronx,0.2,2,13.6,13,0.15,0,3.8,29,0.03,27,72.1,56.3,16,29,2020,PM2.5,0,healthy
9/15/2020,Bronx,0.2,2,19.4,19,0.4,0,2.55,21,0.03,26,60.5,52.1,11.3,26,2020,O3,0,healthy
9/16/2020,Bronx,0.2,2,31.4,29,0.6,0,4.6,34,0.03,28,65.2,61.5,11.7,34,2020,PM2.5,0,healthy
9/17/2020,Bronx,0.3,3,27.5,25,0.6,0,6.75,39,0.03,26,70.3,70.1,9.4,39,2020,PM2.5,0,healthy
9/18/2020,Bronx,0.3,3,8.1,8,0.45,0,5.5,39,0.03,26,66.5,59.5,15.5,39,2020,PM2.5,0,healthy
9/19/2020,Bronx,0.2,2,12.45,12,0.45,0,2.48,21,0.03,28,57.5,36.2,16.7,28,2020,O3,0,healthy
9/20/2020,Bronx,0.2,2,14.85,14,0.45,0,2.58,20,0.03,27,57.3,37.9,15.6,27,2020,O3,0,healthy
9/21/2020,Bronx,0.3,3,23.25,23,0.85,0,2.97,23,0.03,27,58.1,42.6,12.3,27,2020,O3,0,healthy
9/22/2020,Bronx,0.3,3,17.65,20,0.7,0,3.05,26,0.03,31,62,41.5,14.1,31,2020,O3,0,healthy
9/23/2020,Bronx,0.2,2,31,29,0.8,0,9.57,54,0.05,43,69.8,45.7,16.9,54,2020,PM2.5,1,unhealthy
9/24/2020,Bronx,0.5,6,44.25,43,0.85,0,14.47,63,0.03,31,70.4,53.5,9.4,63,2020,PM2.5,1,unhealthy
9/25/2020,Bronx,0.8,9,42.7,43,1.1,1,20.92,79,0.04,44,69.6,68.8,9.4,79,2020,PM2.5,1,unhealthy
9/26/2020,Bronx,0.5,6,27.4,25,0.85,1,10.32,60,0.04,37,70.1,75,10.8,60,2020,PM2.5,1,unhealthy
9/27/2020,Bronx,0.2,2,13.85,18,0.5,0,5.85,46,0.04,34,72.7,79,9,46,2020,PM2.5,0,healthy
9/28/2020,Bronx,0.2,2,16.45,16,0.25,0,5.48,41,0.03,30,72.8,80,14.9,41,2020,PM2.5,0,healthy
9/29/2020,Bronx,0.2,2,18.85,20,0.2,0,6.5,47,0.02,22,71.2,85.7,17.5,47,2020,PM2.5,0,healthy
9/30/2020,Bronx,0.3,3,14.45,14,0.25,0,3.23,26,0.03,30,66.9,65.7,22.9,30,2020,O3,0,healthy
10/1/2020,Bronx,0.3,3,20.7,20,0.35,0,5.18,38,0.03,29,66.1,55.9,11.7,38,2020,PM2.5,0,healthy
10/2/2020,Bronx,0.3,3,20.9,20,0.25,0,4.28,28,0.03,28,61.3,59,10.2,28,2020,PM2.5,0,healthy
10/3/2020,Bronx,0.3,3,19.65,20,0.5,0,3.82,27,0.03,28,59.8,52.4,9.9,28,2020,O3,0,healthy
10/4/2020,Bronx,,,19.1,19,0.3,0,3.6,28,0.03,31,59.4,60,11,31,2020,O3,0,healthy
10/5/2020,Bronx,,,23.75,22,1.15,3,4.95,33,0.04,32,61.5,64.7,7.9,33,2020,PM2.5,0,healthy
10/6/2020,Bronx,,,39.05,41,0.55,0,7.67,51,0.04,38,63.4,61.8,11.6,51,2020,PM2.5,1,unhealthy
10/7/2020,Bronx,,,23.75,23,0.55,0,7.72,51,0.04,38,66.5,57.8,17.5,51,2020,PM2.5,1,unhealthy
10/8/2020,Bronx,,,13.85,13,0.35,0,2.8,19,0.03,25,59.7,47.8,17.7,25,2020,O3,0,healthy
10/9/2020,Bronx,,,23.45,23,1.65,3,5.07,31,0.03,30,60.8,48.4,12,31,2020,PM2.5,0,healthy
10/10/2020,Bronx,,,20.15,21,0.55,0,7.62,48,0.03,25,65.6,64.8,13.6,48,2020,PM2.5,0,healthy
10/11/2020,Bronx,,,10.9,11,0.6,0,8.25,53,0.03,26,65,65.7,14.6,53,2020,PM2.5,1,unhealthy
10/12/2020,Bronx,,,10.2,11,0.1,0,2.65,24,0.03,25,53.8,85.4,18.7,25,2020,O3,0,healthy
10/13/2020,Bronx,,,11.3,11,0.3,0,1.62,16,0.02,19,56.8,89.1,17.3,19,2020,O3,0,healthy
10/14/2020,Bronx,0.4,5,40.05,40,0.9,1,6,37,0.03,29,60.5,56.6,11.3,40,2020,NO2,0,healthy
10/15/2020,Bronx,0.5,6,41.2,40,0.95,1,7.83,49,0.04,43,64,67.1,18,49,2020,PM2.5,0,healthy
10/16/2020,Bronx,0.2,2,23.15,27,0.35,0,3.5,27,0.03,25,58,83.6,14.3,27,2020,NO2,0,healthy
10/17/2020,Bronx,0.7,8,36.3,36,1.1,1,5.2,33,0.03,28,53,54.6,14.4,36,2020,NO2,0,healthy
10/18/2020,Bronx,1.1,13,31.05,34,1.5,1,8.47,52,0.03,30,55.4,62.3,13.5,52,2020,PM2.5,1,unhealthy
10/19/2020,Bronx,0.5,6,28.85,30,1.7,3,6.93,44,0.03,30,59,73.4,11.4,44,2020,PM2.5,0,healthy
10/20/2020,Bronx,0.4,5,35.6,35,0.4,0,7.45,49,0.02,19,63.8,84.9,8.5,49,2020,PM2.5,0,healthy
10/21/2020,Bronx,0.4,5,24.7,23,0.3,0,5.83,44,0.02,21,64.6,89.5,9,44,2020,PM2.5,0,healthy
10/22/2020,Bronx,0.6,7,36.85,34,0.45,0,13.32,64,0.01,13,66.4,87.4,5.7,64,2020,PM2.5,1,unhealthy
10/23/2020,Bronx,0.5,6,27.35,27,0.5,0,6.28,51,0.03,28,65.4,85.7,8,51,2020,PM2.5,1,unhealthy
10/24/2020,Bronx,0.2,2,16.65,17,0.25,0,4.35,35,0.02,16,63.3,71.5,15.9,35,2020,PM2.5,0,healthy
10/25/2020,Bronx,0.2,2,14.75,16,0.35,0,3.45,25,0.02,21,49.6,58.7,13.9,25,2020,PM2.5,0,healthy
10/26/2020,Bronx,0.3,3,24.5,24,0.8,1,5.95,43,0.02,18,54.9,88.7,12.6,43,2020,PM2.5,0,healthy
10/27/2020,Bronx,0.4,5,23.75,24,0.8,0,4.33,36,0.02,15,56.8,75.3,9.8,36,2020,PM2.5,0,healthy
10/28/2020,Bronx,0.5,6,22.35,22,0.8,1,5.8,38,0.01,6,55.2,79.6,6.8,38,2020,PM2.5,0,healthy
10/29/2020,Bronx,0.4,5,19.75,20,0.45,0,2.88,22,0.02,23,52.1,83,19.7,23,2020,O3,0,healthy
10/30/2020,Bronx,0.3,3,19.35,22,0.65,0,3.65,26,0.02,17,41.7,83.5,18,26,2020,PM2.5,0,healthy
10/31/2020,Bronx,0.3,3,22.35,23,1.3,1,6.4,46,0.03,24,40.6,63.3,9.8,46,2020,PM2.5,0,healthy
11/1/2020,Bronx,0.2,2,17.65,18,0.6,0,3.75,32,0.03,26,50.3,66.9,21.3,32,2020,PM2.5,0,healthy
11/2/2020,Bronx,0.2,2,16.75,17,0.6,0,2.68,24,0.03,28,42.5,44.4,26.9,28,2020,O3,0,healthy
11/3/2020,Bronx,0.3,3,22.2,21,1.4,1,6.5,40,0.02,23,47.7,44.9,19.6,40,2020,PM2.5,0,healthy
11/4/2020,Bronx,0.4,5,33.05,34,6.05,14,8.62,54,0.03,27,52,55,10.5,54,2020,PM2.5,1,unhealthy
11/5/2020,Bronx,0.6,7,47.5,49,1.25,1,8.93,54,0.03,26,58.3,71.1,11.3,54,2020,PM2.5,1,unhealthy
11/6/2020,Bronx,0.6,7,47.1,44,1.1,1,10.45,57,0.02,21,61.9,60.8,12.5,57,2020,PM2.5,1,unhealthy
11/7/2020,Bronx,0.5,6,37.65,37,1.95,3,15.88,67,0.04,37,64.6,47,7.4,67,2020,PM2.5,1,unhealthy
11/8/2020,Bronx,1.2,14,68.05,74,2.5,4,22.82,85,0.03,35,63.6,49.3,5.8,85,2020,PM2.5,1,unhealthy
11/9/2020,Bronx,1.5,17,63.55,73,3.05,4,26.38,90,0.02,24,62.4,61.1,7.9,90,2020,PM2.5,1,unhealthy
11/10/2020,Bronx,0.7,8,38.1,37,0.95,1,10.55,59,0.02,21,65.5,71.9,12,59,2020,PM2.5,1,unhealthy
11/11/2020,Bronx,0.4,5,30.35,28,0.7,0,5.4,39,0.01,7,66,87.1,9.8,39,2020,PM2.5,0,healthy
11/12/2020,Bronx,0.3,3,23.4,22,0.7,1,3.82,29,0.02,19,56.9,80.7,15.8,29,2020,PM2.5,0,healthy
11/13/2020,Bronx,0.4,5,23.95,23,0.8,0,4.3,30,0.01,11,48.9,82.8,11.1,30,2020,PM2.5,0,healthy
11/14/2020,Bronx,0.4,5,25.15,25,1.05,1,6.25,45,0.03,28,48.6,50.5,15.4,45,2020,PM2.5,0,healthy
11/15/2020,Bronx,0.4,5,30.45,29,2,3,6.52,47,0.04,37,51.5,63.2,26.9,47,2020,PM2.5,0,healthy
11/16/2020,Bronx,0.4,5,32.7,31,0.95,1,4.5,27,0.03,28,51.2,38.8,21.2,31,2020,NO2,0,healthy
11/17/2020,Bronx,0.4,5,32.4,32,1.8,1,4.48,30,0.03,30,44.9,46.7,21.7,32,2020,NO2,0,healthy
11/18/2020,Bronx,0.2,2,13.35,14,0.9,1,3.47,23,0.03,28,34.7,45.5,24.9,28,2020,O3,0,healthy
11/19/2020,Bronx,0.3,3,33.45,35,2.7,4,5.88,38,0.02,21,40.2,45.8,12.8,38,2020,PM2.5,0,healthy
11/20/2020,Bronx,0.4,5,42.85,42,1.45,1,9.77,55,0.02,15,53.4,46.5,13.6,55,2020,PM2.5,1,unhealthy
11/21/2020,Bronx,0.4,5,34.85,35,1.75,3,11.18,57,0.03,28,57,44.9,11,57,2020,PM2.5,1,unhealthy
11/22/2020,Bronx,0.2,2,13.4,16,0.45,0,6.02,42,0.03,26,49.7,65.8,13.9,42,2020,PM2.5,0,healthy
11/23/2020,Bronx,0.2,2,24.5,23,0.65,0,5.32,35,0.03,26,52.2,66.6,22.9,35,2020,PM2.5,0,healthy
11/24/2020,Bronx,0.4,5,30,28,1.05,1,5.75,34,0.02,25,45.4,48.3,14.8,34,2020,PM2.5,0,healthy
11/25/2020,Bronx,0.4,5,40.5,38,1.85,3,7.55,47,0.02,20,50.2,55.4,11.3,47,2020,PM2.5,0,healthy
11/26/2020,Bronx,0.5,6,35.7,34,0.75,1,7.13,48,0.03,24,59.4,74.2,11.8,48,2020,PM2.5,0,healthy
11/27/2020,Bronx,0.4,5,29.75,28,1.5,3,6.1,37,0.02,21,56.5,60.6,9.6,37,2020,PM2.5,0,healthy
11/28/2020,Bronx,0.3,3,25.05,25,1.35,3,6.12,37,0.02,22,50.9,54.4,13,37,2020,PM2.5,0,healthy
11/29/2020,Bronx,0.4,5,38.1,36,1.7,3,8.02,53,0.02,19,48.3,43.4,8.2,53,2020,PM2.5,1,unhealthy
11/30/2020,Bronx,0.4,5,37.5,35,,,8.9,54,,,57.4,77.4,26.1,54,2020,PM2.5,1,unhealthy
12/1/2020,Bronx,0.3,3,25.9,25,0.55,0,5.42,35,0.02,17,50.4,65.9,22.4,35,2020,PM2.5,0,healthy
12/2/2020,Bronx,0.2,2,20.1,19,0.95,1,4.5,29,0.02,18,40.6,54.8,19.3,29,2020,PM2.5,0,healthy
12/3/2020,Bronx,0.4,5,34.75,32,1.9,3,7.93,51,0.01,14,43.3,45.1,13.5,51,2020,PM2.5,1,unhealthy
12/4/2020,Bronx,0.4,5,32.95,31,1.9,3,7.88,50,0.01,7,48.2,59.4,12.9,50,2020,PM2.5,0,healthy
12/5/2020,Bronx,0.4,5,32.95,33,0.6,0,5.48,38,0.02,21,44.3,73,21.3,38,2020,PM2.5,0,healthy
12/6/2020,Bronx,0.2,2,12.9,14,0.6,0,3.1,24,0.03,27,38.3,50.6,22,27,2020,O3,0,healthy
12/7/2020,Bronx,0.3,3,29.75,30,1.1,1,4.72,31,0.02,25,35.9,52.4,14.2,31,2020,PM2.5,0,healthy
12/8/2020,Bronx,0.2,2,16.4,17,1.2,1,3.78,26,0.02,21,33.7,57.1,15.3,26,2020,PM2.5,0,healthy
12/9/2020,Bronx,0.3,3,33.45,31,2.15,3,10.65,54,0.01,10,35.5,63,13,54,2020,PM2.5,1,unhealthy
12/10/2020,Bronx,0.4,5,35.05,34,1.55,1,9.22,54,0.02,22,43.5,59.7,15.3,54,2020,PM2.5,1,unhealthy
12/11/2020,Bronx,1.1,13,47.35,45,4.05,6,16.37,69,0.02,17,46.9,63.8,11.5,69,2020,PM2.5,1,unhealthy
12/12/2020,Bronx,1.1,13,40.8,40,1.45,1,17.5,71,0.02,15,49.6,84,6.9,71,2020,PM2.5,1,unhealthy
12/13/2020,Bronx,0.5,6,28.2,28,0.8,0,12.45,61,0.02,23,53.8,64.7,18.9,61,2020,PM2.5,1,unhealthy
12/14/2020,Bronx,0.3,3,23.5,24,1.25,1,5.22,35,0.02,21,41,68.7,17.1,35,2020,PM2.5,0,healthy
12/15/2020,Bronx,0.2,2,18.4,18,1.2,1,4.6,31,0.02,22,36,45.4,16.6,31,2020,PM2.5,0,healthy
12/16/2020,Bronx,0.2,2,21.4,24,0.8,0,4.6,30,0.02,25,29.2,58.1,26.4,30,2020,PM2.5,0,healthy
12/17/2020,Bronx,0.2,2,20.2,22,1.85,3,4.4,35,0.02,24,29.1,75.9,24.4,35,2020,PM2.5,0,healthy
12/18/2020,Bronx,0.3,3,29.55,30,1.95,3,7.2,47,0.02,20,28.7,57.8,12.7,47,2020,PM2.5,0,healthy
12/19/2020,Bronx,0.7,8,46.2,47,2.35,3,12.4,61,0.01,16,28,57.6,10.4,61,2020,PM2.5,1,unhealthy
12/20/2020,Bronx,0.8,9,42.7,42,2.5,3,15.62,69,0,5,35.3,67.9,6.8,69,2020,PM2.5,1,unhealthy
12/21/2020,Bronx,0.7,8,38.6,38,2.15,3,19.48,80,0.01,6,41,72.5,9.6,80,2020,PM2.5,1,unhealthy
12/22/2020,Bronx,0.6,7,31.4,31,1.45,1,15.45,70,0.03,27,42.4,61.5,18.3,70,2020,PM2.5,1,unhealthy
12/23/2020,Bronx,0.3,3,33.15,31,1.45,1,6.45,42,0.02,16,40.9,50.4,14,42,2020,PM2.5,0,healthy
12/24/2020,Bronx,0.4,5,39.55,38,1.25,1,9.52,55,0.04,33,53.5,75.3,21,55,2020,PM2.5,1,unhealthy
12/25/2020,Bronx,0.2,2,10.35,9,0.6,0,8.9,53,0.04,33,50.4,77.7,28.1,53,2020,PM2.5,1,unhealthy
12/26/2020,Bronx,0.3,3,13.2,12,1,1,8.03,50,0.02,19,28.9,49.1,18.5,50,2020,PM2.5,0,healthy
12/27/2020,Bronx,0.4,5,37.55,35,1.8,3,10.48,56,0.02,19,31.9,51.7,9.8,56,2020,PM2.5,1,unhealthy
12/28/2020,Bronx,0.5,6,42.4,40,1.6,1,10.65,56,0.02,23,44.3,58.3,13.5,56,2020,PM2.5,1,unhealthy
12/29/2020,Bronx,0.4,5,15.85,17,1.05,1,4.32,36,0.03,30,37.9,42.3,20.4,36,2020,PM2.5,0,healthy
12/30/2020,Bronx,0.4,5,40.1,40,2.05,3,5.88,38,0.02,20,35.8,48.4,14.5,40,2020,NO2,0,healthy
12/31/2020,Bronx,0.4,5,30.65,29,1.25,1,9.2,53,,,43.9,65.8,15.6,53,2020,PM2.5,1,unhealthy
1/1/2020,Erie,0.25,3,9.5,12,0.7,1,5.46,45,0.03,31,31.3,69.3,15.9,45,2020,PM2.5,0,healthy
1/2/2020,Erie,0.25,3,15.2,16,0.85,1,8.53,52,0.03,31,42.3,54.8,22.7,52,2020,PM2.5,1,unhealthy
1/3/2020,Erie,0.4,5,18.8,19,1.2,3,10.23,55,0.03,26,45.4,84.4,12.5,55,2020,PM2.5,1,unhealthy
1/4/2020,Erie,0.35,5,13.05,13,0.2,0,4.46,37,0.03,28,36.6,84.3,15.9,37,2020,PM2.5,0,healthy
1/5/2020,Erie,0.25,3,9.6,10,0.6,0,5.6,33,0.03,31,33.1,67.4,19.3,33,2020,PM2.5,0,healthy
1/6/2020,Erie,0.25,3,7.65,8,0.6,0,7.8,45,0.03,31,38.1,59.3,22.8,45,2020,PM2.5,0,healthy
1/7/2020,Erie,0.4,6,36.2,34,1.1,1,7.08,47,0.03,28,35.1,63.1,11.4,47,2020,PM2.5,0,healthy
1/8/2020,Erie,0.35,5,9.3,8,0.9,0,8.35,47,0.03,31,28.2,63,18.2,47,2020,PM2.5,0,healthy
1/9/2020,Erie,0.2,2,27.25,26,0.4,0,7.6,48,0.03,29,29.1,50.9,28,48,2020,PM2.5,0,healthy
1/10/2020,Erie,0.25,3,17.45,17,0.75,1,6.32,52,0.03,28,48.3,73.9,22.5,52,2020,PM2.5,1,unhealthy
1/11/2020,Erie,0.25,3,16,19,0,0,5.4,31,0.03,30,59.3,71.3,28.3,31,2020,PM2.5,0,healthy
1/12/2020,Erie,0.2,2,18.2,17,0.55,1,7.35,43,0.03,29,37.5,76.3,30,43,2020,PM2.5,0,healthy
1/13/2020,Erie,0.35,5,23.95,24,0.95,1,8.24,47,0.02,16,39.1,75.2,16.9,47,2020,PM2.5,0,healthy
1/14/2020,Erie,0.3,3,17.1,19,1.25,3,8.77,50,0.02,21,39.6,74.4,19.3,50,2020,PM2.5,0,healthy
1/15/2020,Erie,0.25,3,15.85,15,0.6,0,8.23,49,0.03,27,39.1,74.8,12.5,49,2020,PM2.5,0,healthy
1/16/2020,Erie,0.2,2,15.7,16,0.45,0,6.74,51,0.04,32,34.4,71.4,19.7,51,2020,PM2.5,1,unhealthy
1/17/2020,Erie,0.2,2,14.6,15,0.25,0,7.3,44,0.04,33,22.7,60.7,18.1,44,2020,PM2.5,0,healthy
1/18/2020,Erie,0.2,2,9.25,8,1.05,1,4.3,25,0.03,27,32.4,72.6,28.6,27,2020,O3,0,healthy
1/19/2020,Erie,0.2,2,14.5,14,0.35,0,6.12,46,0.04,35,25.4,78.4,22,46,2020,PM2.5,0,healthy
1/20/2020,Erie,0.35,5,38.7,36,0.55,0,6.5,39,0.04,33,22.6,62.8,10.1,39,2020,PM2.5,0,healthy
1/21/2020,Erie,0.25,3,17.5,16,1.15,1,6.15,34,0.04,36,25.3,63.1,11.3,36,2020,O3,0,healthy
1/22/2020,Erie,0.25,3,32.95,33,0.8,0,10.58,57,0.04,32,25.3,57.8,14.7,57,2020,PM2.5,1,unhealthy
1/23/2020,Erie,0.55,7,40.05,41,1.95,3,13,62,0.03,26,35.4,42.3,14.4,62,2020,PM2.5,1,unhealthy
1/24/2020,Erie,0.35,5,32.65,34,1,1,10.23,55,0.03,31,42.3,56,20.4,55,2020,PM2.5,1,unhealthy
1/25/2020,Erie,0.25,3,15.3,17,0.5,1,4.94,34,0.03,26,39.6,84.5,19.5,34,2020,PM2.5,0,healthy
1/26/2020,Erie,0.25,3,4.9,5,0.3,0,5.83,34,0.02,22,34.2,85.6,14.9,34,2020,PM2.5,0,healthy
1/27/2020,Erie,0.25,3,13.75,14,0.3,0,6.77,39,0.03,27,34.4,83.7,15.9,39,2020,PM2.5,0,healthy
1/28/2020,Erie,0.25,3,15.15,17,0.8,1,3.78,36,0.04,33,34,76.8,11.2,36,2020,PM2.5,0,healthy
1/29/2020,Erie,0.2,2,23.45,25,0.3,0,7.33,42,0.04,34,30.1,67.6,9,42,2020,PM2.5,0,healthy
1/30/2020,Erie,0.2,2,23.9,27,0.15,0,9.1,54,0.03,29,27.9,71.8,8.9,54,2020,PM2.5,1,unhealthy
1/31/2020,Erie,0.3,3,27.1,29,0.55,0,12.54,61,0.02,21,31.7,72.1,5.8,61,2020,PM2.5,1,unhealthy
2/1/2020,Erie,0.25,3,23.3,24,0.7,1,9.33,52,0.03,29,31.7,75.3,10.2,52,2020,PM2.5,1,unhealthy
2/2/2020,Erie,0.25,3,13.5,13,0.55,1,8.13,47,0.02,23,37.3,79.3,17,47,2020,PM2.5,0,healthy
2/3/2020,Erie,0.3,3,20.7,19,1.4,3,7.18,44,0.03,31,42.3,69.7,14.8,44,2020,PM2.5,0,healthy
2/4/2020,Erie,0.3,3,23.1,26,0.45,0,6.83,42,0.03,31,37.3,74.5,14.7,42,2020,PM2.5,0,healthy
2/5/2020,Erie,0.2,2,9.9,8,0.95,1,3.93,28,0.03,31,29.3,63.4,16.9,31,2020,O3,0,healthy
2/6/2020,Erie,0.2,2,13.2,13,0.05,0,3.8,26,0.03,31,30.8,89.4,17.9,31,2020,O3,0,healthy
2/7/2020,Erie,0.2,2,15.5,14,0.65,0,6.07,34,0.03,31,28,79.1,16,34,2020,PM2.5,0,healthy
2/8/2020,Erie,0.2,2,20.3,19,0.9,1,7.3,43,0.04,33,27.6,82.6,10,43,2020,PM2.5,0,healthy
2/9/2020,Erie,0.3,3,31.4,32,0.35,0,9.37,54,0.03,31,33.1,77.5,22.5,54,2020,PM2.5,1,unhealthy
2/10/2020,Erie,0.55,7,36.5,34,0.75,1,8.33,51,0.03,28,36.6,84.4,21.4,51,2020,PM2.5,1,unhealthy
2/11/2020,Erie,0.65,8,37.4,39,1.3,1,9.67,54,0.04,33,33.8,76.1,14.8,54,2020,PM2.5,1,unhealthy
2/12/2020,Erie,0.25,3,38.85,38,1.35,3,8.76,54,0.04,34,33.2,65,13.7,54,2020,PM2.5,1,unhealthy
2/13/2020,Erie,0.25,3,19.65,19,0.25,0,7.43,44,0.03,30,30.4,84.3,14.8,44,2020,PM2.5,0,healthy
2/14/2020,Erie,0.3,3,31.8,30,0.45,0,7.7,49,0.04,33,15.7,68.1,13.7,49,2020,PM2.5,0,healthy
2/15/2020,Erie,0.3,3,28.45,27,1.8,1,5.43,34,0.04,33,21.1,55.8,22.7,34,2020,PM2.5,0,healthy
2/16/2020,Erie,0.2,2,13.6,16,1.05,1,8.27,47,0.03,31,33.8,75.9,15.8,47,2020,PM2.5,0,healthy
2/17/2020,Erie,0.2,2,15.75,16,0.65,0,6.83,42,0.04,38,31.2,77.1,12.5,42,2020,PM2.5,0,healthy
2/18/2020,Erie,0.2,2,12.1,11,0.55,0,6.74,43,0.04,34,40.3,76.3,26.9,43,2020,PM2.5,0,healthy
2/19/2020,Erie,0.2,2,7.5,7,0.6,0,5.67,32,0.04,34,29.5,60.8,17,34,2020,O3,0,healthy
2/20/2020,Erie,0.2,2,17.25,19,1.75,3,5.87,34,0.04,35,24,58.5,11.2,35,2020,O3,0,healthy
2/21/2020,Erie,0.2,2,16.4,18,1.85,3,4.54,31,0.04,38,26.6,53.1,17,38,2020,O3,0,healthy
2/22/2020,Erie,0.2,2,8.85,8,1.45,3,6.2,39,0.04,34,34.5,42.8,20.5,39,2020,PM2.5,0,healthy
2/23/2020,Erie,0.2,2,37.45,41,1.4,1,8.03,48,0.04,40,43.3,32.1,21.6,48,2020,PM2.5,0,healthy
2/24/2020,Erie,0.3,3,38.35,37,0.95,1,12.48,59,0.04,36,43.3,53.1,12.5,59,2020,PM2.5,1,unhealthy
2/25/2020,Erie,0.3,3,33.8,31,1.2,3,9.73,54,0.04,36,38.1,85.8,20.3,54,2020,PM2.5,1,unhealthy
2/26/2020,Erie,0.3,3,20.5,19,0.5,0,4.87,33,0.03,30,35.6,89.8,14.6,33,2020,PM2.5,0,healthy
2/27/2020,Erie,0.3,3,8.45,9,0.2,0,2.68,21,0.04,35,25.6,66.9,25,35,2020,O3,0,healthy
2/28/2020,Erie,0.2,2,5.75,5,0.25,0,4,24,0.04,38,24.3,64.2,20.7,38,2020,O3,0,healthy
2/29/2020,Erie,0.2,2,13.9,15,1.4,1,6,35,0.04,34,24.9,67.7,19.3,35,2020,PM2.5,0,healthy
3/1/2020,Erie,0.45,7,47.1,44,0.75,0,6.06,37,0.04,39,32.9,51.4,22.5,44,2020,NO2,0,healthy
3/2/2020,Erie,0.25,3,14.2,13,0.7,0,9.93,53,0.04,38,48.3,67,23.5,53,2020,PM2.5,1,unhealthy
3/3/2020,Erie,0.35,5,34.8,32,0,0,7.63,45,0.03,28,46.8,81.7,19.3,45,2020,PM2.5,0,healthy
3/4/2020,Erie,0.25,3,10.2,9,0.4,0,5.75,35,0.03,31,37.4,75.2,17.9,35,2020,PM2.5,0,healthy
3/5/2020,Erie,0.25,3,24.9,25,0.7,1,4.73,29,0.04,36,33.6,72.8,11.2,36,2020,O3,0,healthy
3/6/2020,Erie,0.35,5,33.2,32,9.25,26,5.7,35,0.04,35,35.8,78.5,14.9,35,2020,PM2.5,0,healthy
3/7/2020,Erie,0.2,2,17.6,17,0.65,0,3.02,21,0.04,38,31.4,65.7,13.8,38,2020,O3,0,healthy
3/8/2020,Erie,0.2,2,24.4,27,1.05,1,5.5,32,0.04,41,48,36.6,19.4,41,2020,O3,0,healthy
3/9/2020,Erie,0.25,3,19.65,22,1.3,1,10.1,54,0.05,46,59.1,31.9,21.6,54,2020,PM2.5,1,unhealthy
3/10/2020,Erie,0.25,3,16.25,16,0.7,0,6.6,47,0.03,31,47.3,74.9,24.7,47,2020,PM2.5,0,healthy
3/11/2020,Erie,0.3,3,28.4,29,0.15,0,5.53,36,0.04,32,36.6,75.3,10.2,36,2020,PM2.5,0,healthy
3/12/2020,Erie,0.45,6,30.85,30,0.25,0,6.97,49,0.04,32,44.9,73.1,22.4,49,2020,PM2.5,0,healthy
3/13/2020,Erie,0.2,2,6.7,7,0.15,0,4.84,36,0.04,37,47.1,62.7,27.5,37,2020,O3,0,healthy
3/14/2020,Erie,0.2,2,12.15,12,0.25,0,4.6,31,0.03,30,35.2,66.9,8,31,2020,PM2.5,0,healthy
3/15/2020,Erie,0.2,2,18.35,25,0.2,0,3.53,24,0.04,41,35.8,61.1,21.5,41,2020,O3,0,healthy
3/16/2020,Erie,0.2,2,13.95,13,0.25,0,3.67,26,0.04,38,37.7,51.8,12.6,38,2020,O3,0,healthy
3/17/2020,Erie,0.2,2,11.05,11,0.25,0,7.2,43,0.03,29,40.2,78.7,15.8,43,2020,PM2.5,0,healthy
3/18/2020,Erie,0.25,3,27.9,34,0.35,0,5.77,38,0.03,31,40.9,70.3,12.6,38,2020,PM2.5,0,healthy
3/19/2020,Erie,0.3,3,18.7,21,0.4,0,7.06,48,0.03,24,44.3,86.4,19.3,48,2020,PM2.5,0,healthy
3/20/2020,Erie,0.25,3,6.5,7,1.05,3,5.43,32,0.04,32,55.2,76.7,28.7,32,2020,PM2.5,0,healthy
3/21/2020,Erie,0.2,2,24.8,31,0.25,0,4.7,28,0.04,35,29.4,64.4,14.7,35,2020,O3,0,healthy
3/22/2020,Erie,0.35,5,29.55,30,0.3,0,4.68,29,0.04,37,31.4,54.6,17.9,37,2020,O3,0,healthy
3/23/2020,Erie,0.25,3,20.15,25,0.35,0,3.7,23,0.03,29,40.4,83.9,17.8,29,2020,O3,0,healthy
3/24/2020,Erie,0.25,3,18.25,17,0.15,0,4.77,29,0.04,38,37.5,82.7,13.5,38,2020,O3,0,healthy
3/25/2020,Erie,0.25,3,22.95,23,1.5,3,5.58,39,0.04,38,43.7,74.5,10,39,2020,PM2.5,0,healthy
3/26/2020,Erie,0.25,3,17.3,16,0.85,1,6.43,39,0.05,43,51.2,67.9,21.5,43,2020,O3,0,healthy
3/27/2020,Erie,0.35,6,8.5,10,0.05,0,4.2,28,0.04,32,42.5,78.6,17.8,32,2020,O3,0,healthy
3/28/2020,Erie,0.35,6,8.75,12,0.05,0,2.98,18,0.03,31,48.6,83.9,17.9,31,2020,O3,0,healthy
3/29/2020,Erie,0.2,2,15.35,22,0.05,0,3.27,21,0.04,38,56.9,73.1,22.1,38,2020,O3,0,healthy
3/30/2020,Erie,0.25,5,6.55,7,0.6,1,2.9,17,0.03,31,45,75.4,21.7,31,2020,O3,0,healthy
3/31/2020,Erie,0.35,6,15.25,14,0.25,0,3.7,22,0.04,36,40.7,84.9,12.5,36,2020,O3,0,healthy
4/1/2020,Erie,0.3,5,15.6,16,0.5,0,4.13,26,0.05,44,41.3,68.9,15.7,44,2020,O3,0,healthy
4/2/2020,Erie,0.2,2,17.1,16,1.2,1,4.97,32,0.05,44,43.2,60,14.9,44,2020,O3,0,healthy
4/3/2020,Erie,0.2,2,17.2,18,0.85,1,4.08,27,0.03,31,43.4,61.5,12.7,31,2020,O3,0,healthy
4/4/2020,Erie,0.3,3,20.5,20,1.55,3,5.03,33,0.03,28,47.6,68.3,8.1,33,2020,PM2.5,0,healthy
4/5/2020,Erie,0.35,5,19.1,19,1,1,5.87,36,0.04,35,44.4,74.4,10.2,36,2020,PM2.5,0,healthy
4/6/2020,Erie,0.3,3,26.05,27,1.6,1,3.98,26,0.04,37,42.4,66.2,7.8,37,2020,O3,0,healthy
4/7/2020,Erie,0.4,6,31.2,34,1,1,4.95,36,0.05,47,52.5,52.8,11.1,47,2020,O3,0,healthy
4/8/2020,Erie,0.3,5,21.3,22,0.75,1,6.6,39,0.04,35,51.4,78.4,16.6,39,2020,PM2.5,0,healthy
4/9/2020,Erie,0.25,3,15.75,20,0.75,1,3.55,28,0.04,41,43.3,74.9,20.6,41,2020,O3,0,healthy
4/10/2020,Erie,0.15,2,6.15,8,0.25,0,2.85,16,0.04,35,37.9,62.3,21.6,35,2020,O3,0,healthy
4/11/2020,Erie,0.2,2,22,24,0.8,1,4.5,29,0.04,40,41.8,51.2,12.6,40,2020,O3,0,healthy
4/12/2020,Erie,0.3,3,24.45,27,2.1,4,7.02,44,0.05,46,55,43.6,19.3,46,2020,O3,0,healthy
4/13/2020,Erie,0.25,3,7.2,7,0.5,1,3.47,23,0.04,36,52.5,74.1,29.7,36,2020,O3,0,healthy
4/14/2020,Erie,0.2,2,7.1,7,0.6,1,3.53,23,0.05,43,39.6,50.1,17,43,2020,O3,0,healthy
4/15/2020,Erie,0.2,2,14.2,13,0.6,0,5.2,34,0.04,39,35.2,64.6,14.8,39,2020,O3,0,healthy
4/16/2020,Erie,0.25,3,19.8,20,0.8,1,4.35,24,0.04,36,35.1,58.9,18.1,36,2020,O3,0,healthy
4/17/2020,Erie,0.2,2,20.7,20,0.7,1,4.23,25,0.04,41,35.4,67.6,12.5,41,2020,O3,0,healthy
4/18/2020,Erie,0.2,2,18.3,20,0.65,0,7.4,46,0.05,45,40.7,66.5,16.9,46,2020,PM2.5,0,healthy
4/19/2020,Erie,0.2,2,11.75,15,0.55,0,6.87,40,0.04,42,48,56.3,21.5,42,2020,O3,0,healthy
4/20/2020,Erie,0.25,3,26.85,29,15.4,43,2.97,19,0.05,43,39.6,47.2,15.8,43,2020,SO2,0,healthy
4/21/2020,Erie,0.2,2,8.2,9,0.4,0,3.32,22,0.04,36,41.4,58.3,21.8,36,2020,O3,0,healthy
4/22/2020,Erie,0.15,2,26.9,28,1.05,1,5.2,30,0.04,41,36.1,49,16,41,2020,O3,0,healthy
4/23/2020,Erie,0.3,5,36.25,38,0.65,0,4.8,31,0.04,33,41.5,79.2,19.9,38,2020,NO2,0,healthy
4/24/2020,Erie,0.3,5,15.4,21,0.35,0,5.18,37,0.04,38,43.3,75.6,12.5,38,2020,O3,0,healthy
4/25/2020,Erie,0.35,6,26.65,31,0.25,0,4.3,27,0.05,44,45,61.9,19.2,44,2020,O3,0,healthy
4/26/2020,Erie,0.3,5,5.6,7,0.1,0,4.17,26,0.04,38,45,86.6,22.7,38,2020,O3,0,healthy
4/27/2020,Erie,0.3,5,25.9,28,0.9,1,4.16,28,0.04,41,47.5,60.2,13.7,41,2020,O3,0,healthy
4/28/2020,Erie,0.4,6,27.55,31,0.75,1,5.6,36,0.04,42,55.1,48.7,15,42,2020,O3,0,healthy
4/29/2020,Erie,0.2,2,8.25,9,0.15,0,6.2,41,0.05,46,63.1,56.1,20.3,46,2020,O3,0,healthy
4/30/2020,Erie,0.25,3,14.45,13,0,0,2.28,16,0.05,44,53.9,82.6,13.6,44,2020,O3,0,healthy
5/1/2020,Erie,0.2,2,8.1,8,0.8,1,3.33,20,0.03,31,46.8,82.7,13.7,31,2020,O3,0,healthy
5/2/2020,Erie,0.3,3,18.95,22,1.2,1,5.53,36,0.04,34,56.9,56.1,20.4,36,2020,PM2.5,0,healthy
5/3/2020,Erie,0.3,3,19.3,22,2,4,8.47,52,0.06,51,62.5,55.7,16,52,2020,PM2.5,1,unhealthy
5/4/2020,Erie,0.3,3,23.65,27,0.4,0,3.87,29,0.04,37,46.6,66.5,14.8,37,2020,O3,0,healthy
5/5/2020,Erie,0.3,5,30.45,31,0.4,0,2.53,19,0.04,41,43.6,48.4,20.4,41,2020,O3,0,healthy
5/6/2020,Erie,0.3,5,19.7,19,0.55,0,3.46,26,0.04,37,46.2,52.2,17.9,37,2020,O3,0,healthy
5/7/2020,Erie,0.25,3,16.6,17,0.6,1,3.55,26,0.04,39,47.7,55.6,18.4,39,2020,O3,0,healthy
5/8/2020,Erie,0.25,5,9.7,9,1.15,1,1.47,12,0.03,31,39.8,56.3,17.1,31,2020,O3,0,healthy
5/9/2020,Erie,0.2,3,6.8,8,0.55,0,1.78,13,0.04,32,37.8,50.5,19.6,32,2020,O3,0,healthy
5/10/2020,Erie,0.25,3,19,21,1.2,3,4.27,29,0.04,42,49.2,50.5,18,42,2020,O3,0,healthy
5/11/2020,Erie,0.3,5,16.4,16,0.1,0,3.07,19,0.03,25,42,79.8,17,25,2020,O3,0,healthy
5/12/2020,Erie,0.3,5,20.7,22,0.65,1,3.98,28,0.04,36,44.4,62.4,19.5,36,2020,O3,0,healthy
5/13/2020,Erie,0.4,6,32.6,33,2.25,6,5.43,37,0.04,40,42.8,53.6,7,40,2020,O3,0,healthy
5/14/2020,Erie,0.35,5,25.45,28,1.25,3,6.17,38,0.05,45,55.5,56.5,17.9,45,2020,O3,0,healthy
5/15/2020,Erie,0.25,3,23.2,24,0.6,1,6.8,41,0.04,41,64.5,81.1,19.4,41,2020,PM2.5,0,healthy
5/16/2020,Erie,0.25,3,19.75,23,0.4,1,4.63,27,0.04,35,56.6,75.9,14.7,35,2020,O3,0,healthy
5/17/2020,Erie,0.2,2,7.3,10,0,0,4.83,31,0.04,34,58.1,74.5,12.7,34,2020,O3,0,healthy
5/18/2020,Erie,0.2,2,10.65,13,0,0,4.6,31,0.03,31,58.7,81.4,20.3,31,2020,PM2.5,0,healthy
5/19/2020,Erie,0.2,2,6.75,8,0,0,4.9,32,0.04,39,65,52.2,15.9,39,2020,O3,0,healthy
5/20/2020,Erie,0.2,2,13.85,19,0,0,3.77,26,0.05,44,60.7,36.3,14.8,44,2020,O3,0,healthy
5/21/2020,Erie,0.2,2,23.25,29,0.2,0,4.5,31,0.06,54,62.2,38.8,21.3,54,2020,O3,1,unhealthy
5/22/2020,Erie,0.3,3,21,22,2.15,4,7.8,49,0.05,43,63.2,74.4,12.4,49,2020,PM2.5,0,healthy
5/23/2020,Erie,0.3,3,12.35,12,2.2,6,7.83,48,0.04,39,61.5,85.1,7.9,48,2020,PM2.5,0,healthy
5/24/2020,Erie,0.35,5,8.65,11,0.2,0,7.68,49,0.05,44,74.7,63,16.9,49,2020,PM2.5,0,healthy
5/25/2020,Erie,0.3,3,20.55,22,1.6,3,10.67,56,0.06,51,76.6,62.5,17.8,56,2020,PM2.5,1,unhealthy
5/26/2020,Erie,0.45,6,24.25,25,1.4,3,12.5,61,0.05,50,79.3,57.6,15.7,61,2020,PM2.5,1,unhealthy
5/27/2020,Erie,0.3,3,23.4,25,0.75,1,7.67,47,0.05,44,77.5,53,15.7,47,2020,PM2.5,0,healthy
5/28/2020,Erie,0.2,2,14.1,13,0,0,2.23,14,0.02,21,71,75.7,15.5,21,2020,O3,0,healthy
5/29/2020,Erie,0.2,2,12.45,15,0,0,4.17,26,0.04,39,68.5,79.4,14.7,39,2020,O3,0,healthy
5/30/2020,Erie,0.2,2,8.75,9,0.65,1,3.44,23,0.04,34,59,75.9,18.2,34,2020,O3,0,healthy
5/31/2020,Erie,0.2,2,6.65,7,1.2,3,1.33,9,0.04,34,53.3,59,11.2,34,2020,O3,0,healthy
6/1/2020,Erie,0.15,2,10.95,13,0.95,3,2.7,16,0.05,46,57.4,51.8,14.9,46,2020,O3,0,healthy
6/2/2020,Erie,0.2,2,13.3,16,1.4,3,6.13,36,0.07,90,67,59.2,16.8,90,2020,O3,1,unhealthy
6/3/2020,Erie,0.25,3,15.55,15,0.95,1,8.93,51,0.05,49,72.6,64.6,20.9,51,2020,PM2.5,1,unhealthy
6/4/2020,Erie,0.25,3,26.85,25,2.6,6,8.7,52,0.06,61,71.7,66.7,14.7,61,2020,O3,1,unhealthy
6/5/2020,Erie,0.25,3,18.95,20,1.5,3,9.32,54,0.06,51,73.8,73.4,10.1,54,2020,PM2.5,1,unhealthy
6/6/2020,Erie,0.25,3,7.55,8,1.75,4,6.2,39,0.05,47,71.2,58.2,12.5,47,2020,O3,0,healthy
6/7/2020,Erie,0.2,2,12.35,11,1.8,3,3.2,20,0.04,32,64.1,61.8,9.2,32,2020,O3,0,healthy
6/8/2020,Erie,0.3,3,23.95,23,3.5,9,7.25,48,0.04,40,63.9,62.1,7.8,48,2020,PM2.5,0,healthy
6/9/2020,Erie,0.3,3,21.85,22,2.75,6,6.35,43,0.06,71,76.3,48.5,10,71,2020,O3,1,unhealthy
6/10/2020,Erie,0.3,3,12.95,14,1.8,1,9.6,55,0.05,44,82.8,60.6,20.5,55,2020,PM2.5,1,unhealthy
6/11/2020,Erie,0.2,2,5.1,5,2.7,3,2.83,20,0.04,38,69.3,63,21.6,38,2020,O3,0,healthy
6/12/2020,Erie,0.2,2,9.5,9,2.7,3,2.25,15,0.04,36,64.1,56.8,12.6,36,2020,O3,0,healthy
6/13/2020,Erie,0.2,2,7.2,9,0.45,0,2.27,16,0.04,34,57.6,50.7,17.9,34,2020,O3,0,healthy
6/14/2020,Erie,0.2,2,5.85,7,0.35,0,3.25,22,0.03,30,58.5,50,24.6,30,2020,O3,0,healthy
6/15/2020,Erie,0.1,1,11.05,12,10.95,30,3.4,25,0.04,37,63.1,54.5,14.7,37,2020,O3,0,healthy
6/16/2020,Erie,0.2,2,9.65,12,13.2,19,5.13,34,0.05,47,65.3,54.2,11.3,47,2020,O3,0,healthy
6/17/2020,Erie,0.2,2,15.6,20,1,1,7.36,48,0.06,64,69.7,52.7,12.5,64,2020,O3,1,unhealthy
6/18/2020,Erie,0.2,2,17.45,22,1.7,3,6.27,42,0.05,49,73.9,57.3,14.7,49,2020,O3,0,healthy
6/19/2020,Erie,0.3,3,12.8,15,1.55,3,5.1,35,0.05,46,72.9,66.7,12.4,46,2020,O3,0,healthy
6/20/2020,Erie,0.3,3,14.45,13,1.65,3,7.6,50,0.05,49,74.1,64.4,9,50,2020,PM2.5,0,healthy
6/21/2020,Erie,0.4,5,13.4,15,2,4,9.7,56,0.06,67,77.7,61.3,13.5,67,2020,O3,1,unhealthy
6/22/2020,Erie,0.3,3,15.25,18,1.25,3,10.53,55,0.06,80,72.9,75.9,9.9,80,2020,O3,1,unhealthy
6/23/2020,Erie,0.2,2,9.5,10,0.75,1,6.04,42,,,72.1,77.1,17.2,42,2020,PM2.5,0,healthy
6/24/2020,Erie,0.2,2,5.25,5,2,4,2.43,16,0.04,39,66.3,64.6,15,39,2020,O3,0,healthy
6/25/2020,Erie,0.2,2,14.45,15,1.8,3,4.03,27,0.06,54,69.7,58.5,11.3,54,2020,O3,1,unhealthy
6/26/2020,Erie,0.3,3,16.8,19,1.8,3,6.58,51,0.05,44,73.2,53.4,12.6,51,2020,PM2.5,1,unhealthy
6/27/2020,Erie,0.3,3,6.4,7,0.35,0,4.73,31,0.05,45,72.9,77.3,17,45,2020,O3,0,healthy
6/28/2020,Erie,0.2,2,7.65,9,1.15,1,6.8,41,0.04,36,73.3,70.6,12.6,41,2020,PM2.5,0,healthy
6/29/2020,Erie,0.3,3,15.2,14,2.1,4,9.32,56,0.03,29,72.8,70.1,9,56,2020,PM2.5,1,unhealthy
6/30/2020,Erie,0.2,3,13.2,18,8.3,23,5.3,32,0.04,37,73.4,67.1,16.8,37,2020,O3,0,healthy
7/1/2020,Erie,0.25,3,17.35,16,1,1,4.95,32,0.04,37,74.1,66,13.7,37,2020,O3,0,healthy
7/2/2020,Erie,0.25,3,19.55,21,2.1,4,10.55,55,0.05,50,75.9,65.6,11.2,55,2020,PM2.5,1,unhealthy
7/3/2020,Erie,0.25,3,10.6,10,2.25,3,10.7,58,0.04,42,77.6,66.2,11.3,58,2020,PM2.5,1,unhealthy
7/4/2020,Erie,0.35,5,27.65,27,4.05,10,39.67,157,0.03,31,76.3,67,10,157,2020,PM2.5,1,unhealthy
7/5/2020,Erie,0.55,7,21.45,21,3.1,7,31.1,153,0.06,58,75.3,58.7,7.9,153,2020,PM2.5,1,unhealthy
7/6/2020,Erie,0.35,5,13.95,18,2.55,6,10.17,54,0.06,51,79.2,46.3,8,54,2020,PM2.5,1,unhealthy
7/7/2020,Erie,0.25,3,17.4,18,1.3,1,10.13,54,0.07,100,79.3,60.8,12.5,100,2020,O3,1,unhealthy
7/8/2020,Erie,0.25,3,16.25,18,0.8,1,10.65,56,0.07,87,79.2,65.7,11.1,87,2020,O3,1,unhealthy
7/9/2020,Erie,0.25,3,13.15,15,0.4,0,12.87,61,0.06,84,83,60.8,16.8,84,2020,O3,1,unhealthy
7/10/2020,Erie,0.2,2,11.1,11,0.55,1,7.47,47,0.06,58,80.9,64.6,15.7,58,2020,O3,1,unhealthy
7/11/2020,Erie,0.2,2,7.25,8,0.25,0,5.9,37,0.04,40,73.9,79.2,22.5,40,2020,O3,0,healthy
7/12/2020,Erie,0.15,2,7.5,7,1.45,3,3.37,22,0.04,34,72.9,69.4,12.7,34,2020,O3,0,healthy
7/13/2020,Erie,0.15,2,16.6,17,1.35,1,2.97,21,0.03,28,71.8,63.1,12.6,28,2020,O3,0,healthy
7/14/2020,Erie,0.25,3,15.9,16,1.05,1,4.47,28,0.04,34,71.2,62.9,8.1,34,2020,O3,0,healthy
7/15/2020,Erie,0.25,3,19.5,18,1.15,3,5.63,36,0.04,39,74.6,62.4,11.4,39,2020,O3,0,healthy
7/16/2020,Erie,0.2,2,12.3,11,0.05,0,8.03,46,0.04,36,77.8,69.1,16,46,2020,PM2.5,0,healthy
7/17/2020,Erie,0.25,3,11.85,13,0.7,1,8.34,50,0.06,51,76.7,70.5,10.1,51,2020,O3,1,unhealthy
7/18/2020,Erie,0.25,3,16.05,17,0.9,1,8.7,52,0.07,87,79.2,62,11.3,87,2020,O3,1,unhealthy
7/19/2020,Erie,0.3,3,17.45,22,0.4,0,7.4,44,0.05,43,79.2,69.1,15.9,44,2020,PM2.5,0,healthy
7/20/2020,Erie,0.15,2,6,7,0.85,1,5.12,35,0.04,37,77.5,67.6,14.8,37,2020,O3,0,healthy
7/21/2020,Erie,0.15,2,12.65,14,0.6,1,3.07,19,0.04,36,75,70.2,7.9,36,2020,O3,0,healthy
7/22/2020,Erie,0.2,2,19.35,20,7.9,21,5.9,36,0.05,44,76.5,76.1,12.6,44,2020,O3,0,healthy
7/23/2020,Erie,0.2,2,15.8,15,0.1,0,6.62,43,0.05,43,77,78.9,11.2,43,2020,PM2.5,0,healthy
7/24/2020,Erie,0.2,2,14.2,18,0.05,0,5.57,35,0.04,35,75.4,73.7,12.5,35,2020,PM2.5,0,healthy
7/25/2020,Erie,0.3,3,16,19,0.6,1,7.6,47,0.05,47,74.9,69.8,9,47,2020,PM2.5,0,healthy
7/26/2020,Erie,0.3,3,10.65,13,0.3,0,8.42,52,0.06,71,78,63.3,12.6,71,2020,O3,1,unhealthy
7/27/2020,Erie,0.15,2,8.75,10,0,0,7.63,44,0.06,51,80.7,69.4,18.1,51,2020,O3,1,unhealthy
7/28/2020,Erie,0.15,2,12.25,14,1.95,4,4.23,31,0.04,36,78.4,59.5,12.6,36,2020,O3,0,healthy
7/29/2020,Erie,0.15,2,11.9,13,0.75,1,6.18,37,0.05,46,75.6,67,18.2,46,2020,O3,0,healthy
7/30/2020,Erie,0.25,3,21.9,21,0.45,0,5.37,32,0.04,38,73.7,68,10.1,38,2020,O3,0,healthy
7/31/2020,Erie,0.25,3,16,19,0.05,0,6.83,49,0.03,25,74.1,63.2,15.7,49,2020,PM2.5,0,healthy
8/1/2020,Erie,0.3,3,9.15,9,0.05,0,7.42,54,0.03,31,72.5,73.8,14.7,54,2020,PM2.5,1,unhealthy
8/2/2020,Erie,0.15,2,7.05,7,0.05,0,2.8,18,0.03,30,74.6,77.1,23.8,30,2020,O3,0,healthy
8/3/2020,Erie,0.15,2,10.1,11,0.15,0,4.23,26,0.04,36,71.2,79,13.6,36,2020,O3,0,healthy
8/4/2020,Erie,0.25,3,16.8,16,0.3,0,6.02,39,0.04,39,71,78.8,13.6,39,2020,PM2.5,0,healthy
8/5/2020,Erie,0.15,2,16.1,15,0.6,0,2.1,15,0.03,28,68.5,64.1,12.5,28,2020,O3,0,healthy
8/6/2020,Erie,0.15,2,12.55,12,4.7,11,3.1,24,0.04,34,67.9,61.3,14.4,34,2020,O3,0,healthy
8/7/2020,Erie,0.15,2,16.4,16,0.3,0,5.27,32,0.04,36,69.7,63.6,13.6,36,2020,O3,0,healthy
8/8/2020,Erie,0.3,3,18.55,21,0.5,0,8.03,51,0.05,50,70.1,67,8.9,51,2020,PM2.5,1,unhealthy
8/9/2020,Erie,0.25,3,8,9,0.5,0,9.1,52,0.06,61,75,61.2,13.6,61,2020,O3,1,unhealthy
8/10/2020,Erie,0.25,3,21.6,24,0.35,0,11.74,58,0.06,54,80.4,62.2,11.2,58,2020,PM2.5,1,unhealthy
8/11/2020,Erie,0.25,3,16.4,20,0.65,1,7.63,45,0.06,51,77.2,69.8,15.8,51,2020,O3,1,unhealthy
8/12/2020,Erie,0.25,3,21.9,21,1.95,3,7.03,43,0.05,48,74.2,56.7,11.2,48,2020,O3,0,healthy
8/13/2020,Erie,0.25,3,14.1,17,0.75,0,7.95,52,0.05,49,76.8,52.9,19.1,52,2020,PM2.5,1,unhealthy
8/14/2020,Erie,0.15,2,12.4,15,0.25,0,6.53,38,0.03,30,78.8,51,22.6,38,2020,PM2.5,0,healthy
8/15/2020,Erie,0.3,3,7.8,7,0.1,0,7.5,42,0.06,54,77.3,53.3,13.6,54,2020,O3,1,unhealthy
8/16/2020,Erie,0.3,3,9.2,8,0.1,0,11.08,58,0.04,41,72.1,64.2,15.7,58,2020,PM2.5,1,unhealthy
8/17/2020,Erie,0.3,3,24.4,23,0.5,0,5.45,31,0.04,38,72.6,66.2,15.6,38,2020,O3,0,healthy
8/18/2020,Erie,0.3,3,22,21,0.8,0,3.35,24,0.03,29,68.6,65.7,13.4,29,2020,O3,0,healthy
8/19/2020,Erie,0.25,3,13.5,12,0.8,0,3.1,23,0.04,37,67.8,53.9,9.2,37,2020,O3,0,healthy
8/20/2020,Erie,0.25,3,16.8,16,1.4,1,3.67,22,,,66.8,59,10.1,22,2020,PM2.5,0,healthy
8/21/2020,Erie,0.2,3,18.1,20,0.95,1,6.5,40,,,71.5,59.8,11.2,40,2020,PM2.5,0,healthy
8/22/2020,Erie,0.35,5,19.65,22,1.5,3,9.94,54,0.06,74,74.1,61.8,10.1,74,2020,O3,1,unhealthy
8/23/2020,Erie,0.4,5,17.3,18,1.6,3,10.37,55,0.06,67,75.9,64.1,9.9,67,2020,O3,1,unhealthy
8/24/2020,Erie,0.25,3,18.9,18,0.55,0,11.47,57,0.06,58,78.6,63.3,13.8,58,2020,O3,1,unhealthy
8/25/2020,Erie,0.2,3,19.4,24,0.55,0,7.72,46,0.04,35,78.1,65.5,16,46,2020,PM2.5,0,healthy
8/26/2020,Erie,0.25,3,17.85,17,5,13,3.03,22,0.03,28,73.2,65,13.7,28,2020,O3,0,healthy
8/27/2020,Erie,0.2,2,9.45,9,0.25,0,10.37,54,0.04,41,77.7,73.2,22.8,54,2020,PM2.5,1,unhealthy
8/28/2020,Erie,0.25,3,16.5,17,0.5,0,5.66,38,0.03,24,74.3,80.2,15.8,38,2020,PM2.5,0,healthy
8/29/2020,Erie,0.15,2,7.1,7,0.45,0,2.47,14,0.04,40,72.1,74.5,20.5,40,2020,O3,0,healthy
8/30/2020,Erie,0.15,2,10.15,12,0.55,0,3.43,21,0.03,31,68.7,63.3,16.5,31,2020,O3,0,healthy
8/31/2020,Erie,0.2,2,9.25,9,2.2,4,4.07,25,0.04,32,69.8,65.2,13.6,32,2020,O3,0,healthy
9/1/2020,Erie,0.15,2,8.75,8,0.3,0,3.9,24,0.04,38,75.1,68.7,13.5,38,2020,O3,0,healthy
9/2/2020,Erie,0.2,2,22.9,24,0.45,0,4.93,31,0.04,40,75.1,76.9,18,40,2020,O3,0,healthy
9/3/2020,Erie,0.25,3,21.8,21,1,1,4.8,32,0.05,44,73.3,66.5,16.9,44,2020,O3,0,healthy
9/4/2020,Erie,0.15,2,15.45,15,1.55,3,3.23,22,0.04,32,70.5,48.8,13.7,32,2020,O3,0,healthy
9/5/2020,Erie,0.1,1,15.25,18,1,1,4.13,28,0.04,32,65.3,61.6,13.6,32,2020,O3,0,healthy
9/6/2020,Erie,0.2,2,13.1,13,1,1,5.17,33,0.04,34,66.1,63.5,13.5,34,2020,O3,0,healthy
9/7/2020,Erie,0.2,2,6.9,8,0.45,0,6.5,39,0.04,36,69.9,68.8,22.5,39,2020,PM2.5,0,healthy
9/8/2020,Erie,0.15,2,8.15,8,0.45,0,3.87,26,0.02,23,72.4,72.1,15.5,26,2020,PM2.5,0,healthy
9/9/2020,Erie,0.25,3,11.05,10,0.65,0,7.8,49,0.04,32,72.1,77.5,11.2,49,2020,PM2.5,0,healthy
9/10/2020,Erie,0.25,3,13.6,12,0.7,0,6.7,40,0.02,23,68.4,85.7,11.2,40,2020,PM2.5,0,healthy
9/11/2020,Erie,0.15,2,7.25,7,0.35,0,1.87,12,0.03,27,63.6,71.3,19.2,27,2020,O3,0,healthy
9/12/2020,Erie,0.15,2,6.45,8,0.35,0,4.63,28,0.03,31,68.2,64.9,17.9,31,2020,O3,0,healthy
9/13/2020,Erie,0.15,2,5.25,5,0.8,1,4.77,28,0.04,37,71,74.5,20.3,37,2020,O3,0,healthy
9/14/2020,Erie,0.25,3,21.2,22,0.4,0,3.9,26,0.03,28,63.6,59.7,12.5,28,2020,O3,0,healthy
9/15/2020,Erie,0.25,3,22.65,25,0.65,0,3.88,26,0.03,30,57,64,9.9,30,2020,O3,0,healthy
9/16/2020,Erie,0.25,3,16.2,18,1.75,3,5.63,34,0.04,42,63.2,62.9,12.6,42,2020,O3,0,healthy
9/17/2020,Erie,0.2,2,10.05,9,0.45,0,6.87,42,0.02,23,64.5,70.4,12.5,42,2020,PM2.5,0,healthy
9/18/2020,Erie,0.15,2,13.25,14,0.7,0,2.43,18,0.02,19,59,54,18.1,19,2020,O3,0,healthy
9/19/2020,Erie,0.2,2,14.05,16,0.6,1,4.3,26,0.02,20,53.3,51.5,11.2,26,2020,PM2.5,0,healthy
9/20/2020,Erie,0.15,2,11.95,12,0.6,1,3.7,22,0.02,22,55.4,41.8,17.8,22,2020,PM2.5,0,healthy
9/21/2020,Erie,0.3,5,15.55,20,0.7,1,4,25,0.03,27,56.7,49.1,14.4,27,2020,O3,0,healthy
9/22/2020,Erie,0.3,3,20.05,19,1.7,3,5.87,33,0.03,31,57.2,60.3,10.1,33,2020,PM2.5,0,healthy
9/23/2020,Erie,0.25,3,16.2,17,2.7,6,10.83,55,,,64.1,65.4,12.6,55,2020,PM2.5,1,unhealthy
9/24/2020,Erie,0.3,5,27.8,32,1.2,1,13.56,63,,,66.6,68.4,10.1,63,2020,PM2.5,1,unhealthy
9/25/2020,Erie,0.5,6,42.5,40,1.7,3,16.73,67,,,67.5,66.4,8,67,2020,PM2.5,1,unhealthy
9/26/2020,Erie,0.55,7,22.9,21,1,1,11.63,57,,,70,63.1,13.5,57,2020,PM2.5,1,unhealthy
9/27/2020,Erie,0.35,5,26.2,25,1.6,3,6.86,41,,,72.4,63.7,19.5,41,2020,PM2.5,0,healthy
9/28/2020,Erie,0.35,5,18.5,17,0.9,1,7.17,41,,,71.5,65.7,21.4,41,2020,PM2.5,0,healthy
9/29/2020,Erie,0.25,3,12.7,11,0.95,1,3.03,21,,,59,77.4,14.7,21,2020,PM2.5,0,healthy
9/30/2020,Erie,0.2,2,13.7,12,0.45,0,2.92,19,,,57.2,70.6,24.9,19,2020,PM2.5,0,healthy
10/1/2020,Erie,0.2,2,13.1,12,1.2,1,3.53,25,,,55.2,72.4,15.7,25,2020,PM2.5,0,healthy
10/2/2020,Erie,0.25,3,8.4,8,0.55,0,3.63,21,,,51.5,74.1,16,21,2020,PM2.5,0,healthy
10/3/2020,Erie,0.35,5,15.1,14,0.85,1,3.98,26,,,51.1,69.3,13.7,26,2020,PM2.5,0,healthy
10/4/2020,Erie,0.3,3,10.7,9,0.75,0,5.27,30,,,55,64.3,11.3,30,2020,PM2.5,0,healthy
10/5/2020,Erie,0.3,3,16,15,0.8,0,6.33,37,,,53,76.9,10,37,2020,PM2.5,0,healthy
10/6/2020,Erie,0.25,3,7.5,7,1,1,3.77,26,,,57.3,57.5,19.3,26,2020,PM2.5,0,healthy
10/7/2020,Erie,0.2,2,9.2,8,0.55,0,5.55,32,,,62.4,58.5,19.8,32,2020,PM2.5,0,healthy
10/8/2020,Erie,0.35,5,24.7,23,1.3,1,4.7,29,,,57.1,58.5,11,29,2020,PM2.5,0,healthy
10/9/2020,Erie,0.5,6,15.6,14,0.7,0,5.7,36,,,60.3,54.5,19.2,36,2020,PM2.5,0,healthy
10/10/2020,Erie,0.3,3,4.8,4,1.3,1,11.95,57,,,69.6,61.3,23.7,57,2020,PM2.5,1,unhealthy
10/11/2020,Erie,0.25,3,8.7,8,0.25,0,2.65,17,,,58.8,68.5,20.2,17,2020,PM2.5,0,healthy
10/12/2020,Erie,0.25,3,16.5,15,0.95,1,2.15,18,,,63.7,67,21.5,18,2020,PM2.5,0,healthy
10/13/2020,Erie,0.2,2,10.3,9,1,1,3.65,21,,,57.2,64.4,24.6,21,2020,PM2.5,0,healthy
10/14/2020,Erie,0.3,3,22.8,21,0.95,1,4.15,26,,,57.4,51.6,21.3,26,2020,PM2.5,0,healthy
10/15/2020,Erie,0.3,3,6.4,6,1.3,1,4.62,32,,,59.2,61.6,21.5,32,2020,PM2.5,0,healthy
10/16/2020,Erie,0.4,6,19.3,18,0.75,0,4.97,30,,,48.1,60.4,13.7,30,2020,PM2.5,0,healthy
10/17/2020,Erie,0.55,9,21.7,20,0.95,1,6.67,39,,,46.8,52.1,16,39,2020,PM2.5,0,healthy
10/18/2020,Erie,0.4,6,5.9,5,0.85,1,5.03,33,0.03,27,54.8,48.5,18,33,2020,PM2.5,0,healthy
10/19/2020,Erie,0.35,5,17,16,6.1,16,3.73,23,0.01,13,53.6,85.5,11.2,23,2020,PM2.5,0,healthy
10/20/2020,Erie,0.4,6,14,13,0.3,0,3.07,19,0.03,30,51.4,85.2,14.7,30,2020,O3,0,healthy
10/21/2020,Erie,0.25,3,14.3,13,0.7,1,5.14,37,0.02,22,60.2,83.7,20.4,37,2020,PM2.5,0,healthy
10/22/2020,Erie,0.3,3,21.7,20,2.05,4,5.7,36,0.02,16,58.7,85,9,36,2020,PM2.5,0,healthy
10/23/2020,Erie,0.45,6,22.6,21,0.85,0,7.8,45,,,70.9,60.2,20.5,45,2020,PM2.5,0,healthy
10/24/2020,Erie,0.65,10,22,21,0.25,0,4.08,33,,,48.8,68.4,15.8,33,2020,PM2.5,0,healthy
10/25/2020,Erie,0.65,10,18.8,17,0.4,0,3.67,22,,,46.1,62.5,17.9,22,2020,PM2.5,0,healthy
10/26/2020,Erie,0.5,7,23.4,22,0.45,0,6.8,39,0.02,16,48.2,80.6,10.2,39,2020,PM2.5,0,healthy
10/27/2020,Erie,0.45,7,23.4,22,1.1,1,5.06,36,0.02,23,46.9,76.5,11.1,36,2020,PM2.5,0,healthy
10/28/2020,Erie,0.35,5,16,15,1.25,3,4.27,26,0.03,27,46.8,82.8,10.4,27,2020,O3,0,healthy
10/29/2020,Erie,0.3,3,14.8,13,0.35,0,6.4,37,0.02,22,47.5,83.2,12.6,37,2020,PM2.5,0,healthy
10/30/2020,Erie,0.3,3,14.7,13,0.45,0,4.32,37,0.03,24,42.9,74.6,15.7,37,2020,PM2.5,0,healthy
10/31/2020,Erie,0.4,5,26.5,25,0.8,0,7.55,46,0.03,31,42.4,57.7,16.6,46,2020,PM2.5,0,healthy
11/1/2020,Erie,0.35,5,3.4,3,0.7,0,4.3,24,0.03,28,43.1,68.6,28.4,28,2020,O3,0,healthy
11/2/2020,Erie,0.2,2,5,5,0.95,1,2.48,22,0.03,31,35.2,61.2,23.9,31,2020,O3,0,healthy
11/3/2020,Erie,0.3,3,25.8,24,1.1,1,8.3,46,0.03,24,44.6,56,21.5,46,2020,PM2.5,0,healthy
11/4/2020,Erie,0.3,3,15.2,14,2,3,8.33,49,0.04,39,59.8,40.1,22.7,49,2020,PM2.5,0,healthy
11/5/2020,Erie,0.3,3,21.3,20,2.35,3,8.15,52,0.05,44,63.3,39.1,18,52,2020,PM2.5,1,unhealthy
11/6/2020,Erie,0.35,5,17.2,16,1.2,1,13.13,60,0.05,46,60.5,52.2,12.6,60,2020,PM2.5,1,unhealthy
11/7/2020,Erie,0.55,7,35.8,33,2.25,4,18.73,72,0.06,58,58.9,54.4,13.7,72,2020,PM2.5,1,unhealthy
11/8/2020,Erie,0.7,8,43.4,41,3.3,7,22.76,84,0.05,47,58.5,53.5,6.8,84,2020,PM2.5,1,unhealthy
11/9/2020,Erie,1,11,42.4,40,1.35,1,16.93,70,0.04,39,65.1,48.9,13.4,70,2020,PM2.5,1,unhealthy
11/10/2020,Erie,0.95,11,38.6,36,1.15,1,8.23,50,0.04,32,69.8,52,16.9,50,2020,PM2.5,0,healthy
11/11/2020,Erie,0.45,6,7.8,7,0.65,1,3.68,29,0.03,29,58.8,72.4,23.6,29,2020,PM2.5,0,healthy
11/12/2020,Erie,0.35,5,19.3,18,0.25,0,5.6,33,0.03,27,44.5,64.1,13.6,33,2020,PM2.5,0,healthy
11/13/2020,Erie,0.35,5,30.6,28,0.85,1,7.1,41,0.03,25,45.1,64.1,14.8,41,2020,PM2.5,0,healthy
11/14/2020,Erie,0.4,5,30.6,28,0.95,1,7.46,48,0.03,31,43.4,58.4,14.7,48,2020,PM2.5,0,healthy
11/15/2020,Erie,0.4,5,10.6,9,0.85,1,6.23,36,0.03,31,49.1,58.6,30.6,36,2020,PM2.5,0,healthy
11/16/2020,Erie,0.3,3,8.2,8,0.5,0,8.3,47,0.03,27,41.2,61.3,22.9,47,2020,PM2.5,0,healthy
11/17/2020,Erie,0.25,3,7.3,7,0.55,0,4.58,38,0.04,33,36.4,71.1,22.8,38,2020,PM2.5,0,healthy
11/18/2020,Erie,0.3,3,23.8,22,0.85,1,5.9,34,0.03,30,35.3,60.1,14.8,34,2020,PM2.5,0,healthy
11/19/2020,Erie,0.25,3,10.2,9,1.1,1,5.9,34,0.04,34,53.1,31.4,29.1,34,2020,PM2.5,0,healthy
11/20/2020,Erie,0.25,3,9.7,8,1.25,3,8.98,55,0.04,34,58.7,37.1,20.5,55,2020,PM2.5,1,unhealthy
11/21/2020,Erie,0.3,3,9.5,8,0.5,0,7.07,42,0.03,24,43.4,65.2,12.4,42,2020,PM2.5,0,healthy
11/22/2020,Erie,0.25,3,19.3,18,0.1,0,4.97,29,0.02,21,39.4,77.4,11.4,29,2020,PM2.5,0,healthy
11/23/2020,Erie,0.3,3,11,10,0.3,0,5.8,41,0.02,19,40.5,69.6,16.8,41,2020,PM2.5,0,healthy
11/24/2020,Erie,0.3,3,18.4,17,0.4,0,6.17,38,0.02,20,39.4,61.4,11.2,38,2020,PM2.5,0,healthy
11/25/2020,Erie,0.3,3,23.3,22,0.95,1,8.47,49,0.03,24,48.3,66.1,20.3,49,2020,PM2.5,0,healthy
11/26/2020,Erie,0.3,3,6.1,6,0.25,0,6.36,46,0.02,19,50.7,81.8,18.1,46,2020,PM2.5,0,healthy
11/27/2020,Erie,0.3,3,17.2,16,0.65,1,7.27,42,0.02,23,46.7,71.7,12.6,42,2020,PM2.5,0,healthy
11/28/2020,Erie,0.25,3,5.9,5,0.95,1,7.27,41,0.03,29,41.3,63.5,14.9,41,2020,PM2.5,0,healthy
11/29/2020,Erie,0.55,7,32.1,30,0.35,0,8.56,54,0.03,28,44.2,51.1,13.7,54,2020,PM2.5,1,unhealthy
11/30/2020,Erie,0.6,7,,,,,6.9,42,,,42,73.4,22.6,42,2020,PM2.5,0,healthy
12/1/2020,Erie,0.25,3,12.2,11,0.1,0,4.27,32,0.02,23,34.3,82.1,20.5,32,2020,PM2.5,0,healthy
12/2/2020,Erie,0.2,2,6.6,6,0.5,0,3.3,35,0.04,33,37.1,69.7,23.7,35,2020,PM2.5,0,healthy
12/3/2020,Erie,0.25,3,9.7,8,0.85,1,7.17,44,0.03,30,37.4,50.1,21.4,44,2020,PM2.5,0,healthy
12/4/2020,Erie,0.3,3,13.9,12,0.85,1,10.1,53,0.03,27,41.9,60.7,20.3,53,2020,PM2.5,1,unhealthy
12/5/2020,Erie,0.3,3,16.2,15,0.6,1,7.18,44,0.03,25,36.8,72.3,12.6,44,2020,PM2.5,0,healthy
12/6/2020,Erie,0.2,2,6.8,6,0.45,0,5.3,31,0.03,29,31.4,68,9.1,31,2020,PM2.5,0,healthy
12/7/2020,Erie,0.3,3,18.8,17,0.3,0,5.93,36,0.03,30,32.6,61.6,10.3,36,2020,PM2.5,0,healthy
12/8/2020,Erie,0.3,3,17.3,16,1.2,1,5.13,40,0.03,26,34.6,64.4,15.8,40,2020,PM2.5,0,healthy
12/9/2020,Erie,0.3,3,8.9,8,0.3,0,12.63,58,0.02,16,37.6,71,18.1,58,2020,PM2.5,1,unhealthy
12/10/2020,Erie,0.35,5,26.4,25,0.25,0,10.63,54,0.03,25,41.7,66.8,16.7,54,2020,PM2.5,1,unhealthy
12/11/2020,Erie,0.6,7,35.9,33,2.05,3,16.15,69,0.03,25,46,63.9,15.6,69,2020,PM2.5,1,unhealthy
12/12/2020,Erie,0.5,6,24.2,23,0.7,0,14.4,62,0.03,31,49.2,69.1,21.5,62,2020,PM2.5,1,unhealthy
12/13/2020,Erie,0.2,2,6.5,6,0.2,0,6.23,37,0.03,25,38.5,76.7,20.5,37,2020,PM2.5,0,healthy
12/14/2020,Erie,0.25,3,21.8,20,0.25,0,6.25,48,0.03,24,34.9,67.4,18.1,48,2020,PM2.5,0,healthy
12/15/2020,Erie,0.2,2,11.1,10,0.75,0,6.67,41,0.03,25,30.3,54.9,13.6,41,2020,PM2.5,0,healthy
12/16/2020,Erie,0.2,2,13.3,12,0.25,0,5.9,35,0.03,25,29.2,66,16,35,2020,PM2.5,0,healthy
12/17/2020,Erie,0.25,3,19.5,18,0.25,0,6.5,53,0.03,27,29.4,77.2,15.6,53,2020,PM2.5,1,unhealthy
12/18/2020,Erie,0.5,6,37.3,35,0.85,1,10.9,56,0.03,26,29.1,73.9,6.9,56,2020,PM2.5,1,unhealthy
12/19/2020,Erie,0.45,6,29.9,27,1.3,1,10.63,55,0.03,27,34.9,67.6,17,55,2020,PM2.5,1,unhealthy
12/20/2020,Erie,0.3,3,8.2,8,1.15,1,6.74,47,0.02,21,37.1,82.9,14.8,47,2020,PM2.5,0,healthy
12/21/2020,Erie,0.3,3,19.3,18,0.55,0,11.9,58,0.02,18,38.3,78.1,14.7,58,2020,PM2.5,1,unhealthy
12/22/2020,Erie,0.3,3,17.5,16,0.65,0,11.63,57,0.03,28,37.7,77.7,14.9,57,2020,PM2.5,1,unhealthy
12/23/2020,Erie,0.3,3,30.4,28,0.8,0,4.65,41,0.03,30,42.5,54.6,24.7,41,2020,PM2.5,0,healthy
12/24/2020,Erie,0.3,3,9.4,10,0.3,0,7.1,42,0.03,28,41.3,72.6,31.4,42,2020,PM2.5,0,healthy
12/25/2020,Erie,0.25,3,5.65,6,0.3,0,6.5,37,0.03,27,25.7,80.2,17.1,37,2020,PM2.5,0,healthy
12/26/2020,Erie,0.2,2,8.35,8,1.25,1,7.15,52,0.03,27,20,73.6,24.7,52,2020,PM2.5,1,unhealthy
12/27/2020,Erie,0.45,6,32.35,34,0.9,1,11.17,56,0.03,24,32.4,64.3,23.6,56,2020,PM2.5,1,unhealthy
12/28/2020,Erie,0.45,6,9.35,10,1.05,1,10.33,54,0.03,31,38.3,66.2,27.4,54,2020,PM2.5,1,unhealthy
12/29/2020,Erie,0.3,3,27.35,26,0.85,1,5.33,52,0.03,31,28.9,56.1,15.8,52,2020,PM2.5,1,unhealthy
12/30/2020,Erie,0.3,3,31.35,34,0.75,0,9.4,53,0.03,29,38.3,64.4,32.5,53,2020,PM2.5,1,unhealthy
12/31/2020,Erie,0.3,3,22.95,23,1.75,4,11,55,,,33.9,65,14.8,55,2020,PM2.5,1,unhealthy
1/1/2020,Monroe,0.2,2,9.5,8,0.3,0,4.4,32,0.03,28,45.8,64.9,9.2,32,2020,PM2.5,0,healthy
1/2/2020,Monroe,0.3,3,15.5,14,0.4,0,6.27,51,,,54.8,92.3,11.4,51,2020,PM2.5,1,unhealthy
1/3/2020,Monroe,0.4,5,17.5,16,0.7,0,11.33,58,0.03,25,60.2,87.1,12.7,58,2020,PM2.5,1,unhealthy
1/4/2020,Monroe,0.25,3,10.7,9,0.2,0,3.8,27,0.02,21,48.9,60.1,17.2,27,2020,PM2.5,0,healthy
1/5/2020,Monroe,0.25,3,13.5,12,0.3,0,4.2,37,0.03,29,50.9,67.4,13.8,37,2020,PM2.5,0,healthy
1/6/2020,Monroe,0.2,2,7,7,0.2,0,5.77,45,0.03,31,57.6,72.4,19.6,45,2020,PM2.5,0,healthy
1/7/2020,Monroe,0.4,5,25.9,24,0.6,0,5.72,36,0.02,23,49.9,56.1,12.7,36,2020,PM2.5,0,healthy
1/8/2020,Monroe,0.3,3,10.4,9,0.4,0,5.53,51,0.03,27,48.6,56.5,10.2,51,2020,PM2.5,1,unhealthy
1/9/2020,Monroe,0.25,3,22.3,21,0.3,0,5.43,41,0.03,25,59.4,66.6,16,41,2020,PM2.5,0,healthy
1/10/2020,Monroe,0.4,5,15.7,14,0.5,0,6.6,43,0.02,23,69.6,81.3,13.8,43,2020,PM2.5,0,healthy
1/11/2020,Monroe,0.35,5,11,10,0.1,0,5.17,37,0.03,29,55.6,83,24.1,37,2020,PM2.5,0,healthy
1/12/2020,Monroe,0.2,2,6.8,6,0.2,0,4.43,39,0.03,27,42.7,79.9,9.1,39,2020,PM2.5,0,healthy
1/13/2020,Monroe,0.3,3,15.1,14,0.5,0,7.08,47,0.01,11,49.4,88.6,6.9,47,2020,PM2.5,0,healthy
1/14/2020,Monroe,0.3,3,11,10,0.5,0,10.73,57,0.02,21,62.4,95.9,9.1,57,2020,PM2.5,1,unhealthy
1/15/2020,Monroe,0.25,3,12.4,11,0.6,0,7.1,43,0.02,22,69.4,90,10.2,43,2020,PM2.5,0,healthy
1/16/2020,Monroe,0.25,3,9.2,8,0.4,0,4.95,33,0.03,31,56,86.3,18.2,33,2020,PM2.5,0,healthy
1/17/2020,Monroe,0.35,5,27.2,25,0.2,0,6.1,47,0.04,33,53.5,74,11.4,47,2020,PM2.5,0,healthy
1/18/2020,Monroe,0.35,5,11.8,10,0.3,0,5.37,36,0.03,27,62.6,82.7,17.1,36,2020,PM2.5,0,healthy
1/19/2020,Monroe,0.25,3,6.1,6,0.4,0,4.22,27,0.04,35,44.6,45.8,18.3,35,2020,O3,0,healthy
1/20/2020,Monroe,0.3,3,25.6,24,0.7,0,4.2,39,0.04,33,38.6,57.9,13.8,39,2020,PM2.5,0,healthy
1/21/2020,Monroe,0.4,5,30.7,28,0.6,0,8.1,52,0.04,33,34,69.1,14.9,52,2020,PM2.5,1,unhealthy
1/22/2020,Monroe,0.7,9,35.5,33,0.7,0,13.2,62,,,36.4,76.6,6.9,62,2020,PM2.5,1,unhealthy
1/23/2020,Monroe,0.8,10,37.4,35,1.8,1,14.43,63,0.02,21,44.8,90.7,10.3,63,2020,PM2.5,1,unhealthy
1/24/2020,Monroe,0.6,7,28.3,26,0.8,0,16.07,68,0.03,24,44.2,78.6,17.1,68,2020,PM2.5,1,unhealthy
1/25/2020,Monroe,0.3,3,14.6,13,0.4,0,7.02,46,0.03,24,45.5,71,5.8,46,2020,PM2.5,0,healthy
1/26/2020,Monroe,0.3,3,5.5,5,0.2,0,5.27,33,0.02,19,51,85.3,11.4,33,2020,PM2.5,0,healthy
1/27/2020,Monroe,0.3,3,11.4,10,0.5,0,4.6,34,0.03,24,52.7,83.2,6.9,34,2020,PM2.5,0,healthy
1/28/2020,Monroe,0.2,2,10,9,0.4,0,3.4,32,0.04,33,47.1,90.9,10.2,33,2020,O3,0,healthy
1/29/2020,Monroe,0.3,3,19.7,18,0.3,0,4.87,37,,,52.5,83.5,13.8,37,2020,PM2.5,0,healthy
1/30/2020,Monroe,0.35,5,24.7,23,0.7,0,8.73,53,0.03,31,46.4,85.9,11.3,53,2020,PM2.5,1,unhealthy
1/31/2020,Monroe,0.4,5,29.9,27,0.4,0,10.62,58,0.03,24,47,84.3,8,58,2020,PM2.5,1,unhealthy
2/1/2020,Monroe,0.35,5,16.8,15,0.4,0,15.7,69,0.03,26,48.9,66.3,16,69,2020,PM2.5,1,unhealthy
2/2/2020,Monroe,0.3,3,13.3,12,0.3,0,11.87,60,0.02,23,57.3,50.8,13.8,60,2020,PM2.5,1,unhealthy
2/3/2020,Monroe,0.4,5,25.6,24,0.6,0,8.2,52,0.03,29,61.5,69.2,18.3,52,2020,PM2.5,1,unhealthy
2/4/2020,Monroe,0.4,5,21.9,20,0.6,0,7.2,49,0.03,31,66.9,84.8,13.8,49,2020,PM2.5,0,healthy
2/5/2020,Monroe,0.2,2,7.7,7,0.4,0,2.5,17,0.03,29,54.9,91.4,13.8,29,2020,O3,0,healthy
2/6/2020,Monroe,0.3,3,13.4,12,0.2,0,4.15,27,0.03,28,40.1,83.3,24,28,2020,O3,0,healthy
2/7/2020,Monroe,0.2,2,9.4,8,0.2,0,3.33,29,0.03,30,41.7,68.1,8,30,2020,O3,0,healthy
2/8/2020,Monroe,0.3,3,21.8,20,0.9,0,5.23,40,0.04,33,48.8,60.4,6.9,40,2020,PM2.5,0,healthy
2/9/2020,Monroe,0.3,3,21.2,20,0.4,0,9.1,54,0.03,31,61.7,61,17.2,54,2020,PM2.5,1,unhealthy
2/10/2020,Monroe,0.55,7,30.2,28,0.4,0,8.63,52,0.02,21,65.5,92.9,13.9,52,2020,PM2.5,1,unhealthy
2/11/2020,Monroe,0.55,7,30,28,0.8,0,11.43,59,0.03,31,47.7,91,14.9,59,2020,PM2.5,1,unhealthy
2/12/2020,Monroe,0.4,5,28.1,26,0.3,0,8.43,53,0.04,34,50.4,92.2,18.2,53,2020,PM2.5,1,unhealthy
2/13/2020,Monroe,0.35,5,15.7,14,0.3,0,7.63,49,0.03,27,46.7,73.9,16.1,49,2020,PM2.5,0,healthy
2/14/2020,Monroe,0.35,5,28.3,26,0.4,0,6.57,49,0.04,32,39.1,67.1,13.8,49,2020,PM2.5,0,healthy
2/15/2020,Monroe,0.4,5,13.4,12,0.8,0,5.88,38,0.04,35,47.2,59.4,9.2,38,2020,PM2.5,0,healthy
2/16/2020,Monroe,0.25,3,7.2,7,0.8,0,9.67,55,0.03,31,56.4,84.7,8,55,2020,PM2.5,1,unhealthy
2/17/2020,Monroe,0.25,3,12,11,0.3,0,5.77,34,0.04,34,60.8,86.5,9.2,34,2020,PM2.5,0,healthy
2/18/2020,Monroe,0.25,3,7.8,7,0.5,0,7.78,51,0.04,32,63.2,89.6,21.8,51,2020,PM2.5,1,unhealthy
2/19/2020,Monroe,0.25,3,11.1,10,0.7,0,4.07,30,,,45,87.4,16.1,30,2020,PM2.5,0,healthy
2/20/2020,Monroe,0.2,2,16.1,15,0.7,0,4.27,29,0.04,34,43.9,81.3,18.3,34,2020,O3,0,healthy
2/21/2020,Monroe,0.25,3,12.9,11,0.6,0,6,46,0.04,38,38.2,61,17.1,46,2020,PM2.5,0,healthy
2/22/2020,Monroe,0.2,2,7.2,7,0.5,0,8.03,52,0.04,35,42.4,64.5,6.9,52,2020,PM2.5,1,unhealthy
2/23/2020,Monroe,0.4,5,21.4,20,0.8,0,9.87,55,0.05,43,52.2,74.2,7,55,2020,PM2.5,1,unhealthy
2/24/2020,Monroe,0.4,5,22.8,21,1,1,13.25,61,,,60.1,78.3,19.6,61,2020,PM2.5,1,unhealthy
2/25/2020,Monroe,0.45,6,28.6,26,0.5,0,12.63,62,0.04,35,56,67.1,14.9,62,2020,PM2.5,1,unhealthy
2/26/2020,Monroe,0.3,3,10.6,9,0.2,0,9.17,55,0.03,26,47.9,63.2,21.8,55,2020,PM2.5,1,unhealthy
2/27/2020,Monroe,0.3,3,7.9,7,0.5,0,3.05,22,0.04,36,42.2,53.2,10.3,36,2020,O3,0,healthy
2/28/2020,Monroe,0.2,2,5.9,5,0.3,0,3.4,26,0.04,36,49.2,49.1,16,36,2020,O3,0,healthy
2/29/2020,Monroe,0.3,3,12,11,0.9,0,5.2,39,0.03,30,56.2,48.6,11.4,39,2020,PM2.5,0,healthy
3/1/2020,Monroe,0.3,3,12.8,11,0.7,0,5.9,44,0.04,39,62,63.5,18.3,44,2020,PM2.5,0,healthy
3/2/2020,Monroe,0.3,3,,,0.9,0,8.23,52,0.04,41,68.4,75.5,17.2,52,2020,PM2.5,1,unhealthy
3/3/2020,Monroe,0.3,3,,,0.5,0,12.45,59,,,67.4,83.9,11.4,59,2020,PM2.5,1,unhealthy
3/4/2020,Monroe,0.3,3,7.4,7,0.3,0,7.1,47,0.04,33,57.1,86.9,18.2,47,2020,PM2.5,0,healthy
3/5/2020,Monroe,0.25,3,9.5,8,0.4,0,3.5,24,0.04,36,58.6,67.1,17.1,36,2020,O3,0,healthy
3/6/2020,Monroe,0.3,3,15.1,14,0.4,0,6.13,38,0.04,36,55.2,41.9,16,38,2020,PM2.5,0,healthy
3/7/2020,Monroe,0.2,2,11.4,10,1.4,1,3.2,21,0.04,38,51.4,48.5,11.4,38,2020,O3,0,healthy
3/8/2020,Monroe,0.3,3,14.8,13,0.6,0,5.37,33,0.04,40,57.9,54,11.4,40,2020,O3,0,healthy
3/9/2020,Monroe,0.3,3,11.8,10,0.5,0,10.07,55,0.05,46,62.7,80.2,16,55,2020,PM2.5,1,unhealthy
3/10/2020,Monroe,0.25,3,6.9,6,1.3,1,6.95,46,0.03,29,70.2,77.7,11.4,46,2020,PM2.5,0,healthy
3/11/2020,Monroe,0.4,5,26.8,25,0.6,0,5.3,29,0.04,32,72,72.5,16.1,32,2020,O3,0,healthy
3/12/2020,Monroe,0.3,3,19.9,18,0.3,0,8.2,52,0.03,27,72.2,70.5,18.3,52,2020,PM2.5,1,unhealthy
3/13/2020,Monroe,0.25,3,5.5,5,0.2,0,5.37,33,0.04,34,64.5,87.8,17.1,34,2020,O3,0,healthy
3/14/2020,Monroe,0.2,2,5.4,5,0.7,0,3.97,26,0.03,31,65.2,87,8,31,2020,O3,0,healthy
3/15/2020,Monroe,0.25,3,15.1,14,0.6,0,3.67,22,0.04,40,56.8,85.6,16.1,40,2020,O3,0,healthy
3/16/2020,Monroe,0.3,3,27.9,25,0.4,0,5.05,32,0.04,38,58,79.6,9.2,38,2020,O3,0,healthy
3/17/2020,Monroe,0.25,3,8.8,8,0.3,0,8.37,52,0.03,29,63.9,79.7,11.4,52,2020,PM2.5,1,unhealthy
3/18/2020,Monroe,0.3,3,30.9,28,0.5,0,6.2,39,0.04,35,70.3,78.4,12.7,39,2020,PM2.5,0,healthy
3/19/2020,Monroe,0.25,3,11.7,10,0.3,0,6.7,48,0.03,26,75.7,75.1,17.2,48,2020,PM2.5,0,healthy
3/20/2020,Monroe,0.25,3,6.5,6,0.2,0,3.97,29,0.03,31,68.2,91,14.9,31,2020,O3,0,healthy
3/21/2020,Monroe,0.25,3,22.1,21,0.2,0,4.47,27,0.04,34,53.8,81.3,18.2,34,2020,O3,0,healthy
3/22/2020,Monroe,0.35,5,25.6,24,0.4,0,5.7,36,0.04,36,60.2,87.8,9.1,36,2020,PM2.5,0,healthy
3/23/2020,Monroe,0.25,3,10.6,9,0.3,0,5.17,34,0.03,31,65.5,87.3,10.3,34,2020,PM2.5,0,healthy
3/24/2020,Monroe,0.3,3,17.3,16,0.3,0,3.7,23,0.04,37,70.9,82,19.7,37,2020,O3,0,healthy
3/25/2020,Monroe,0.25,3,11,10,0.3,0,3.98,27,0.04,36,69.3,77.1,11.4,36,2020,O3,0,healthy
3/26/2020,Monroe,0.25,3,16,15,0.4,0,5.37,33,0.04,39,73.2,72.4,13.8,39,2020,O3,0,healthy
3/27/2020,Monroe,0.3,3,12.5,11,0.2,0,4.2,26,0.03,30,77.8,69.8,14.9,30,2020,O3,0,healthy
3/28/2020,Monroe,0.35,5,14,13,0.4,0,4.8,32,0.03,31,74.7,76.9,19.6,32,2020,PM2.5,0,healthy
3/29/2020,Monroe,0.25,3,3.2,3,0.2,0,3.67,24,0.04,36,65.6,64.9,10.2,36,2020,O3,0,healthy
3/30/2020,Monroe,0.2,2,6.3,6,0.1,0,2.63,18,0.03,31,62.9,69.6,10.2,31,2020,O3,0,healthy
3/31/2020,Monroe,0.2,2,6.2,6,0.2,0,3.97,29,0.04,36,57.9,80,14.9,36,2020,O3,0,healthy
4/1/2020,Monroe,0.2,2,11.3,10,0.3,0,4.07,25,0.05,43,60,65.7,8,43,2020,O3,0,healthy
4/2/2020,Monroe,0.25,3,,,0.7,0,4.03,26,0.04,41,64.1,63.1,8,41,2020,O3,0,healthy
4/3/2020,Monroe,0.2,3,6.6,6,0.1,0,1.95,15,0.03,27,66.2,75.7,6.9,27,2020,O3,0,healthy
4/4/2020,Monroe,0.3,3,13.5,12,0.1,0,6.53,44,0.03,26,63.5,89.2,10.2,44,2020,PM2.5,0,healthy
4/5/2020,Monroe,0.35,5,9.3,8,0.4,0,6.17,42,0.03,30,66.5,77.9,9.2,42,2020,PM2.5,0,healthy
4/6/2020,Monroe,0.25,3,15,14,0.4,0,3.78,23,0.04,33,69.9,74.5,6.9,33,2020,O3,0,healthy
4/7/2020,Monroe,0.3,3,25.2,24,0.3,0,4.8,31,0.05,45,74.6,80.2,17.1,45,2020,O3,0,healthy
4/8/2020,Monroe,0.25,3,14.7,13,0.1,0,7.13,48,0.04,34,77.5,83.1,13.8,48,2020,PM2.5,0,healthy
4/9/2020,Monroe,0.25,3,18.6,17,0.1,0,5.22,38,0.04,41,72.2,62.6,18.3,41,2020,O3,0,healthy
4/10/2020,Monroe,0.15,2,4.7,4,0.2,0,2.33,16,0.04,34,59.7,50,17.1,34,2020,O3,0,healthy
4/11/2020,Monroe,0.25,3,10.9,9,0.3,0,4.97,29,0.04,40,60.9,59.9,8,40,2020,O3,0,healthy
4/12/2020,Monroe,0.25,3,18.3,17,0.4,0,5.9,38,0.05,44,68.5,85.7,20.7,44,2020,O3,0,healthy
4/13/2020,Monroe,0.25,3,3.8,3,0.2,0,2.9,21,0.04,34,52.9,75.8,17.2,34,2020,O3,0,healthy
4/14/2020,Monroe,0.2,2,7.6,7,0.2,0,3.83,25,0.04,42,51.4,66.1,18.2,42,2020,O3,0,healthy
4/15/2020,Monroe,0.2,2,14.4,13,0.4,0,5.62,38,0.04,39,51.3,60.1,10.2,39,2020,O3,0,healthy
4/16/2020,Monroe,0.2,2,10.5,9,,,4.4,29,0.04,35,56.8,58.1,11.4,35,2020,O3,0,healthy
4/17/2020,Monroe,0.25,3,11.3,10,0,0,6.23,43,0.04,40,63.9,70.7,10.3,43,2020,PM2.5,0,healthy
4/18/2020,Monroe,0.25,3,6,6,0.1,0,7,47,0.05,44,60.2,75,21.8,47,2020,PM2.5,0,healthy
4/19/2020,Monroe,0.25,3,4.4,4,0.2,0,8.03,51,0.05,43,62.5,88.1,14.9,51,2020,PM2.5,1,unhealthy
4/20/2020,Monroe,0.25,3,20.4,19,0,0,3.67,25,0.04,35,62.4,79.2,9.1,35,2020,O3,0,healthy
4/21/2020,Monroe,0.2,2,9.5,8,0,0,3.4,22,0.04,37,67.7,69.8,6.9,37,2020,O3,0,healthy
4/22/2020,Monroe,0.25,3,9.8,8,0,0,4.83,29,0.04,39,66.5,74.5,15,39,2020,O3,0,healthy
4/23/2020,Monroe,0.25,3,22.1,21,0.2,0,5.63,37,0.04,38,69.9,75.8,17.1,38,2020,O3,0,healthy
4/24/2020,Monroe,0.25,3,9.9,8,0.3,0,4.75,32,0.04,37,68.9,70.7,9.2,37,2020,O3,0,healthy
4/25/2020,Monroe,0.2,2,23.2,22,0.1,0,4.27,26,0.04,42,66.9,73.6,17.2,42,2020,O3,0,healthy
4/26/2020,Monroe,0.2,2,4.8,4,0,0,5.33,33,0.04,35,67.4,62,10.2,35,2020,O3,0,healthy
4/27/2020,Monroe,0.25,3,12.5,11,0.1,0,3.82,24,0.04,38,67.4,57.7,9.2,38,2020,O3,0,healthy
4/28/2020,Monroe,0.3,3,19,18,0.1,0,5.13,32,0.04,38,67.3,78.3,11.4,38,2020,O3,0,healthy
4/29/2020,Monroe,0.2,2,7,7,0.3,0,5.97,36,0.05,43,66.8,68.1,24,43,2020,O3,0,healthy
4/30/2020,Monroe,0.2,2,9.6,8,0,0,3.72,23,0.05,43,65.6,56,16,43,2020,O3,0,healthy
5/1/2020,Monroe,0.25,3,7.8,7,0,0,4.2,27,0.02,23,68.7,62.7,11.4,27,2020,PM2.5,0,healthy
5/2/2020,Monroe,0.25,3,9.2,8,0.2,0,5.5,36,0.04,37,73.3,66.6,14.9,37,2020,O3,0,healthy
5/3/2020,Monroe,0.2,2,4.7,4,0.4,0,5.55,33,0.05,49,75.3,72.8,14.9,49,2020,O3,0,healthy
5/4/2020,Monroe,0.2,2,6.4,6,0.4,0,2.67,17,0.04,34,76.1,72.2,16,34,2020,O3,0,healthy
5/5/2020,Monroe,0.25,3,20.2,19,0.3,0,2.67,19,0.04,36,73.8,75.8,14.9,36,2020,O3,0,healthy
5/6/2020,Monroe,0.25,3,25,24,0.1,0,4.3,27,0.04,33,67.8,57.1,17.1,33,2020,O3,0,healthy
5/7/2020,Monroe,0.25,3,12,11,0.6,0,4.1,26,0.04,39,65.3,55.7,8,39,2020,O3,0,healthy
5/8/2020,Monroe,0.2,2,11.3,10,0.1,0,2.75,17,0.03,30,67,74.7,17.1,30,2020,O3,0,healthy
5/9/2020,Monroe,0.1,1,3.7,3,0.4,0,1.52,14,0.03,31,59.2,64.6,17.1,31,2020,O3,0,healthy
5/10/2020,Monroe,0.2,2,8.4,8,0.4,0,4.33,32,0.04,37,62.3,62,9.1,37,2020,O3,0,healthy
5/11/2020,Monroe,0.2,2,7.9,7,0,0,4.6,34,0.03,26,66.1,53.2,12.7,34,2020,PM2.5,0,healthy
5/12/2020,Monroe,0.2,2,12.9,11,0.4,0,3.7,26,0.04,34,69.8,53.5,14.9,34,2020,O3,0,healthy
5/13/2020,Monroe,0.2,2,16.8,15,0.3,0,5.57,38,0.04,38,72.3,79.5,10.3,38,2020,PM2.5,0,healthy
5/14/2020,Monroe,0.3,3,20.8,19,0.3,0,5.33,35,0.04,42,73.6,83.3,11.4,42,2020,O3,0,healthy
5/15/2020,Monroe,0.2,2,12.1,11,0,0,6.25,38,0.04,41,74,82.8,10.2,41,2020,O3,0,healthy
5/16/2020,Monroe,0.2,2,7.1,7,0,0,5.17,34,0.04,33,76.5,80.9,16,34,2020,PM2.5,0,healthy
5/17/2020,Monroe,0.3,3,8.4,8,0,0,6.9,43,0.04,34,73.2,81.6,18.3,43,2020,PM2.5,0,healthy
5/18/2020,Monroe,0.2,2,7.6,7,0,0,4.38,28,0.03,31,73.2,65.4,14.9,31,2020,O3,0,healthy
5/19/2020,Monroe,0.2,2,6.5,6,0.1,0,4.57,28,0.04,38,71.8,65.6,12.6,38,2020,O3,0,healthy
5/20/2020,Monroe,0.2,2,11.1,10,0.1,0,4.13,26,0.05,43,73.6,60.7,9.1,43,2020,O3,0,healthy
5/21/2020,Monroe,0.2,2,14.5,13,0.2,0,4.88,30,0.06,51,77.8,69.2,8,51,2020,O3,1,unhealthy
5/22/2020,Monroe,0.2,2,8.9,8,1.1,1,6.87,40,0.04,42,80.8,71.8,16,42,2020,O3,0,healthy
5/23/2020,Monroe,0.35,5,19.3,18,0.2,0,7.13,43,0.05,44,73.8,86.1,21.8,44,2020,O3,0,healthy
5/24/2020,Monroe,0.4,5,5.8,5,0.1,0,6.38,39,0.04,38,77.4,76,9.2,39,2020,PM2.5,0,healthy
5/25/2020,Monroe,0.3,3,9.3,8,0.1,0,7.57,47,0.05,47,76.8,77.6,14.9,47,2020,PM2.5,0,healthy
5/26/2020,Monroe,0.35,5,12.6,11,1,1,9.53,54,0.05,47,74.1,80.2,8,54,2020,PM2.5,1,unhealthy
5/27/2020,Monroe,0.35,5,8.3,8,0.1,0,7.85,47,0.05,47,74.3,72.9,11.4,47,2020,PM2.5,0,healthy
5/28/2020,Monroe,0.2,2,9.2,8,0,0,3.07,20,0.02,22,71.8,78.4,13.8,22,2020,O3,0,healthy
5/29/2020,Monroe,0.2,2,8.9,8,0.3,0,4.07,26,0.04,34,74.6,74.8,12.6,34,2020,O3,0,healthy
5/30/2020,Monroe,0.15,2,4.1,4,0.1,0,3.45,24,0.04,32,76.7,61.4,10.3,32,2020,O3,0,healthy
5/31/2020,Monroe,0.1,1,3.6,3,0,0,1.5,12,0.04,34,76.6,55.1,11.4,34,2020,O3,0,healthy
6/1/2020,Monroe,0.15,2,8.1,8,0.4,0,2.83,20,0.05,44,75.6,62.2,6.9,44,2020,O3,0,healthy
6/2/2020,Monroe,0.2,2,12.5,11,0.3,0,5.48,35,0.05,49,77.1,72,5.8,49,2020,O3,0,healthy
6/3/2020,Monroe,0.25,3,11.1,10,0.1,0,9.87,55,0.05,48,81,73.1,11.3,55,2020,PM2.5,1,unhealthy
6/4/2020,Monroe,0.2,2,9.8,8,0.1,0,8,48,0.06,61,79.9,74.6,11.4,61,2020,O3,1,unhealthy
6/5/2020,Monroe,0.25,3,7.9,7,0,0,8.45,52,0.06,64,82.7,71.6,21.8,64,2020,O3,1,unhealthy
6/6/2020,Monroe,0.2,2,3.3,3,1.1,1,5.33,34,0.05,45,81.5,69.8,11.4,45,2020,O3,0,healthy
6/7/2020,Monroe,0.2,2,7.7,7,0,0,3.07,23,0.03,24,82.8,69.7,16,24,2020,O3,0,healthy
6/8/2020,Monroe,0.2,2,8.1,8,0.1,0,3.82,25,0.03,26,78,84.7,25.2,26,2020,O3,0,healthy
6/9/2020,Monroe,0.2,2,12.3,11,0.4,0,5.6,34,0.06,71,84.4,75.3,18.3,71,2020,O3,1,unhealthy
6/10/2020,Monroe,0.7,14,13.6,12,0.2,0,7.7,46,0.04,36,76.5,67.3,20.7,46,2020,PM2.5,0,healthy
6/11/2020,Monroe,0.8,16,6.5,6,0,0,3.9,24,0.04,34,75.2,65.2,14.9,34,2020,O3,0,healthy
6/12/2020,Monroe,0.1,1,9.1,8,0.1,0,2.13,16,0.04,38,76.5,59.7,16,38,2020,O3,0,healthy
6/13/2020,Monroe,0.2,2,5.6,5,0,0,2.37,17,0.03,26,78.7,59.8,13.8,26,2020,O3,0,healthy
6/14/2020,Monroe,0.25,3,8.9,8,0.3,0,4.27,28,0.03,28,79.8,66.7,10.2,28,2020,PM2.5,0,healthy
6/15/2020,Monroe,0.2,2,11.7,10,0.2,0,4.33,28,0.03,30,82,66.5,5.8,30,2020,O3,0,healthy
6/16/2020,Monroe,0.2,2,9.9,8,0.1,0,4.77,31,0.04,41,79.4,62.3,10.2,41,2020,O3,0,healthy
6/17/2020,Monroe,0.3,3,12.2,11,0.1,0,6.75,44,0.05,46,76,65.7,5.8,46,2020,O3,0,healthy
6/18/2020,Monroe,0.35,5,12.9,11,0.6,0,6.77,42,0.05,50,78,65.6,6.9,50,2020,O3,0,healthy
6/19/2020,Monroe,0.25,3,8.5,8,0.1,0,4.6,29,0.05,45,79.9,68.8,6.9,45,2020,O3,0,healthy
6/20/2020,Monroe,0.3,3,9.3,8,0.8,0,7.72,48,0.06,64,81.3,66.2,14.9,64,2020,O3,1,unhealthy
6/21/2020,Monroe,0.3,3,9,8,0,0,5.8,36,0.05,44,80.6,76.5,12.7,44,2020,O3,0,healthy
6/22/2020,Monroe,0.25,3,9.4,8,0.2,0,9.2,52,0.06,61,77.3,84.3,16,61,2020,O3,1,unhealthy
6/23/2020,Monroe,0.25,3,8.3,8,0,0,7.72,46,0.05,44,79.4,74.9,17.1,46,2020,PM2.5,0,healthy
6/24/2020,Monroe,0.15,2,6,6,0,0,3.27,22,0.04,37,77.5,82.7,10.2,37,2020,O3,0,healthy
6/25/2020,Monroe,0.15,2,9,8,0.2,0,4.5,27,0.04,42,75,88.2,11.3,42,2020,O3,0,healthy
6/26/2020,Monroe,0.2,3,8.5,8,0,0,4.9,32,0.04,42,76.2,89.6,6.9,42,2020,O3,0,healthy
6/27/2020,Monroe,0.2,2,5,5,0.1,0,5.63,34,0.05,44,82.2,79.4,16,44,2020,O3,0,healthy
6/28/2020,Monroe,0.2,2,7.3,7,0,0,6.93,43,0.03,31,81.1,81.5,12.7,43,2020,PM2.5,0,healthy
6/29/2020,Monroe,0.2,2,7.6,7,0.2,0,8.1,52,0.03,27,82.2,82.1,11.4,52,2020,PM2.5,1,unhealthy
6/30/2020,Monroe,0.2,2,3.5,3,0,0,6.43,42,0.04,34,83.4,78.7,14.9,42,2020,PM2.5,0,healthy
7/1/2020,Monroe,0.25,3,13.7,12,0.2,0,7.2,45,0.04,38,85.4,75.2,13.8,45,2020,PM2.5,0,healthy
7/2/2020,Monroe,0.3,3,10.1,9,0.5,0,11.3,58,0.04,39,83,78.7,11.4,58,2020,PM2.5,1,unhealthy
7/3/2020,Monroe,0.3,3,8.3,8,1.2,1,12.5,58,0.03,30,79.4,82.2,8,58,2020,PM2.5,1,unhealthy
7/4/2020,Monroe,0.3,3,8.3,8,0.5,0,14.03,63,0.03,30,81.3,76.4,9.1,63,2020,PM2.5,1,unhealthy
7/5/2020,Monroe,0.3,3,11.9,10,0.6,0,13.45,61,0.06,51,80.2,80,5.8,61,2020,PM2.5,1,unhealthy
7/6/2020,Monroe,0.3,3,,,0.3,0,8.93,51,0.04,40,79.9,81.3,12.7,51,2020,PM2.5,1,unhealthy
7/7/2020,Monroe,0.25,3,,,0.9,0,11.3,56,0.06,77,78.2,86.6,6.9,77,2020,O3,1,unhealthy
7/8/2020,Monroe,0.25,3,,,0.7,0,10.42,55,0.06,80,79.6,90.1,14.8,80,2020,O3,1,unhealthy
7/9/2020,Monroe,0.25,3,,,0.4,0,10.6,55,0.06,58,84,78.7,12.7,58,2020,O3,1,unhealthy
7/10/2020,Monroe,0.2,2,,,0,0,8.25,48,0.06,58,87,76.3,11.4,58,2020,O3,1,unhealthy
7/11/2020,Monroe,0.2,2,,,0,0,5.22,33,0.05,44,87.9,73.8,10.2,44,2020,O3,0,healthy
7/12/2020,Monroe,0.2,2,,,0,0,5.6,34,0.03,31,87.5,70.9,13.8,34,2020,PM2.5,0,healthy
7/13/2020,Monroe,0.2,2,,,0.4,0,4.55,28,0.03,26,85.5,72.8,5.8,28,2020,PM2.5,0,healthy
7/14/2020,Monroe,0.25,3,,,0,0,4.18,27,0.02,20,85.5,74.8,10.2,27,2020,PM2.5,0,healthy
7/15/2020,Monroe,0.3,3,,,0,0,5.43,33,0.04,36,86.1,73.3,11.3,36,2020,O3,0,healthy
7/16/2020,Monroe,0.25,3,,,0,0,8.03,48,0.03,31,86,72.4,8.1,48,2020,PM2.5,0,healthy
7/17/2020,Monroe,0.25,3,,,0,0,5.95,35,0.05,44,81.8,75.9,9.1,44,2020,O3,0,healthy
7/18/2020,Monroe,0.25,3,7.6,7,0.2,0,7.6,44,0.06,74,84.5,72.5,6.9,74,2020,O3,1,unhealthy
7/19/2020,Monroe,0.25,3,2.4,2,0,0,7.57,44,0.04,39,85.9,69.4,8,44,2020,PM2.5,0,healthy
7/20/2020,Monroe,0.2,3,9,8,0,0,4.38,26,0.04,34,83.5,77,6.9,34,2020,O3,0,healthy
7/21/2020,Monroe,0.15,2,7.7,7,0,0,2.47,18,0.03,25,80.8,84.2,10.3,25,2020,O3,0,healthy
7/22/2020,Monroe,0.25,3,11.9,10,0,0,5.83,41,0.04,38,83.8,76.2,6.9,41,2020,PM2.5,0,healthy
7/23/2020,Monroe,0.3,3,10.5,9,0,0,4.72,31,0.04,35,85.6,68.9,9.2,35,2020,O3,0,healthy
7/24/2020,Monroe,0.35,5,15,14,0.1,0,6,40,0.03,31,81.5,80.8,10.3,40,2020,PM2.5,0,healthy
7/25/2020,Monroe,0.45,6,12.4,11,0.1,0,6.4,38,0.04,38,80.4,83.5,8,38,2020,PM2.5,0,healthy
7/26/2020,Monroe,0.3,3,,,0.4,0,7.9,50,0.06,54,79,85.6,6.9,54,2020,O3,1,unhealthy
7/27/2020,Monroe,0.2,2,,,0,0,6.35,38,0.05,46,79.8,81.3,8,46,2020,O3,0,healthy
7/28/2020,Monroe,0.1,1,,,0.1,0,3.53,26,0.03,31,81.4,77.5,8,31,2020,O3,0,healthy
7/29/2020,Monroe,0.25,3,10,9,0.4,0,4.58,30,0.04,40,82.8,77.7,12.7,40,2020,O3,0,healthy
7/30/2020,Monroe,0.25,3,16.2,15,0.1,0,3.9,26,0.03,27,83,79,17.2,27,2020,O3,0,healthy
7/31/2020,Monroe,0.3,3,13,12,0.1,0,4.77,31,0.03,25,79.9,81,25.9,31,2020,PM2.5,0,healthy
8/1/2020,Monroe,0.3,3,10.4,9,1.9,1,5.6,34,0.04,32,79.9,75.7,10.3,34,2020,PM2.5,0,healthy
8/2/2020,Monroe,0.2,2,3.6,3,0,0,3.2,23,0.04,32,79.8,70.4,8,32,2020,O3,0,healthy
8/3/2020,Monroe,0.2,2,16.7,15,0.2,0,4.4,28,0.03,30,81,69.3,9.1,30,2020,O3,0,healthy
8/4/2020,Monroe,0.25,3,13.8,12,0,0,5.4,34,0.03,31,80.3,67.8,12.7,34,2020,PM2.5,0,healthy
8/5/2020,Monroe,0.25,3,6.7,6,0.3,0,4.07,27,0.03,29,78.9,72.3,6.9,29,2020,O3,0,healthy
8/6/2020,Monroe,0.2,2,11.3,10,0.2,0,3.33,23,0.03,31,79.4,62.5,10.2,31,2020,O3,0,healthy
8/7/2020,Monroe,0.3,3,15.2,14,0.2,0,4.88,30,0.04,32,79.1,71.7,9.1,32,2020,O3,0,healthy
8/8/2020,Monroe,0.35,5,10.1,9,0.2,0,7.37,43,0.04,40,84.4,66.2,6.9,43,2020,PM2.5,0,healthy
8/9/2020,Monroe,0.35,5,4.6,4,0.2,0,7.87,46,0.06,51,85,70.2,9.1,51,2020,O3,1,unhealthy
8/10/2020,Monroe,0.35,5,12.4,11,0.2,0,10.18,55,0.05,50,85,72,8,55,2020,PM2.5,1,unhealthy
8/11/2020,Monroe,0.3,3,10.2,9,1.2,1,8.93,51,0.05,48,85.8,66.2,12.7,51,2020,PM2.5,1,unhealthy
8/12/2020,Monroe,0.3,3,16,15,0.3,0,4.8,29,0.04,36,82,77.7,11.4,36,2020,O3,0,healthy
8/13/2020,Monroe,0.3,3,11.9,10,0.6,0,6.28,39,0.05,43,77.5,87.9,12.7,43,2020,O3,0,healthy
8/14/2020,Monroe,0.25,3,21.6,20,0.2,0,6.93,43,0.04,32,78.6,86.3,10.2,43,2020,PM2.5,0,healthy
8/15/2020,Monroe,0.25,3,9.6,8,0.1,0,7.43,44,0.04,38,84.7,77.7,8,44,2020,PM2.5,0,healthy
8/16/2020,Monroe,0.25,3,8.3,8,0,0,9.5,53,0.03,25,86.2,71.2,11.3,53,2020,PM2.5,1,unhealthy
8/17/2020,Monroe,0.25,3,12.7,11,0.6,0,6.23,41,0.04,33,79.7,63.7,11.4,41,2020,PM2.5,0,healthy
8/18/2020,Monroe,0.2,2,7.6,7,0.2,0,3.87,26,0.03,26,80.9,67.3,9.1,26,2020,PM2.5,0,healthy
8/19/2020,Monroe,0.2,2,10.1,9,0.1,0,2.37,17,0.02,21,79.8,64.4,14.9,21,2020,O3,0,healthy
8/20/2020,Monroe,0.25,3,13.7,12,0.5,0,3.8,23,0.04,34,77.3,68.7,11.3,34,2020,O3,0,healthy
8/21/2020,Monroe,0.3,3,6.7,6,0.2,0,5.43,37,0.05,49,79.2,69.8,8,49,2020,O3,0,healthy
8/22/2020,Monroe,0.35,5,11.5,10,1.1,1,9.18,57,0.06,61,80.2,69.8,8,61,2020,O3,1,unhealthy
8/23/2020,Monroe,0.3,3,12.8,11,0.9,0,9.17,55,0.06,61,81,67.6,9.1,61,2020,O3,1,unhealthy
8/24/2020,Monroe,0.3,3,10,9,0.9,0,9.97,54,0.05,50,82.5,67.9,12.7,54,2020,PM2.5,1,unhealthy
8/25/2020,Monroe,0.2,2,7.8,7,0.1,0,7.6,46,0.03,31,81.4,77.9,12.7,46,2020,PM2.5,0,healthy
8/26/2020,Monroe,0.2,2,5.8,5,0,0,2.47,17,0.03,27,85.4,70.3,11.4,27,2020,O3,0,healthy
8/27/2020,Monroe,0.3,5,10.6,9,0.1,0,9.83,55,0.04,40,77.1,87.2,41.2,55,2020,PM2.5,1,unhealthy
8/28/2020,Monroe,0.3,5,5,5,0,0,3.9,24,0.02,21,81,81.6,13.8,24,2020,PM2.5,0,healthy
8/29/2020,Monroe,0.2,2,3.7,3,0,0,3.23,22,0.04,33,82.8,83.2,6.9,33,2020,O3,0,healthy
8/30/2020,Monroe,0.3,3,10.1,9,0,0,3.3,21,0.02,22,82.7,81.8,12.7,22,2020,O3,0,healthy
8/31/2020,Monroe,0.3,3,7,7,0.1,0,3.13,20,0.03,30,84.1,79.4,14.9,30,2020,O3,0,healthy
9/1/2020,Monroe,0.2,2,10,9,0,0,2.53,18,0.03,27,84.9,76.2,13.8,27,2020,O3,0,healthy
9/2/2020,Monroe,0.2,2,8.9,8,0.1,0,3.33,21,0.04,34,85,75.8,13.8,34,2020,O3,0,healthy
9/3/2020,Monroe,0.25,3,12,11,0.4,0,4.9,32,0.04,34,82.8,77.5,11.3,34,2020,O3,0,healthy
9/4/2020,Monroe,0.2,2,10,9,0.2,0,2.9,19,0.03,31,83.2,78.1,11.4,31,2020,O3,0,healthy
9/5/2020,Monroe,0.2,2,6.8,6,0.5,0,3.77,24,0.03,27,81.8,75.5,13.8,27,2020,O3,0,healthy
9/6/2020,Monroe,0.2,2,7.2,7,0.3,0,3.9,26,0.03,28,79.5,64.6,6.9,28,2020,O3,0,healthy
9/7/2020,Monroe,0.2,2,4.7,4,0.3,0,6.13,41,0.03,31,78.6,70.8,6.9,41,2020,PM2.5,0,healthy
9/8/2020,Monroe,0.2,2,5,5,0.1,0,3.9,24,0.03,25,80.1,70.3,9.1,25,2020,O3,0,healthy
9/9/2020,Monroe,0.2,2,8.2,8,0.4,0,6.05,37,0.02,23,81.7,73.1,6.9,37,2020,PM2.5,0,healthy
9/10/2020,Monroe,0.2,2,6.6,6,0.1,0,5.3,32,0.03,24,83.9,69.5,11.3,32,2020,PM2.5,0,healthy
9/11/2020,Monroe,0.3,3,11.9,10,0.1,0,2.83,21,0.03,24,83.1,70.5,12.7,24,2020,O3,0,healthy
9/12/2020,Monroe,0.3,3,6.5,6,0.1,0,5.5,34,0.03,28,81.1,79.5,9.1,34,2020,PM2.5,0,healthy
9/13/2020,Monroe,0.2,2,6,6,0,0,4.5,28,0.03,27,80.2,83.4,10.2,28,2020,PM2.5,0,healthy
9/14/2020,Monroe,0.2,2,11,10,0.2,0,2.83,18,0.03,25,80.4,80.3,13.8,25,2020,O3,0,healthy
9/15/2020,Monroe,0.35,5,12.7,11,0.4,0,2.92,18,0.02,22,82,74.1,16,22,2020,O3,0,healthy
9/16/2020,Monroe,0.3,3,10.2,9,0.6,0,3.47,23,0.03,28,81.2,74.1,12.7,28,2020,O3,0,healthy
9/17/2020,Monroe,0.2,2,15.5,14,0.1,0,5.63,34,0.02,19,78.6,74.3,13.8,34,2020,PM2.5,0,healthy
9/18/2020,Monroe,0.2,2,7.1,7,0.1,0,2.38,16,0.03,25,75.8,67.8,14.9,25,2020,O3,0,healthy
9/19/2020,Monroe,0.25,3,15.6,14,0.2,0,4.83,29,0.03,26,71,63.1,16,29,2020,PM2.5,0,healthy
9/20/2020,Monroe,0.35,5,11.4,10,0.2,0,4.27,26,0.03,27,74.5,61.3,16.1,27,2020,O3,0,healthy
9/21/2020,Monroe,0.25,3,15,14,2.4,3,3.9,24,0.03,31,69,83,10.2,31,2020,O3,0,healthy
9/22/2020,Monroe,0.25,3,14.5,13,0.2,0,4.77,29,0.04,33,68.1,88,11.4,33,2020,O3,0,healthy
9/23/2020,Monroe,0.3,3,13.4,12,0.5,0,9.27,54,0.05,47,68.1,93.3,12.7,54,2020,PM2.5,1,unhealthy
9/24/2020,Monroe,0.4,5,15.3,14,0.4,0,12.63,59,0.05,49,67,89.8,16,59,2020,PM2.5,1,unhealthy
9/25/2020,Monroe,0.5,6,24.5,23,0.6,0,16.43,67,0.06,64,68.3,87,5.8,67,2020,PM2.5,1,unhealthy
9/26/2020,Monroe,0.5,6,11.1,10,0.1,0,9.7,53,0.04,41,72.2,81.8,5.8,53,2020,PM2.5,1,unhealthy
9/27/2020,Monroe,0.35,5,10.1,9,0.1,0,5.33,32,0.04,36,75.2,78.1,9.1,36,2020,O3,0,healthy
9/28/2020,Monroe,0.35,5,,,0.2,0,6.27,38,0.04,34,69.7,74,19.6,38,2020,PM2.5,0,healthy
9/29/2020,Monroe,0.25,3,,,0,0,3.5,22,0.02,21,64.7,62.1,16,22,2020,PM2.5,0,healthy
9/30/2020,Monroe,0.25,3,,,0,0,2.68,17,0.03,28,66.2,65,10.3,28,2020,O3,0,healthy
10/1/2020,Monroe,0.25,3,,,0.1,0,2.87,22,0.02,23,66.6,63.9,14.9,23,2020,O3,0,healthy
10/2/2020,Monroe,0.25,3,,,0.1,0,3.13,23,0.02,23,62.6,60.7,11.4,23,2020,PM2.5,0,healthy
10/3/2020,Monroe,0.3,3,8.4,8,0.1,0,3.12,20,0.03,27,61.3,66.2,6.9,27,2020,O3,0,healthy
10/4/2020,Monroe,0.3,3,10.7,9,0.1,0,4.67,32,0.03,27,65.6,69.8,14.9,32,2020,PM2.5,0,healthy
10/5/2020,Monroe,0.4,5,14.6,13,0.3,0,7.55,46,0.02,22,61.4,69,10.2,46,2020,PM2.5,0,healthy
10/6/2020,Monroe,0.35,5,,,0.3,0,4.35,28,0.04,34,63.7,69.7,5.8,34,2020,O3,0,healthy
10/7/2020,Monroe,0.25,3,,,0.3,0,4.8,29,,,70.5,68.8,8,29,2020,PM2.5,0,healthy
10/8/2020,Monroe,0.25,3,,,0.1,0,3.13,21,,,69.5,86.1,9.1,21,2020,PM2.5,0,healthy
10/9/2020,Monroe,0.5,6,,,0.7,0,5.22,32,0.04,42,70.1,93,25.1,42,2020,O3,0,healthy
10/10/2020,Monroe,0.5,6,,,0.5,0,10.5,56,0.04,38,70.6,85.6,35.6,56,2020,PM2.5,1,unhealthy
10/11/2020,Monroe,0.3,3,,,0.2,0,1.97,13,0.02,21,74,80.1,11.3,21,2020,O3,0,healthy
10/12/2020,Monroe,0.3,3,,,0.2,0,2.9,18,0.03,28,75.8,79.8,16,28,2020,O3,0,healthy
10/13/2020,Monroe,0.2,2,,,0.1,0,2.87,21,0.03,29,65.5,66.6,12.7,29,2020,O3,0,healthy
10/14/2020,Monroe,0.2,2,,,0.4,0,3.33,22,0.04,32,64.3,75.5,6.9,32,2020,O3,0,healthy
10/15/2020,Monroe,0.2,2,,,0.4,0,4.22,34,0.04,35,66.7,85.8,18.2,35,2020,O3,0,healthy
10/16/2020,Monroe,0.3,3,,,0.3,0,5,34,0.03,25,59.3,63.5,16,34,2020,PM2.5,0,healthy
10/17/2020,Monroe,0.4,5,,,0.2,0,8.27,49,0.04,32,59.8,59.8,11.4,49,2020,PM2.5,0,healthy
10/18/2020,Monroe,0.5,6,,,0.2,0,5.32,33,0.04,35,70.1,72,11.4,35,2020,O3,0,healthy
10/19/2020,Monroe,0.2,2,,,0.1,0,4.83,32,0.01,13,74.3,83.3,9.1,32,2020,PM2.5,0,healthy
10/20/2020,Monroe,0.2,2,,,0.1,0,2.93,20,0.02,23,72.5,83.6,10.2,23,2020,O3,0,healthy
10/21/2020,Monroe,0.3,3,,,0.1,0,4.85,35,0.02,21,73,81.7,6.9,35,2020,PM2.5,0,healthy
10/22/2020,Monroe,0.3,3,,,0.2,0,5.83,36,,,74,82.9,6.9,36,2020,PM2.5,0,healthy
10/23/2020,Monroe,0.3,3,,,0.4,0,6.43,41,0.03,31,74.9,86.8,10.2,41,2020,PM2.5,0,healthy
10/24/2020,Monroe,0.2,2,,,0.2,0,1.85,17,0.02,19,56.1,90,18.2,19,2020,O3,0,healthy
10/25/2020,Monroe,0.2,2,,,0.1,0,3.4,23,0.03,26,56.2,88.3,8,26,2020,O3,0,healthy
10/26/2020,Monroe,0.2,2,,,0.1,0,5.5,34,0.02,15,62.1,82.9,13.8,34,2020,PM2.5,0,healthy
10/27/2020,Monroe,0.25,3,,,0.1,0,6.18,41,0.02,18,60.6,93.4,10.2,41,2020,PM2.5,0,healthy
10/28/2020,Monroe,0.3,3,,,0.1,0,4.5,27,0.02,20,62,97.4,17.2,27,2020,PM2.5,0,healthy
10/29/2020,Monroe,0.35,5,,,0.2,0,6.77,41,0.02,23,51.4,78.5,20.7,41,2020,PM2.5,0,healthy
10/30/2020,Monroe,0.2,2,,,0.1,0,5.03,34,0.03,27,52.8,73.3,12.7,34,2020,PM2.5,0,healthy
10/31/2020,Monroe,0.3,5,,,0.2,0,6.67,42,0.03,31,52.7,79.5,5.8,42,2020,PM2.5,0,healthy
11/1/2020,Monroe,0.25,3,,,0.2,0,4.27,26,0.03,26,56.8,72.9,17.1,26,2020,PM2.5,0,healthy
11/2/2020,Monroe,0.2,2,,,0.4,0,1.95,14,0.03,31,50.1,63.2,9.1,31,2020,O3,0,healthy
11/3/2020,Monroe,0.2,2,,,0.4,0,4.9,39,0.03,29,52.9,72.2,4.7,39,2020,PM2.5,0,healthy
11/4/2020,Monroe,0.3,3,,,1.4,1,6.67,49,0.04,34,56.1,74.6,6.9,49,2020,PM2.5,0,healthy
11/5/2020,Monroe,0.4,5,,,1.5,1,6.02,37,0.04,37,57.2,79.5,6.9,37,2020,PM2.5,0,healthy
11/6/2020,Monroe,0.3,3,,,0.9,0,10.2,55,0.05,48,61.7,77,8,55,2020,PM2.5,1,unhealthy
11/7/2020,Monroe,0.3,3,,,1,1,15.03,64,0.05,50,64.1,91.9,4.7,64,2020,PM2.5,1,unhealthy
11/8/2020,Monroe,0.55,7,,,1,1,18.42,71,0.05,45,70,83.8,8,71,2020,PM2.5,1,unhealthy
11/9/2020,Monroe,0.6,8,,,0.9,0,11.7,58,0.04,35,69.5,86.1,8,58,2020,PM2.5,1,unhealthy
11/10/2020,Monroe,0.5,7,,,0.8,0,5.8,36,0.03,29,72.6,84.4,10.2,36,2020,PM2.5,0,healthy
11/11/2020,Monroe,0.2,2,,,0.2,0,3.28,21,0.03,26,67.6,78.6,10.3,26,2020,O3,0,healthy
11/12/2020,Monroe,0.4,6,,,0.3,0,4.7,30,0.03,25,57.9,76.1,8,30,2020,PM2.5,0,healthy
11/13/2020,Monroe,0.45,7,,,0.8,0,7.5,45,0.02,23,60.6,73.7,12.7,45,2020,PM2.5,0,healthy
11/14/2020,Monroe,0.3,3,21,20,0.3,0,7.2,51,0.03,25,67.5,73.2,16.1,51,2020,PM2.5,1,unhealthy
11/15/2020,Monroe,0.3,3,4.8,4,0.3,0,6.6,41,0.03,30,61.9,63.5,17.2,41,2020,PM2.5,0,healthy
11/16/2020,Monroe,0.15,2,10,9,0.3,0,7.67,51,0.03,25,52.5,63.5,6.9,51,2020,PM2.5,1,unhealthy
11/17/2020,Monroe,0.15,2,10.4,9,0.2,0,5.75,41,0.03,31,54.5,60.9,13.8,41,2020,PM2.5,0,healthy
11/18/2020,Monroe,0.2,2,14.8,13,0.5,0,5.13,39,0.03,28,53,56.8,6.9,39,2020,PM2.5,0,healthy
11/19/2020,Monroe,0.2,2,14,13,1,1,4.4,33,0.03,31,57.2,69.7,10.3,33,2020,PM2.5,0,healthy
11/20/2020,Monroe,0.2,2,11.5,10,0.4,0,6.82,42,0.04,33,62.7,83.3,6.9,42,2020,PM2.5,0,healthy
11/21/2020,Monroe,0.15,2,5.1,5,0.1,0,4.07,33,0.03,25,61.7,82.8,4.7,33,2020,PM2.5,0,healthy
11/22/2020,Monroe,0.2,2,14.7,13,0,0,5.83,36,0.02,20,60.4,80.3,18.2,36,2020,PM2.5,0,healthy
11/23/2020,Monroe,0.2,2,10,9,0.1,0,5.48,38,0.02,21,51.3,67.7,13.8,38,2020,PM2.5,0,healthy
11/24/2020,Monroe,0.2,2,12.1,11,0.1,0,4.63,35,0.02,21,58.4,69.4,16.1,35,2020,PM2.5,0,healthy
11/25/2020,Monroe,0.2,2,13.4,12,0.3,0,8.67,52,,,62.9,79,18.3,52,2020,PM2.5,1,unhealthy
11/26/2020,Monroe,0.2,2,12.8,11,0,0,6.93,49,0.02,18,53.4,79.1,6.9,49,2020,PM2.5,0,healthy
11/27/2020,Monroe,0.3,3,11.9,10,0.2,0,7.97,49,0.02,19,59.4,94,10.2,49,2020,PM2.5,0,healthy
11/28/2020,Monroe,0.2,2,7.3,7,0.3,0,7.47,44,0.03,27,52.8,82.2,11.4,44,2020,PM2.5,0,healthy
11/29/2020,Monroe,0.45,6,20.5,19,0.2,0,7.12,49,0.03,27,49.3,91.6,17.1,49,2020,PM2.5,0,healthy
11/30/2020,Monroe,0.5,7,,,,,6.77,41,,,43.2,61.6,19.6,41,2020,PM2.5,0,healthy
12/1/2020,Monroe,0.2,2,9.1,8,0,0,3.57,33,0.02,19,40.7,63,6.9,33,2020,PM2.5,0,healthy
12/2/2020,Monroe,0.2,2,13,12,0.2,0,2.42,18,0.03,31,46.8,57.8,10.3,31,2020,O3,0,healthy
12/3/2020,Monroe,0.2,2,14.6,13,0.3,0,7.33,46,0.03,27,48.7,79.8,10.2,46,2020,PM2.5,0,healthy
12/4/2020,Monroe,0.2,2,15.1,14,0.8,0,8.63,51,0.03,27,44.9,85.1,10.2,51,2020,PM2.5,1,unhealthy
12/5/2020,Monroe,0.2,2,12.4,11,0,0,9.5,55,0.03,24,46.9,74.3,6.9,55,2020,PM2.5,1,unhealthy
12/6/2020,Monroe,0.15,2,5.4,5,0.2,0,2.6,24,0.03,29,47.9,75.7,9.1,29,2020,O3,0,healthy
12/7/2020,Monroe,0.15,2,11.1,10,0.2,0,3.43,29,0.03,29,45.5,76.9,11.4,29,2020,PM2.5,0,healthy
12/8/2020,Monroe,0.2,2,16.8,15,0.2,0,4.18,37,0.03,26,48.6,71.9,10.2,37,2020,PM2.5,0,healthy
12/9/2020,Monroe,0.2,2,11.4,10,0.1,0,13.77,63,0.02,15,50.4,67.5,10.3,63,2020,PM2.5,1,unhealthy
12/10/2020,Monroe,0.35,5,24.8,23,0.1,0,9.7,54,0.02,22,54.7,66.9,12.7,54,2020,PM2.5,1,unhealthy
12/11/2020,Monroe,0.65,8,25.1,24,1.1,1,18.18,71,0.02,21,61.1,76.8,13.8,71,2020,PM2.5,1,unhealthy
12/12/2020,Monroe,0.85,10,18.6,17,0.4,0,22.27,81,0.03,26,58.3,79.1,10.2,81,2020,PM2.5,1,unhealthy
12/13/2020,Monroe,0.25,3,8.3,8,0,0,5.13,39,0.02,22,45.9,89.7,21.8,39,2020,PM2.5,0,healthy
12/14/2020,Monroe,0.25,3,16.9,15,0.1,0,6.35,47,0.02,22,41.7,80.5,17.2,47,2020,PM2.5,0,healthy
12/15/2020,Monroe,0.2,2,14.1,13,0,0,3.73,36,0.03,27,40.2,83.7,9.1,36,2020,PM2.5,0,healthy
12/16/2020,Monroe,0.2,2,9,8,0,0,5.03,39,0.03,26,39.2,85.6,11.4,39,2020,PM2.5,0,healthy
12/17/2020,Monroe,0.2,2,11.2,10,0.1,0,5.95,52,0.02,23,40.7,76.2,9.1,52,2020,PM2.5,1,unhealthy
12/18/2020,Monroe,0.45,6,31.9,29,0.3,0,11.03,58,0.03,24,42.6,73.4,9.1,58,2020,PM2.5,1,unhealthy
12/19/2020,Monroe,0.45,6,21,20,0.2,0,12.67,59,0.02,22,49.3,83.7,11.3,59,2020,PM2.5,1,unhealthy
12/20/2020,Monroe,0.3,3,10.4,9,0.1,0,9.45,55,0.02,22,49.6,92.6,11.3,55,2020,PM2.5,1,unhealthy
12/21/2020,Monroe,0.35,5,24.6,23,0.4,0,11.17,57,0.02,14,49.9,76.7,11.4,57,2020,PM2.5,1,unhealthy
12/22/2020,Monroe,0.3,3,16,15,0.1,0,9.6,55,0.03,28,52.6,73.7,6.9,55,2020,PM2.5,1,unhealthy
12/23/2020,Monroe,0.2,2,21.2,20,0.3,0,5.38,42,0.03,26,59.9,78.2,19.6,42,2020,PM2.5,0,healthy
12/24/2020,Monroe,0.15,2,8.2,8,0.1,0,4.97,38,0.03,28,41.2,45.8,21.9,38,2020,PM2.5,0,healthy
12/25/2020,Monroe,0.15,2,5.6,5,0,0,4.87,43,0.02,23,35.9,55.9,13.8,43,2020,PM2.5,0,healthy
12/26/2020,Monroe,0.15,2,4.4,4,0,0,6.65,54,0.02,23,45.4,56.3,11.4,54,2020,PM2.5,1,unhealthy
12/27/2020,Monroe,0.2,2,7.3,7,0.2,0,11.3,58,0.03,24,54,65.8,18.3,58,2020,PM2.5,1,unhealthy
12/28/2020,Monroe,0.2,2,7.5,7,0.3,0,8.4,55,0.03,30,55.7,81.7,10.2,55,2020,PM2.5,1,unhealthy
12/29/2020,Monroe,0.45,6,28.4,26,0.3,0,5.2,33,0.03,29,57.4,71.3,10.3,33,2020,PM2.5,0,healthy
12/30/2020,Monroe,0.5,6,26,25,0.3,0,7.27,52,,,63.1,89.9,11.4,52,2020,PM2.5,1,unhealthy
12/31/2020,Monroe,0.25,3,11.1,10,0.1,0,8.47,55,,,48.9,95.3,22.9,55,2020,PM2.5,1,unhealthy
1/1/2020,Queens,0.2,2,15.7,16,0.1,0,5.17,39,0.02,23,38.3,51.1,20.5,39,2020,PM2.5,0,healthy
1/2/2020,Queens,0.4,5,39.9,39,6.4,9,11.13,58,0.02,16,41.1,55.9,11.8,58,2020,PM2.5,1,unhealthy
1/3/2020,Queens,0.55,7,33.85,33,1.5,1,15.1,65,0,3,46.4,82.1,7.5,65,2020,PM2.5,1,unhealthy
1/4/2020,Queens,0.65,8,28.1,28,0.6,0,11.3,57,0.03,25,47.1,91.5,18.8,57,2020,PM2.5,1,unhealthy
1/5/2020,Queens,0.45,6,16,17,0.1,0,4.8,38,0.03,30,38.6,53.2,30.9,38,2020,PM2.5,0,healthy
1/6/2020,Queens,0.3,3,38,37,3.6,4,8.67,53,,,38.6,62.7,18.6,53,2020,PM2.5,1,unhealthy
1/7/2020,Queens,0.35,5,38.9,38,8,11,7.78,48,0.02,19,39.8,52.7,12.7,48,2020,PM2.5,0,healthy
1/8/2020,Queens,0.3,5,25.65,25,3,4,8.63,54,0.03,29,35.4,58.5,24.6,54,2020,PM2.5,1,unhealthy
1/9/2020,Queens,0.35,5,40.1,40,3,4,6.97,52,0.02,19,29,41.4,22.3,52,2020,PM2.5,1,unhealthy
1/10/2020,Queens,0.5,6,41.4,41,2.4,3,6.85,52,0.01,12,43.7,71.4,11.8,52,2020,PM2.5,1,unhealthy
1/11/2020,Queens,0.5,6,36.4,37,0.2,0,8.6,54,0.03,30,55.1,78.3,18.8,54,2020,PM2.5,1,unhealthy
1/12/2020,Queens,0.25,3,20.7,21,0.4,0,6.37,48,0.03,31,59.3,61.6,22.4,48,2020,PM2.5,0,healthy
1/13/2020,Queens,0.35,5,33.75,41,0.3,0,6.4,52,,,41.8,77.9,11.2,52,2020,PM2.5,1,unhealthy
1/14/2020,Queens,0.5,7,25.95,25,0.2,0,9.9,55,0.01,11,41.2,85.9,11.4,55,2020,PM2.5,1,unhealthy
1/15/2020,Queens,0.45,6,38.95,38,1.7,1,12.43,58,0.02,15,45.7,69,13.8,58,2020,PM2.5,1,unhealthy
1/16/2020,Queens,0.45,6,22,21,1.6,1,7.7,48,0.03,27,43.3,66.7,28,48,2020,PM2.5,0,healthy
1/17/2020,Queens,0.25,3,20.35,20,2.4,3,6.23,47,0.03,31,26.8,37.8,29.2,47,2020,PM2.5,0,healthy
1/18/2020,Queens,0.3,3,40.8,39,0.9,0,4.6,30,0.03,24,26.3,62,18.1,39,2020,NO2,0,healthy
1/19/2020,Queens,0.25,3,21.65,20,0.3,0,6.25,47,0.03,31,38.4,62.9,23.4,47,2020,PM2.5,0,healthy
1/20/2020,Queens,0.25,3,18.9,20,2.4,3,5.87,46,0.04,32,25.9,42,23.4,46,2020,PM2.5,0,healthy
1/21/2020,Queens,0.4,6,47,46,2.4,3,7.23,51,0.03,24,26.4,46.1,15.4,51,2020,PM2.5,1,unhealthy
1/22/2020,Queens,0.8,9,58,58,3.5,4,11.9,60,0.01,10,31.6,51.6,6.2,60,2020,PM2.5,1,unhealthy
1/23/2020,Queens,0.85,10,49.55,49,5.8,7,16.63,69,0.01,8,38.4,50.8,9.2,69,2020,PM2.5,1,unhealthy
1/24/2020,Queens,1.1,14,55.35,53,5.8,7,17.4,70,0.02,21,40.9,61.5,11,70,2020,PM2.5,1,unhealthy
1/25/2020,Queens,0.45,6,33.3,32,0.5,0,5.05,32,0.03,31,42.8,88.8,28.4,32,2020,NO2,0,healthy
1/26/2020,Queens,0.3,3,23.65,23,1,1,5.53,36,0.02,19,41.8,65.6,17.2,36,2020,PM2.5,0,healthy
1/27/2020,Queens,0.35,5,25.4,25,3,4,6.53,43,0.02,20,40.6,60.4,16.9,43,2020,PM2.5,0,healthy
1/28/2020,Queens,0.25,3,19.85,21,2.2,3,2.9,31,0.03,31,39.3,56.9,19.5,31,2020,PM2.5,0,healthy
1/29/2020,Queens,0.3,5,25.5,28,1.7,1,5,38,0.03,31,35.6,46.5,15.7,38,2020,PM2.5,0,healthy
1/30/2020,Queens,0.4,5,44.15,42,0.8,0,7.1,52,0.03,25,30.7,56.1,11.3,52,2020,PM2.5,1,unhealthy
1/31/2020,Queens,0.55,8,48.05,46,0.8,0,6.78,50,0.03,30,37.6,73.9,8,50,2020,PM2.5,0,healthy
2/1/2020,Queens,0.55,7,39.3,38,0.5,0,12.1,64,0.01,7,39.2,88,6.7,64,2020,PM2.5,1,unhealthy
2/2/2020,Queens,0.5,7,27.4,26,0.4,0,9.67,55,0.02,23,38.6,75.7,15.6,55,2020,PM2.5,1,unhealthy
2/3/2020,Queens,0.5,6,47.2,45,2.6,3,8.98,53,0.02,20,46.3,64.1,12.3,53,2020,PM2.5,1,unhealthy
2/4/2020,Queens,0.95,11,49.65,50,2.2,3,14.9,64,0.02,17,47.8,77.8,11.1,64,2020,PM2.5,1,unhealthy
2/5/2020,Queens,1.05,13,35.45,35,2.2,3,5.33,41,,,41.4,60.6,17.3,41,2020,PM2.5,0,healthy
2/6/2020,Queens,0.4,6,31.65,38,0.4,0,4.82,32,0.02,17,38.8,90.8,14.9,38,2020,NO2,0,healthy
2/7/2020,Queens,0.35,5,30.5,34,0.5,0,5.33,33,0.03,30,40.4,78.7,31.1,34,2020,NO2,0,healthy
2/8/2020,Queens,0.3,3,43.65,42,0.7,0,7.4,50,0.03,31,35,46.1,21.3,50,2020,PM2.5,0,healthy
2/9/2020,Queens,0.35,5,28.35,28,0.7,0,7.5,49,0.03,30,36.5,71.3,13,49,2020,PM2.5,0,healthy
2/10/2020,Queens,0.4,5,29.05,27,2.2,3,7.33,46,,,43.9,77,14.2,46,2020,PM2.5,0,healthy
2/11/2020,Queens,0.5,7,43.3,53,1.1,1,7.1,46,0.03,25,44.8,88.4,16.2,53,2020,NO2,1,unhealthy
2/12/2020,Queens,0.4,6,24.6,26,2.7,3,7.68,46,0.03,28,41.7,50.7,23.1,46,2020,PM2.5,0,healthy
2/13/2020,Queens,0.55,7,43.7,42,1.2,1,6.7,41,0.03,24,39.9,85.3,21.3,42,2020,NO2,0,healthy
2/14/2020,Queens,0.35,5,19.85,22,2.2,3,6.1,43,0.03,29,31,44.1,24,43,2020,PM2.5,0,healthy
2/15/2020,Queens,0.3,3,25.75,24,1.2,1,5.08,32,0.03,26,22.8,47.8,14.5,32,2020,PM2.5,0,healthy
2/16/2020,Queens,0.75,9,50.2,50,1.4,1,8.63,51,0.02,19,36.4,60.6,14.3,51,2020,PM2.5,1,unhealthy
2/17/2020,Queens,0.95,13,49,48,2.6,3,10.3,56,0.03,30,43.2,49.3,13.8,56,2020,PM2.5,1,unhealthy
2/18/2020,Queens,0.5,7,47.5,52,1.2,1,9.6,58,0.04,34,41.2,74.6,15.9,58,2020,PM2.5,1,unhealthy
2/19/2020,Queens,0.55,7,35.75,35,2.9,3,6.9,44,0.04,33,42.9,47.6,18.7,44,2020,PM2.5,0,healthy
2/20/2020,Queens,0.25,3,24.8,25,2.2,3,4.97,33,0.03,31,32.2,41,17.2,33,2020,PM2.5,0,healthy
2/21/2020,Queens,0.25,3,29.9,29,1.1,1,4.32,32,0.03,31,28.6,36.3,16.8,32,2020,PM2.5,0,healthy
2/22/2020,Queens,0.3,3,36.6,36,1.6,1,8.1,47,0.03,30,39.9,27.6,12.6,47,2020,PM2.5,0,healthy
2/23/2020,Queens,0.5,6,47.3,46,3.4,4,10.7,55,0.04,34,45.3,31.7,13.3,55,2020,PM2.5,1,unhealthy
2/24/2020,Queens,0.6,7,47.25,46,2.8,3,13.3,60,0.03,28,47.9,48.9,11,60,2020,PM2.5,1,unhealthy
2/25/2020,Queens,0.35,5,41.7,39,0.6,0,9.2,52,0.02,23,47.6,79.9,8.1,52,2020,PM2.5,1,unhealthy
2/26/2020,Queens,0.35,5,37.25,47,0.1,0,4.83,32,0.04,36,45.5,91.6,16.4,47,2020,NO2,0,healthy
2/27/2020,Queens,0.25,3,27.1,27,0.3,0,2.45,19,0.04,33,40.2,58.9,30,33,2020,O3,0,healthy
2/28/2020,Queens,0.2,2,18.5,18,1.1,1,5.9,34,0.04,32,35.2,36,23.5,34,2020,PM2.5,0,healthy
2/29/2020,Queens,0.25,3,13.95,13,1.3,1,4.9,36,0.04,32,31.3,38.1,21.1,36,2020,PM2.5,0,healthy
3/1/2020,Queens,0.35,5,49.15,47,2.8,3,5.55,38,0.04,37,34.7,42.3,20.2,47,2020,NO2,0,healthy
3/2/2020,Queens,0.45,6,49.1,47,0.9,0,10.8,56,,,47,54.9,18.8,56,2020,PM2.5,1,unhealthy
3/3/2020,Queens,0.4,5,34.75,33,2.3,3,10.2,55,0.03,29,51.7,77.1,16.6,55,2020,PM2.5,1,unhealthy
3/4/2020,Queens,0.3,3,18.55,18,0.9,0,4.43,30,0.04,35,50.8,45.7,26.6,35,2020,O3,0,healthy
3/5/2020,Queens,0.25,3,21.9,24,2.7,3,5,34,0.03,29,44.6,50.5,19.6,34,2020,PM2.5,0,healthy
3/6/2020,Queens,0.4,6,53.25,57,0.6,0,5.57,37,0.03,31,41.4,77.8,16,57,2020,NO2,1,unhealthy
3/7/2020,Queens,0.25,3,19.3,21,0.4,0,3.22,29,0.04,38,40.8,44.1,22.4,38,2020,O3,0,healthy
3/8/2020,Queens,0.3,3,29.7,28,0.9,0,4.7,31,0.04,34,46.3,31.2,13.7,34,2020,O3,0,healthy
3/9/2020,Queens,0.4,5,44.15,42,3.5,4,10.63,56,0.04,33,56.5,31.6,13.8,56,2020,PM2.5,1,unhealthy
3/10/2020,Queens,0.4,5,45.8,43,1.5,1,8.8,52,0.04,34,58.7,52.2,16.7,52,2020,PM2.5,1,unhealthy
3/11/2020,Queens,0.35,5,45.75,44,3.5,4,4.93,34,0.03,31,50.7,47.8,19.5,44,2020,NO2,0,healthy
3/12/2020,Queens,0.75,9,51.4,49,0.9,0,7.1,50,0.04,32,44.8,72.1,11.8,50,2020,PM2.5,0,healthy
3/13/2020,Queens,0.25,3,17,19,0.2,0,3.8,25,0.04,37,55.7,67.5,23.4,37,2020,O3,0,healthy
3/14/2020,Queens,0.25,3,13.3,15,0.8,0,3.6,28,0.04,34,49.1,34,21.3,34,2020,O3,0,healthy
3/15/2020,Queens,0.25,3,30.15,28,0.5,0,3.5,26,0.04,38,46.6,37.5,14.4,38,2020,O3,0,healthy
3/16/2020,Queens,0.25,3,25.7,39,0.5,0,3.67,29,0.04,36,39.2,46.8,16.1,39,2020,NO2,0,healthy
3/17/2020,Queens,0.3,3,31.4,30,1,1,4.83,32,0.03,27,46.9,75.8,12.4,32,2020,PM2.5,0,healthy
3/18/2020,Queens,0.35,5,41.3,41,3.6,4,5.53,36,0.04,35,47.2,47.6,16.2,41,2020,NO2,0,healthy
3/19/2020,Queens,0.35,5,31.35,30,1,1,3.4,25,0.04,32,46.7,81.6,15.4,32,2020,O3,0,healthy
3/20/2020,Queens,0.4,5,24.35,24,0.7,0,7.33,47,0.04,34,57.2,74.5,18.2,47,2020,PM2.5,0,healthy
3/21/2020,Queens,0.25,3,9.35,11,1,1,2.6,20,0.04,40,49.7,38.5,20.8,40,2020,O3,0,healthy
3/22/2020,Queens,0.2,2,7.15,7,0.4,0,4.7,33,0.04,39,38.5,39.2,16.9,39,2020,O3,0,healthy
3/23/2020,Queens,0.25,3,22.8,30,2,3,2.27,15,0.03,31,38.7,78.7,18.1,31,2020,O3,0,healthy
3/24/2020,Queens,0.25,3,26.6,27,4.4,6,2.8,22,0.04,37,44.5,65.3,16.7,37,2020,O3,0,healthy
3/25/2020,Queens,0.25,3,25.25,32,0.3,0,3.93,29,0.04,35,42.9,71.4,20.4,35,2020,O3,0,healthy
3/26/2020,Queens,0.25,3,27.15,28,0.9,0,5.57,36,0.04,33,45.9,61,16.1,36,2020,PM2.5,0,healthy
3/27/2020,Queens,0.35,5,38.85,37,3.1,4,5.83,36,0.05,44,56.7,51.7,13,44,2020,O3,0,healthy
3/28/2020,Queens,0.3,3,21,23,0.2,0,4.13,31,0.04,37,47.6,69.8,17.5,37,2020,O3,0,healthy
3/29/2020,Queens,0.25,3,7.9,8,0,0,0.73,7,0.04,38,45.9,94.5,20.8,38,2020,O3,0,healthy
3/30/2020,Queens,0.3,3,28.1,30,0.6,0,3.77,23,0.03,30,45.8,84.6,11.1,30,2020,NO2,0,healthy
3/31/2020,Queens,0.25,3,17.2,24,0.3,0,1.63,11,0.04,37,43.8,75.5,12.6,37,2020,O3,0,healthy
4/1/2020,Queens,0.25,3,20.15,25,0.6,0,3.1,21,0.04,41,46.3,52.5,16.3,41,2020,O3,0,healthy
4/2/2020,Queens,0.25,3,16.75,18,3,4,1.97,15,0.04,38,48.9,45.2,26.9,38,2020,O3,0,healthy
4/3/2020,Queens,0.2,2,11.7,12,1.3,1,1.63,16,0.04,32,49.4,67.1,23.4,32,2020,O3,0,healthy
4/4/2020,Queens,0.2,2,11.15,10,0.2,0,1.9,14,0.04,37,50.7,69.6,14.3,37,2020,O3,0,healthy
4/5/2020,Queens,0.3,3,26.05,25,0.5,0,7.37,44,0.03,29,51.9,75.5,11.4,44,2020,PM2.5,0,healthy
4/6/2020,Queens,0.3,3,31.35,30,0.7,0,3.33,22,0.04,39,54.9,53.2,14.2,39,2020,O3,0,healthy
4/7/2020,Queens,0.25,3,20.8,23,1.1,1,4.2,26,,,56.6,38.2,18.8,26,2020,PM2.5,0,healthy
4/8/2020,Queens,0.3,3,23.5,22,0.5,0,8.2,52,0.04,39,55.1,74.6,10.5,52,2020,PM2.5,1,unhealthy
4/9/2020,Queens,0.2,2,22.3,21,0.4,0,3.07,23,0.04,41,51.1,69.1,28.1,41,2020,O3,0,healthy
4/10/2020,Queens,0.2,2,10.9,10,0.2,0,1.9,16,0.04,34,44.3,50.6,29.2,34,2020,O3,0,healthy
4/11/2020,Queens,0.25,3,25.75,28,0.3,0,2.87,21,0.05,43,47.3,34.5,18.1,43,2020,O3,0,healthy
4/12/2020,Queens,0.5,7,45.8,45,0.7,0,6.8,44,0.05,45,52.3,51.2,18.5,45,2020,NO2,0,healthy
4/13/2020,Queens,0.2,2,8.95,8,0.1,0,4.53,37,0.04,42,57.9,85.4,30.4,42,2020,O3,0,healthy
4/14/2020,Queens,0.2,2,15.6,16,3,4,2.53,19,0.04,42,52.4,45.6,20.7,42,2020,O3,0,healthy
4/15/2020,Queens,0.2,2,15.95,16,2.6,3,3.57,27,0.05,43,47.9,40.1,15,43,2020,O3,0,healthy
4/16/2020,Queens,0.2,2,10.9,9,1.8,1,3.63,22,0.04,39,45.5,37.9,21.9,39,2020,O3,0,healthy
4/17/2020,Queens,0.2,2,19.4,22,1.2,1,4.93,33,0.04,42,43.2,46.3,15.9,42,2020,O3,0,healthy
4/18/2020,Queens,0.25,3,17.6,19,0.3,0,3.57,23,0.04,36,44.2,77.8,16.3,36,2020,O3,0,healthy
4/19/2020,Queens,0.3,3,35.6,34,1.1,1,6,36,0.05,49,50.9,45.2,18.9,49,2020,O3,0,healthy
4/20/2020,Queens,0.25,3,23,23,0.5,0,2.97,22,0.04,40,52.5,45.4,13.2,40,2020,O3,0,healthy
4/21/2020,Queens,0.25,3,23.3,22,0.3,0,4.07,27,0.04,38,49.9,65.9,23.2,38,2020,O3,0,healthy
4/22/2020,Queens,0.2,2,17.2,16,0.7,0,2.2,18,0.04,38,43.8,33.5,25.2,38,2020,O3,0,healthy
4/23/2020,Queens,0.25,3,25.9,27,1.6,1,5.5,35,0.03,31,44.8,40.2,13,35,2020,PM2.5,0,healthy
4/24/2020,Queens,0.35,5,35.25,33,0.3,0,3.87,26,0.04,34,46.6,88.2,17.6,34,2020,O3,0,healthy
4/25/2020,Queens,0.75,9,35.55,34,1.8,1,6,37,0.05,44,52.1,61.8,13.8,44,2020,O3,0,healthy
4/26/2020,Queens,0.2,2,10.9,10,1.4,1,2.47,16,0.04,40,47.9,79.9,24.4,40,2020,O3,0,healthy
4/27/2020,Queens,0.25,3,14.55,15,0.8,0,0.87,8,0.04,33,44.6,74.6,17.2,33,2020,O3,0,healthy
4/28/2020,Queens,0.3,3,27.9,26,3.5,4,3.57,27,0.04,40,51.3,56.3,11.8,40,2020,O3,0,healthy
4/29/2020,Queens,0.35,5,30,29,1.6,1,5.4,35,0.05,43,50.1,78.8,18.3,43,2020,O3,0,healthy
4/30/2020,Queens,0.2,2,12.55,18,0,0,5,35,0.05,47,55.1,85.6,28.1,47,2020,O3,0,healthy
5/1/2020,Queens,0.25,3,20.35,21,0.1,0,1.53,10,0.05,47,58,83,16,47,2020,O3,0,healthy
5/2/2020,Queens,0.25,3,15.5,14,0.3,0,2.57,17,0.04,40,62.9,42.1,17.6,40,2020,O3,0,healthy
5/3/2020,Queens,0.3,3,13.75,13,0.4,0,6.3,38,0.05,49,66.5,55.2,14.7,49,2020,O3,0,healthy
5/4/2020,Queens,0.3,3,23.3,28,0.3,0,2.83,21,0.04,40,62.9,45.4,26.8,40,2020,O3,0,healthy
5/5/2020,Queens,0.25,3,25.5,26,0.4,0,2.07,16,0.05,44,53.9,36,18.9,44,2020,O3,0,healthy
5/6/2020,Queens,0.25,3,29.25,28,0.4,0,3,23,0.04,36,49.3,70,17.6,36,2020,O3,0,healthy
5/7/2020,Queens,0.3,3,38.45,36,0.3,0,3.07,19,0.04,42,56.3,43.1,15.4,42,2020,O3,0,healthy
5/8/2020,Queens,0.25,3,20.7,25,1,1,2.73,19,0.04,33,50,54.9,17.2,33,2020,O3,0,healthy
5/9/2020,Queens,0.25,3,7.75,8,0.2,0,0.87,7,0.03,28,41.4,50.4,25,28,2020,O3,0,healthy
5/10/2020,Queens,0.2,2,11.7,10,0.4,0,2.73,16,0.05,44,52.3,35.8,19.9,44,2020,O3,0,healthy
5/11/2020,Queens,0.25,3,35.65,35,0.9,0,3,20,0.04,33,53.2,61.7,22.6,35,2020,NO2,0,healthy
5/12/2020,Queens,0.25,3,11.85,13,0.2,0,1.63,13,0.05,43,51.6,39,24.7,43,2020,O3,0,healthy
5/13/2020,Queens,0.25,3,44.2,42,1.2,1,3.37,21,,,51.5,40.8,19.5,42,2020,NO2,0,healthy
5/14/2020,Queens,0.6,8,43.6,42,0.7,0,4.87,29,0.05,46,56.9,50.4,15.3,46,2020,O3,0,healthy
5/15/2020,Queens,0.3,3,31.4,29,0.4,0,9.57,53,0.06,61,70.3,62.3,17.5,61,2020,O3,1,unhealthy
5/16/2020,Queens,0.3,3,18.7,18,0.5,0,2.4,19,0.05,44,69.1,57.5,14.1,44,2020,O3,0,healthy
5/17/2020,Queens,0.2,2,6.1,6,2.3,3,0.7,6,0.05,44,59,61,16.1,44,2020,O3,0,healthy
5/18/2020,Queens,0.3,3,29,46,0.6,0,2.4,18,0.05,43,59.6,62.6,15.7,46,2020,NO2,0,healthy
5/19/2020,Queens,0.3,3,18,26,5.7,7,2.67,20,0.04,40,59.8,46.7,25.3,40,2020,O3,0,healthy
5/20/2020,Queens,0.2,2,16.6,22,0.5,0,2.03,15,0.04,39,56,45.2,18.8,39,2020,O3,0,healthy
5/21/2020,Queens,0.3,3,29.9,29,6.9,9,4.7,34,0.04,33,55.3,66,13.8,34,2020,PM2.5,0,healthy
5/22/2020,Queens,0.4,5,30.15,28,0.5,0,3.77,21,0.04,35,64.1,74.8,15.8,35,2020,O3,0,healthy
5/23/2020,Queens,0.3,3,13.8,14,0.1,0,2.57,22,0.04,35,61.5,88.5,21.9,35,2020,O3,0,healthy
5/24/2020,Queens,0.3,3,10.1,12,0.3,0,5.95,41,0.04,35,58.8,65.5,19.7,41,2020,PM2.5,0,healthy
5/25/2020,Queens,0.3,3,23.95,26,0.3,0,5.42,40,0.03,31,60.5,82.1,12.8,40,2020,PM2.5,0,healthy
5/26/2020,Queens,0.4,5,16.05,16,0.1,0,4.3,39,0.03,25,64.3,80.5,11.2,39,2020,PM2.5,0,healthy
5/27/2020,Queens,0.2,2,15.85,16,0.1,0,0.1,4,0.03,25,65.5,81.3,14.2,25,2020,O3,0,healthy
5/28/2020,Queens,0.2,2,17,16,0,0,1.2,7,0.02,19,67.4,87.3,21.2,19,2020,O3,0,healthy
5/29/2020,Queens,0.2,2,14.35,15,0.2,0,1.5,8,0.02,20,70.5,81.9,21.9,20,2020,O3,0,healthy
5/30/2020,Queens,0.2,2,21.45,21,0.1,0,3.03,27,0.05,44,73,57.6,15.4,44,2020,O3,0,healthy
5/31/2020,Queens,0.2,2,6.3,8,0,0,0,4,0.04,33,64.7,37.5,22.3,33,2020,O3,0,healthy
6/1/2020,Queens,0.3,3,28,26,,,1.45,12,0.04,39,61.7,38.1,18,39,2020,O3,0,healthy
6/2/2020,Queens,0.3,3,35.25,34,,,6.73,48,0.05,48,67.6,41.7,15.8,48,2020,PM2.5,0,healthy
6/3/2020,Queens,0.4,5,21.15,22,0.7,0,7.87,48,,,71.4,68.7,16.1,48,2020,PM2.5,0,healthy
6/4/2020,Queens,0.3,3,36.55,35,0.6,0,7.8,48,0.06,77,75.4,64.1,15.7,77,2020,O3,1,unhealthy
6/5/2020,Queens,0.2,2,20.35,20,0.3,0,7.45,49,0.04,42,72.9,80.9,15.8,49,2020,PM2.5,0,healthy
6/6/2020,Queens,0.3,3,21.6,23,0.3,0,4.63,39,0.06,64,76.9,65.4,22.3,64,2020,O3,1,unhealthy
6/7/2020,Queens,0.3,3,19.95,20,0.3,0,1.3,11,0.04,33,71,41.6,18.7,33,2020,O3,0,healthy
6/8/2020,Queens,0.25,3,24.85,25,0.3,0,3.62,26,0.04,39,70.4,42.2,13,39,2020,O3,0,healthy
6/9/2020,Queens,0.4,5,32.6,30,0.6,0,9.67,56,0.07,93,77.4,44.9,16.9,93,2020,O3,1,unhealthy
6/10/2020,Queens,0.35,5,25.9,26,0.5,0,10.17,59,0.05,45,74.6,66.5,20.8,59,2020,PM2.5,1,unhealthy
6/11/2020,Queens,0.3,3,23,22,0.3,0,7.6,52,0.03,30,72.3,81.5,18.3,52,2020,PM2.5,1,unhealthy
6/12/2020,Queens,0.35,5,24.35,24,1.5,1,4,32,0.06,61,76.7,52,16.1,61,2020,O3,1,unhealthy
6/13/2020,Queens,0.25,3,6.85,8,0.2,0,0.63,12,0.04,42,68.5,41.7,15.4,42,2020,O3,0,healthy
6/14/2020,Queens,0.2,2,10.95,12,0.3,0,1.8,17,0.04,34,64.1,46.7,13.1,34,2020,O3,0,healthy
6/15/2020,Queens,0.25,3,16.9,18,2.2,3,3.63,24,0.04,34,66.5,56.4,15.3,34,2020,O3,0,healthy
6/16/2020,Queens,0.25,3,29.85,39,3,4,3.07,22,0.04,36,69,53.6,14.6,39,2020,NO2,0,healthy
6/17/2020,Queens,0.25,3,14.7,17,3.8,4,2.95,23,0.04,33,68.8,66.5,15,33,2020,O3,0,healthy
6/18/2020,Queens,0.25,3,11.55,12,1.8,1,2.83,20,0.02,20,69.6,81.5,11.6,20,2020,PM2.5,0,healthy
6/19/2020,Queens,0.2,2,24.55,25,0.3,0,3.25,19,0.04,34,73.1,72.9,16.6,34,2020,O3,0,healthy
6/20/2020,Queens,0.3,3,29.8,28,0.5,0,8.4,51,0.05,44,76.4,66.9,14.7,51,2020,PM2.5,1,unhealthy
6/21/2020,Queens,0.3,3,22.4,21,0.3,0,4.1,29,0.04,32,77.5,65.4,13.9,32,2020,O3,0,healthy
6/22/2020,Queens,0.2,2,22.5,22,0.5,0,3.85,28,0.05,50,80.4,61.2,16.8,50,2020,O3,0,healthy
6/23/2020,Queens,0.2,2,21.05,21,0.5,0,8.38,52,0.05,48,78.9,66.5,15.5,52,2020,PM2.5,1,unhealthy
6/24/2020,Queens,0.2,2,16.9,15,0.3,0,5.2,38,0.05,48,80.5,54.4,18.3,48,2020,O3,0,healthy
6/25/2020,Queens,0.2,2,24.5,23,1.7,1,5.2,31,0.06,77,78.7,43.6,18.2,77,2020,O3,1,unhealthy
6/26/2020,Queens,0.3,3,30.4,29,0.7,0,7.2,47,0.07,87,79.3,47.6,16,87,2020,O3,1,unhealthy
6/27/2020,Queens,0.45,6,32.8,31,0.8,0,11.9,58,0.05,45,77.6,62.1,14.7,58,2020,PM2.5,1,unhealthy
6/28/2020,Queens,0.5,6,26.05,25,0.6,0,9.27,56,0.06,61,79.9,67.8,15.2,61,2020,O3,1,unhealthy
6/29/2020,Queens,0.4,5,25.95,27,0.6,0,5.2,40,0.04,40,77.8,63.8,14,40,2020,PM2.5,0,healthy
6/30/2020,Queens,0.25,3,22,21,1.2,1,1.93,19,0.04,39,73,70.6,12.1,39,2020,O3,0,healthy
7/1/2020,Queens,0.25,3,17.15,20,0.2,0,4.5,32,0.06,54,73.8,73.1,11.3,54,2020,O3,1,unhealthy
7/2/2020,Queens,0.35,5,28.95,28,2.3,3,7.57,44,0.06,58,79.8,58.1,12.5,58,2020,O3,1,unhealthy
7/3/2020,Queens,0.35,5,25.05,25,0.3,0,11.45,56,0.05,46,81.7,60.3,15.4,56,2020,PM2.5,1,unhealthy
7/4/2020,Queens,0.25,3,9.65,9,0.8,0,9.5,53,0.04,39,75.4,71,10.5,53,2020,PM2.5,1,unhealthy
7/5/2020,Queens,0.3,3,29.2,27,0.5,0,14.4,63,0.06,77,80.9,62.2,12.9,77,2020,O3,1,unhealthy
7/6/2020,Queens,0.5,6,33.05,31,0.6,0,11.25,57,0.06,77,80.9,61.8,18.3,77,2020,O3,1,unhealthy
7/7/2020,Queens,0.25,3,16.55,25,0.2,0,5.95,36,,,75.5,78.1,13.5,36,2020,PM2.5,0,healthy
7/8/2020,Queens,0.2,2,12.15,11,0.2,0,7.87,48,0.03,31,80,74.9,13.9,48,2020,PM2.5,0,healthy
7/9/2020,Queens,0.2,2,16.25,16,0.6,0,4.5,28,0.03,26,81.4,68.7,13.9,28,2020,PM2.5,0,healthy
7/10/2020,Queens,0.2,3,10.65,12,0.3,0,1.7,16,0.02,21,75.7,87.7,22.8,21,2020,O3,0,healthy
7/11/2020,Queens,0.2,2,15.45,15,0.3,0,6.85,39,0.04,33,78.5,80.2,16.7,39,2020,PM2.5,0,healthy
7/12/2020,Queens,0.2,2,11.8,14,0.4,0,3.95,29,0.05,45,81.9,54.7,14.5,45,2020,O3,0,healthy
7/13/2020,Queens,0.25,3,20,22,0.4,0,4.15,29,0.05,49,81.7,53.7,13.7,49,2020,O3,0,healthy
7/14/2020,Queens,0.25,3,18.1,22,0.4,0,4.5,28,0.04,34,79.8,50.2,11.9,34,2020,O3,0,healthy
7/15/2020,Queens,0.25,3,15.75,20,1.1,1,3.25,22,0.04,40,75.3,68.1,12,40,2020,O3,0,healthy
7/16/2020,Queens,0.15,2,8.4,10,0.2,0,1.45,14,,,73.7,62.3,13.3,14,2020,PM2.5,0,healthy
7/17/2020,Queens,0.25,3,17.9,18,0.4,0,6.2,38,,,76.2,74.7,11.5,38,2020,PM2.5,0,healthy
7/18/2020,Queens,0.45,6,30.5,29,0.4,0,8.25,49,,,81.9,61.5,10,49,2020,PM2.5,0,healthy
7/19/2020,Queens,0.3,3,18.45,19,2.5,3,11.4,58,,,84.9,60.2,17.2,58,2020,PM2.5,1,unhealthy
7/20/2020,Queens,0.3,3,24.75,27,0.8,0,9.9,55,,,88.1,55.8,14.3,55,2020,PM2.5,1,unhealthy
7/21/2020,Queens,0.3,5,27.95,30,0.4,0,5.9,33,0.06,61,84.9,49.3,13.1,61,2020,O3,1,unhealthy
7/22/2020,Queens,0.25,3,22.8,25,0.6,0,7.9,49,0.07,101,82,71.5,13.8,101,2020,O3,1,unhealthy
7/23/2020,Queens,0.25,3,17.55,19,0.5,0,5.93,39,0.05,48,80.7,72.7,13.8,48,2020,O3,0,healthy
7/24/2020,Queens,0.35,5,27.25,29,0.6,0,5.55,32,0.04,33,77.2,78.2,10.9,33,2020,O3,0,healthy
7/25/2020,Queens,0.45,6,26.25,25,0.7,0,6.55,44,0.06,74,81.4,68.6,14.3,74,2020,O3,1,unhealthy
7/26/2020,Queens,0.2,2,15.6,15,0.5,0,8.2,48,0.06,74,85.9,55.1,15.3,74,2020,O3,1,unhealthy
7/27/2020,Queens,0.3,3,26.15,28,0.8,0,10.3,55,0.07,105,88.1,45.6,16.5,105,2020,O3,1,unhealthy
7/28/2020,Queens,0.25,3,21.4,21,2,3,10,55,0.06,80,87.3,54.3,16.5,80,2020,O3,1,unhealthy
7/29/2020,Queens,0.35,5,27.3,27,0.7,0,9.03,53,0.06,61,83.3,60.6,15.5,61,2020,O3,1,unhealthy
7/30/2020,Queens,0.35,5,32.8,33,1.1,1,12.6,61,0.08,140,84.9,50.5,12.6,140,2020,O3,1,unhealthy
7/31/2020,Queens,0.35,5,27.4,25,0.3,0,7.8,52,0.06,61,76.1,75.5,15,61,2020,O3,1,unhealthy
8/1/2020,Queens,0.55,7,30.3,30,0.5,0,8.53,50,0.06,74,80.1,64.2,13,74,2020,O3,1,unhealthy
8/2/2020,Queens,0.2,2,7.75,8,0.3,0,9.1,51,0.04,36,82.1,74.2,18.9,51,2020,PM2.5,1,unhealthy
8/3/2020,Queens,0.2,2,15.35,15,0.7,0,4.75,37,0.06,61,83.4,57.2,13.4,61,2020,O3,1,unhealthy
8/4/2020,Queens,0.2,2,15.2,16,0.3,0,6.47,48,0.03,31,77.3,77.1,42,48,2020,PM2.5,0,healthy
8/5/2020,Queens,0.3,3,17.2,16,0.4,0,5.85,35,0.06,84,80.9,59,13.2,84,2020,O3,1,unhealthy
8/6/2020,Queens,0.9,11,38.75,37,0.7,0,9.65,52,0.06,67,76.6,59.7,9.6,67,2020,O3,1,unhealthy
8/7/2020,Queens,0.8,10,31.45,36,0.4,0,10.67,56,0.06,64,74.3,72.7,11.6,64,2020,O3,1,unhealthy
8/8/2020,Queens,0.65,8,18.55,19,0.5,0,4.6,31,0.05,44,75.7,76.9,9.6,44,2020,O3,0,healthy
8/9/2020,Queens,0.3,3,15.8,16,0.5,0,5.7,37,0.06,58,79,72.4,18,58,2020,O3,1,unhealthy
8/10/2020,Queens,0.3,3,24.25,24,0.7,0,11.37,58,0.06,80,83.2,67.4,16.3,80,2020,O3,1,unhealthy
8/11/2020,Queens,0.25,3,17.15,16,0.5,0,7.8,50,0.04,41,81.7,73.7,14.6,50,2020,PM2.5,0,healthy
8/12/2020,Queens,0.35,5,28.5,27,,,10.6,58,0.06,61,81.4,76.5,14.3,61,2020,O3,1,unhealthy
8/13/2020,Queens,0.4,6,28.35,28,0.6,0,9.47,54,0.04,38,77.5,78.7,8.2,54,2020,PM2.5,1,unhealthy
8/14/2020,Queens,0.4,6,22.9,25,0.3,0,9.9,52,0.05,49,79.2,67,13.5,52,2020,PM2.5,1,unhealthy
8/15/2020,Queens,0.45,7,14.75,18,0.2,0,7.8,45,0.04,35,76.9,57.6,15.2,45,2020,PM2.5,0,healthy
8/16/2020,Queens,0.25,3,4.95,6,0.1,0,5.23,39,0.02,21,70.2,79,18,39,2020,PM2.5,0,healthy
8/17/2020,Queens,0.25,3,24.15,24,0.4,0,4.85,32,0.05,43,72.4,70.4,17.6,43,2020,O3,0,healthy
8/18/2020,Queens,0.3,3,29.3,27,0.5,0,5.05,32,0.05,44,75,64.2,15.5,44,2020,O3,0,healthy
8/19/2020,Queens,0.45,7,25.1,26,0.6,0,7.93,50,0.04,37,72.1,73.3,9.9,50,2020,PM2.5,0,healthy
8/20/2020,Queens,0.45,7,20.55,22,0.4,0,3.6,24,0.05,49,73,54.8,10.2,49,2020,O3,0,healthy
8/21/2020,Queens,0.2,2,20.4,19,0.6,0,6.1,35,0.06,64,77.2,62.3,14.6,64,2020,O3,1,unhealthy
8/22/2020,Queens,0.3,3,15.25,14,0.5,0,9.43,52,0.06,74,80.8,65,12.8,74,2020,O3,1,unhealthy
8/23/2020,Queens,0.3,3,23.1,24,0.3,0,6.1,37,0.04,38,79.6,70.4,12.1,38,2020,O3,0,healthy
8/24/2020,Queens,0.3,3,20.25,19,0.7,0,5.55,38,0.07,87,83.1,63.1,12.9,87,2020,O3,1,unhealthy
8/25/2020,Queens,0.35,5,25.5,25,0.9,0,8.93,51,0.06,64,82.4,57.3,16.1,64,2020,O3,1,unhealthy
8/26/2020,Queens,0.3,5,22.3,26,0.2,0,2,14,0.03,31,74.3,46.2,17.8,31,2020,O3,0,healthy
8/27/2020,Queens,0.35,5,27.65,30,0.6,0,8.3,49,0.06,71,79.3,59.8,21.4,71,2020,O3,1,unhealthy
8/28/2020,Queens,0.25,3,26.75,27,0.6,0,7.97,48,0.06,54,78.6,66.3,14.3,54,2020,O3,1,unhealthy
8/29/2020,Queens,0.2,2,22.95,26,0.4,0,4.15,31,0.03,30,76.8,80.4,12.8,31,2020,PM2.5,0,healthy
8/30/2020,Queens,0.3,5,19.15,25,0.2,0,1.95,15,0.03,29,74.9,49.7,23.1,29,2020,O3,0,healthy
8/31/2020,Queens,0.3,5,21.75,27,0.4,0,2.9,19,0.03,28,70.9,58.9,9.3,28,2020,O3,0,healthy
9/1/2020,Queens,0.25,3,25.95,32,0.1,0,2.65,19,0.03,31,72.9,73.9,12.2,32,2020,NO2,0,healthy
9/2/2020,Queens,0.25,3,20.95,23,0.3,0,3.65,24,0.03,29,74.7,84.7,12.2,29,2020,O3,0,healthy
9/3/2020,Queens,0.3,5,18,20,0.7,0,6.23,41,0.06,64,78.8,64.7,14.2,64,2020,O3,1,unhealthy
9/4/2020,Queens,0.35,5,22.4,22,1,1,6.6,38,0.05,44,78.4,61.8,13.7,44,2020,O3,0,healthy
9/5/2020,Queens,0.4,6,14.25,16,0.3,0,2.6,18,0.05,44,73.4,46,13.1,44,2020,O3,0,healthy
9/6/2020,Queens,0.25,3,15.3,14,0.8,0,6.33,42,0.06,67,74.5,55.3,16.4,67,2020,O3,1,unhealthy
9/7/2020,Queens,0.3,3,24.5,26,0.4,0,3.4,20,0.04,34,73.7,65.4,14.9,34,2020,O3,0,healthy
9/8/2020,Queens,0.4,6,23.65,23,0.4,0,4.7,33,0.04,36,74.7,70.8,10.7,36,2020,O3,0,healthy
9/9/2020,Queens,0.35,5,24.75,25,4.1,6,6.53,45,0.04,36,74.8,77.4,8.6,45,2020,PM2.5,0,healthy
9/10/2020,Queens,0.25,3,16.85,18,1.5,1,2.9,19,,,77.1,84.6,9.9,19,2020,PM2.5,0,healthy
9/11/2020,Queens,0.3,5,18.75,22,0.1,0,4.55,26,0.03,30,73.6,69.8,14.1,30,2020,O3,0,healthy
9/12/2020,Queens,0.3,5,11.85,12,2.2,3,2.93,22,0.03,29,66.7,63.9,15,29,2020,O3,0,healthy
9/13/2020,Queens,0.3,5,11.85,12,2.1,3,4.1,26,0.03,29,70,72.9,13.9,29,2020,O3,0,healthy
9/14/2020,Queens,0.25,3,,,0.8,0,3.55,22,0.03,29,72.4,57,18.2,29,2020,O3,0,healthy
9/15/2020,Queens,0.25,3,27.4,27,0.4,0,3.03,19,0.03,28,60.7,52.9,14,28,2020,O3,0,healthy
9/16/2020,Queens,0.4,6,29.65,28,0.6,0,3.05,17,,,65.6,61.7,12.8,28,2020,NO2,0,healthy
9/17/2020,Queens,0.35,5,23.7,23,0.6,0,4.25,24,0.03,31,70.6,71.8,10.2,31,2020,O3,0,healthy
9/18/2020,Queens,0.35,5,19.5,18,0.2,0,6.03,39,0.03,29,66.9,60.2,17.2,39,2020,PM2.5,0,healthy
9/19/2020,Queens,0.3,5,10.9,13,0.2,0,1.9,13,0.03,31,57.8,35.9,18.7,31,2020,O3,0,healthy
9/20/2020,Queens,0.3,5,17.5,19,0.8,0,2.3,17,0.03,31,57.6,38.4,17.9,31,2020,O3,0,healthy
9/21/2020,Queens,0.45,7,33.65,33,1.8,1,3.4,24,0.03,30,58.2,42.5,15.1,33,2020,NO2,0,healthy
9/22/2020,Queens,0.5,7,28,27,0.7,0,2.75,16,0.04,34,62.6,40.8,16.5,34,2020,O3,0,healthy
9/23/2020,Queens,0.55,7,41.4,40,0.8,0,9.3,55,0.05,47,70,45.5,17.3,55,2020,PM2.5,1,unhealthy
9/24/2020,Queens,0.85,10,48.8,45,0.8,0,16.07,68,0.04,34,70.3,56.1,8.8,68,2020,PM2.5,1,unhealthy
9/25/2020,Queens,0.6,7,38.05,36,0.7,0,17.8,68,0.06,51,69.5,71.4,10.2,68,2020,PM2.5,1,unhealthy
9/26/2020,Queens,0.4,5,27.4,26,1.1,1,7.8,46,0.04,42,70,76.2,12.4,46,2020,PM2.5,0,healthy
9/27/2020,Queens,0.25,3,9.75,11,2.5,3,4.5,31,0.04,35,72.5,80.3,9.9,35,2020,O3,0,healthy
9/28/2020,Queens,0.2,2,12.15,11,0.1,0,4.2,27,0.03,31,72.4,81.7,16.5,31,2020,O3,0,healthy
9/29/2020,Queens,0.2,2,13.1,13,0.2,0,3.95,26,0.03,26,71.1,86.8,20.1,26,2020,PM2.5,0,healthy
9/30/2020,Queens,0.2,2,17.7,16,,,3.03,22,,,67.3,65.9,24.2,22,2020,PM2.5,0,healthy
10/1/2020,Queens,0.25,3,25.5,24,,,5,28,,,66.6,55.9,12.9,28,2020,PM2.5,0,healthy
10/2/2020,Queens,0.2,2,22.5,21,0.3,0,4.3,28,0.03,31,62,56.4,11.4,31,2020,O3,0,healthy
10/3/2020,Queens,0.3,3,22.05,23,0.3,0,3.9,25,0.03,31,60.4,51.5,11.1,31,2020,O3,0,healthy
10/4/2020,Queens,0.3,3,19.9,21,1.4,1,4.25,26,0.04,33,59.7,60.1,12.2,33,2020,O3,0,healthy
10/5/2020,Queens,0.3,3,25.45,26,0.3,0,5.55,37,,,61.7,66.2,9.6,37,2020,PM2.5,0,healthy
10/6/2020,Queens,0.4,5,29.5,27,1.3,1,6.57,37,0.04,40,63.8,62.9,12.9,40,2020,O3,0,healthy
10/7/2020,Queens,0.3,3,16.95,16,1.3,1,6.3,36,0.05,43,67,58,20.8,43,2020,O3,0,healthy
10/8/2020,Queens,0.2,2,17.75,20,0.2,0,2.3,20,0.03,27,60.3,46.7,20.3,27,2020,O3,0,healthy
10/9/2020,Queens,0.4,5,29.4,28,1.3,1,5.23,32,0.04,33,61.1,48.6,13.5,33,2020,O3,0,healthy
10/10/2020,Queens,0.3,3,8.05,8,0.3,0,5.85,36,0.03,31,65.7,65.9,14.4,36,2020,PM2.5,0,healthy
10/11/2020,Queens,0.3,3,15,14,0.8,0,7.7,48,0.03,29,65.3,65.9,16.1,48,2020,PM2.5,0,healthy
10/12/2020,Queens,0.2,2,13.3,19,0.2,0,2.07,19,0.03,28,54.2,85.4,20.7,28,2020,O3,0,healthy
10/13/2020,Queens,0.3,3,14.25,15,1.4,1,1.75,11,0.02,19,57.4,89.6,20.2,19,2020,O3,0,healthy
10/14/2020,Queens,0.4,5,37.05,36,0.7,0,5.75,36,,,60.9,56.9,13.4,36,2020,NO2,0,healthy
10/15/2020,Queens,0.4,5,36.4,35,0.8,0,5.63,34,0.05,44,64.1,69.6,21.1,44,2020,O3,0,healthy
10/16/2020,Queens,0.2,2,22.1,21,1.1,1,2.35,23,0.03,25,58.3,84.4,15.3,25,2020,O3,0,healthy
10/17/2020,Queens,0.8,9,33.1,33,1.2,1,5.75,39,0.03,30,53.3,54,16.2,39,2020,PM2.5,0,healthy
10/18/2020,Queens,1.6,18,25.5,25,0.8,0,8.63,51,0.03,31,55.7,63,15,51,2020,PM2.5,1,unhealthy
10/19/2020,Queens,0.5,6,31.35,29,0.8,0,6.15,38,0.04,34,59,74.4,12.6,38,2020,PM2.5,0,healthy
10/20/2020,Queens,0.3,3,26.7,25,0.3,0,3.2,23,0.03,29,63.8,86.1,8.8,29,2020,O3,0,healthy
10/21/2020,Queens,0.3,3,23.1,22,0.4,0,3.57,22,0.02,23,64.3,90.7,9.4,23,2020,O3,0,healthy
10/22/2020,Queens,0.5,6,40.05,39,0.3,0,11.15,58,0.02,18,66.2,89.1,6.3,58,2020,PM2.5,1,unhealthy
10/23/2020,Queens,0.4,5,28.1,26,0.2,0,3.7,27,0.04,33,65.3,86.3,8.8,33,2020,O3,0,healthy
10/24/2020,Queens,0.2,2,12.15,12,0.1,0,4.2,26,0.02,19,63.5,72.4,16.7,26,2020,PM2.5,0,healthy
10/25/2020,Queens,0.2,2,13.95,15,0.2,0,2.7,19,0.03,24,50,58.6,15.4,24,2020,O3,0,healthy
10/26/2020,Queens,0.3,3,23.3,26,1,1,4.95,34,0.02,15,55.5,89,13.4,34,2020,PM2.5,0,healthy
10/27/2020,Queens,0.4,5,24.2,23,0.5,0,4.27,31,0.02,17,57.4,75.4,10.9,31,2020,PM2.5,0,healthy
10/28/2020,Queens,0.4,5,21,20,1.1,1,6.05,36,0.01,8,55.6,80.1,7.4,36,2020,PM2.5,0,healthy
10/29/2020,Queens,0.3,3,21,22,0.2,0,2.4,18,0.03,25,52.5,83.3,21.4,25,2020,O3,0,healthy
10/30/2020,Queens,0.3,3,21.5,21,0.5,0,2.57,22,0.02,19,42,83.7,22.1,22,2020,PM2.5,0,healthy
10/31/2020,Queens,0.3,3,29.3,27,0.9,0,5.6,34,0.03,25,41,63.1,10.8,34,2020,PM2.5,0,healthy
11/1/2020,Queens,0.3,3,19.25,19,0.2,0,2.75,21,0.03,27,51.1,66,23.1,27,2020,O3,0,healthy
11/2/2020,Queens,0.2,2,15.3,16,1.6,1,1.8,13,0.03,31,42.9,43.4,29.1,31,2020,O3,0,healthy
11/3/2020,Queens,0.3,5,23.35,25,2.9,3,6.1,45,0.02,23,48.1,43.9,22,45,2020,PM2.5,0,healthy
11/4/2020,Queens,0.35,5,32.95,33,6.3,9,6.7,45,0.04,34,52.1,56.4,12,45,2020,PM2.5,0,healthy
11/5/2020,Queens,0.35,5,29.95,28,,,6,34,0.03,30,58,75.1,10.5,34,2020,PM2.5,0,healthy
11/6/2020,Queens,0.55,7,37.85,36,2.3,3,11.25,56,0.02,21,61.1,65.6,11.9,56,2020,PM2.5,1,unhealthy
11/7/2020,Queens,0.8,10,54.75,52,1.3,1,17.25,69,0.04,39,64,50,8.3,69,2020,PM2.5,1,unhealthy
11/8/2020,Queens,1.4,20,54.05,55,2,3,22.33,79,0.04,38,62.9,52.3,6.1,79,2020,PM2.5,1,unhealthy
11/9/2020,Queens,1.7,20,74.5,74,5,7,26.2,85,0.04,32,61.6,64.9,9.2,85,2020,PM2.5,1,unhealthy
11/10/2020,Queens,0.65,8,35.65,34,2.5,3,10.45,56,0.03,24,64.7,74.2,11.6,56,2020,PM2.5,1,unhealthy
11/11/2020,Queens,0.2,2,26.8,27,0.3,0,3.93,28,0.02,15,65.1,88.1,10,28,2020,PM2.5,0,healthy
11/12/2020,Queens,0.4,7,21.35,21,0.6,0,2.85,19,0.02,20,56.8,81.6,18.1,21,2020,NO2,0,healthy
11/13/2020,Queens,0.5,7,25.9,24,1.7,1,4.55,32,0.02,14,49.3,84.3,11.7,32,2020,PM2.5,0,healthy
11/14/2020,Queens,0.45,6,25.1,25,0.5,0,4.97,32,0.03,30,49.1,49.9,17.2,32,2020,PM2.5,0,healthy
11/15/2020,Queens,0.45,7,28.3,27,0.4,0,5,31,0.04,38,51.6,63,33.5,38,2020,O3,0,healthy
11/16/2020,Queens,0.35,5,34.7,33,0.9,0,3.95,29,,,51.6,38.6,23.4,33,2020,NO2,0,healthy
11/17/2020,Queens,0.35,5,36.35,34,7.7,10,4.43,33,0.03,29,45.5,45.8,22.7,34,2020,NO2,0,healthy
11/18/2020,Queens,0.25,3,17.35,19,,,3.5,30,0.03,28,35,45,27.6,30,2020,PM2.5,0,healthy
11/19/2020,Queens,0.35,5,38.1,36,1.2,1,4,29,0.03,26,40.6,45.9,14.6,36,2020,NO2,0,healthy
11/20/2020,Queens,0.35,5,37.1,36,1.3,1,7.13,42,0.03,24,53.2,48.2,14.2,42,2020,PM2.5,0,healthy
11/21/2020,Queens,0.5,6,37.75,37,1.4,1,11.9,59,0.03,28,57.2,46.8,13.2,59,2020,PM2.5,1,unhealthy
11/22/2020,Queens,0.2,2,13.1,14,0.3,0,4,32,0.03,30,50.2,67.6,16.1,32,2020,PM2.5,0,healthy
11/23/2020,Queens,0.2,2,25.1,24,0.4,0,5.03,32,0.03,25,52.4,67.9,25,32,2020,PM2.5,0,healthy
11/24/2020,Queens,0.55,8,33.5,31,1.3,1,5.95,47,0.03,24,45.5,49.4,15.5,47,2020,PM2.5,0,healthy
11/25/2020,Queens,0.55,8,38.15,36,1,1,5.35,31,0.02,23,50.5,58.3,12.2,36,2020,NO2,0,healthy
11/26/2020,Queens,0.4,5,31.5,29,0.4,0,5.7,38,0.03,31,59.3,77.1,14.4,38,2020,PM2.5,0,healthy
11/27/2020,Queens,0.6,7,34.05,32,1.4,1,7.1,51,0.02,19,56.3,63.9,10.5,51,2020,PM2.5,1,unhealthy
11/28/2020,Queens,0.4,5,28.95,27,1.3,1,5.45,38,0.03,24,51.2,55.5,14.2,38,2020,PM2.5,0,healthy
11/29/2020,Queens,0.4,5,33.15,31,1.4,1,7.67,43,0.02,19,48.3,45.9,9.7,43,2020,PM2.5,0,healthy
11/30/2020,Queens,0.4,5,,,,,6.85,48,,,57.8,80.5,28.9,48,2020,PM2.5,0,healthy
12/1/2020,Queens,0.3,3,16.45,16,1.1,1,4.5,31,0.02,18,50.6,67.5,23.4,31,2020,PM2.5,0,healthy
12/2/2020,Queens,0.2,2,16.15,15,1.1,1,2.7,18,0.02,19,41.1,54.1,21.9,19,2020,O3,0,healthy
12/3/2020,Queens,0.3,3,32.2,30,,,7.3,41,0.02,16,43.7,45.3,14.7,41,2020,PM2.5,0,healthy
12/4/2020,Queens,0.35,5,34.55,32,1.4,1,7.1,46,0.02,14,48.5,60.1,13.3,46,2020,PM2.5,0,healthy
12/5/2020,Queens,0.45,6,34.2,32,0.7,0,5.67,34,0.02,21,44.5,72.9,22.3,34,2020,PM2.5,0,healthy
12/6/2020,Queens,0.2,2,11.3,13,1.4,1,2,22,0.03,28,38.7,49.9,23.8,28,2020,O3,0,healthy
12/7/2020,Queens,0.35,5,30.95,31,,,4.95,34,0.02,21,36.3,51.6,15.6,34,2020,PM2.5,0,healthy
12/8/2020,Queens,0.25,3,16.6,18,,,3.43,22,0.02,20,33.9,57.2,17.2,22,2020,PM2.5,0,healthy
12/9/2020,Queens,0.3,3,34.35,32,,,12.2,59,0.01,10,35.9,63.4,15,59,2020,PM2.5,1,unhealthy
12/10/2020,Queens,0.35,5,34.55,34,1.3,1,8.37,53,0.02,20,43.8,59.9,17,53,2020,PM2.5,1,unhealthy
12/11/2020,Queens,1.1,14,45.1,45,1.3,1,13.82,61,0.02,20,46.8,67.1,11.6,61,2020,PM2.5,1,unhealthy
12/12/2020,Queens,0.85,10,37.4,35,0.6,0,12.43,59,0.02,21,50.2,86.7,9.1,59,2020,PM2.5,1,unhealthy
12/13/2020,Queens,0.35,5,33.9,32,1.2,1,10.63,57,0.03,25,54,66.1,19.4,57,2020,PM2.5,1,unhealthy
12/14/2020,Queens,0.35,5,24.35,24,1.2,1,4.15,28,0.02,21,41.3,68.6,19.9,28,2020,PM2.5,0,healthy
12/15/2020,Queens,0.25,3,19.8,22,,,4.1,39,0.02,23,36.3,44.9,18.4,39,2020,PM2.5,0,healthy
12/16/2020,Queens,0.25,3,19.95,25,0.4,0,3.3,29,0.03,28,29.8,59.6,29.4,29,2020,PM2.5,0,healthy
12/17/2020,Queens,0.25,3,21,21,0.8,0,3.42,29,0.03,24,29.5,79.1,28.9,29,2020,PM2.5,0,healthy
12/18/2020,Queens,0.35,5,29.8,27,1.4,1,7.33,52,0.02,19,28.8,59,14.6,52,2020,PM2.5,1,unhealthy
12/19/2020,Queens,0.8,9,44.9,44,1.4,1,11.63,57,0.02,16,28.3,58.3,11.7,57,2020,PM2.5,1,unhealthy
12/20/2020,Queens,0.75,9,41.7,41,1,1,12.58,63,0.01,8,35.3,69.5,8.4,63,2020,PM2.5,1,unhealthy
12/21/2020,Queens,0.9,11,37.85,35,1.4,1,19.2,79,0,5,40.5,75.5,10.9,79,2020,PM2.5,1,unhealthy
12/22/2020,Queens,0.5,6,30.6,29,1.4,1,14.17,66,,,42.3,62.6,19.5,66,2020,PM2.5,1,unhealthy
12/23/2020,Queens,0.3,3,33.3,31,1.4,1,5.5,42,0.02,19,41,51.3,15.6,42,2020,PM2.5,0,healthy
12/24/2020,Queens,0.3,3,35.3,33,0.4,0,6.83,47,0.04,34,53.6,76.4,23.4,47,2020,PM2.5,0,healthy
12/25/2020,Queens,0.2,2,6.15,6,0.4,0,6.13,45,0.04,35,50.2,78.4,31.5,45,2020,PM2.5,0,healthy
12/26/2020,Queens,0.2,2,14.85,14,0.8,0,7.28,47,0.02,19,29.1,49.1,21.4,47,2020,PM2.5,0,healthy
12/27/2020,Queens,0.45,6,38.3,36,1.4,1,10.03,55,0.02,18,32,52.2,10.1,55,2020,PM2.5,1,unhealthy
12/28/2020,Queens,0.5,6,36.75,35,1.4,1,8.5,52,,,44.7,59.5,15.1,52,2020,PM2.5,1,unhealthy
12/29/2020,Queens,0.4,5,23.4,22,1.4,1,5.17,43,0.03,30,38.2,41.7,21.8,43,2020,PM2.5,0,healthy
12/30/2020,Queens,0.4,5,38.05,36,1.3,1,5,34,0.02,23,36,49.6,15.4,36,2020,NO2,0,healthy
12/31/2020,Queens,0.35,5,29.45,27,0.7,0,8,54,,,44.4,66.4,16.5,54,2020,PM2.5,1,unhealthy
1/1/2024,Bronx,0.2,2,20.75,20,1.25,1,8.98,55,0.02,19,42.1,61.7,9.5,55,2024,PM2.5,1,unhealthy
1/2/2024,Bronx,0.3,3,29.2,27,0.9,1,6.27,48,0.02,20,36.2,55.1,9,48,2024,PM2.5,0,healthy
1/3/2024,Bronx,0.3,3,28.95,28,1,1,7.5,50,0.02,19,38.5,57.6,9.7,50,2024,PM2.5,0,healthy
1/4/2024,Bronx,0.3,3,26.95,25,0.7,0,7.22,51,0.03,29,38.6,52.4,25.9,51,2024,PM2.5,1,unhealthy
1/5/2024,Bronx,0.3,3,32.95,31,0.9,1,6.5,51,0.03,28,32.1,48.2,18.8,51,2024,PM2.5,1,unhealthy
1/6/2024,Bronx,0.4,5,39.05,37,1.8,1,9.77,54,0.03,26,34.2,66.9,23.2,54,2024,PM2.5,1,unhealthy
1/7/2024,Bronx,0.2,2,17.75,17,0.7,1,3.92,42,0.02,25,36.6,82.1,19.3,42,2024,PM2.5,0,healthy
1/8/2024,Bronx,0.4,5,39.85,38,1.2,1,6.53,52,0.02,24,39.5,53.7,14.9,52,2024,PM2.5,1,unhealthy
1/9/2024,Bronx,1.1,13,47.35,49,2.15,3,8.4,51,0.04,33,43.2,74.5,34.8,51,2024,PM2.5,1,unhealthy
1/10/2024,Bronx,0.2,2,17.35,16,0.55,0,3.78,37,0.03,25,50,58.6,22.4,37,2024,PM2.5,0,healthy
1/11/2024,Bronx,0.3,3,29.85,29,0.7,0,6.33,50,0.02,22,44.1,47.8,14.5,50,2024,PM2.5,0,healthy
1/12/2024,Bronx,0.3,3,33,31,1.35,1,7.17,52,0.03,31,44.5,56.9,16.9,52,2024,PM2.5,1,unhealthy
1/13/2024,Bronx,0.2,2,21.15,20,0.35,0,4.53,41,0.03,27,49,66.4,23.7,41,2024,PM2.5,0,healthy
1/14/2024,Bronx,0.2,2,17.5,17,0.65,0,6.4,50,0.03,28,34.9,41.3,28.6,50,2024,PM2.5,0,healthy
1/15/2024,Bronx,0.3,3,34.85,34,1.35,1,7.3,52,0.02,20,26.7,41.5,12.2,52,2024,PM2.5,1,unhealthy
1/16/2024,Bronx,0.3,3,29.15,29,1.6,3,8.98,52,0.03,25,27.5,78.2,19.2,52,2024,PM2.5,1,unhealthy
1/17/2024,Bronx,0.3,3,25.45,26,1.85,3,7.6,54,0.03,29,21.8,45.5,21.9,54,2024,PM2.5,1,unhealthy
1/18/2024,Bronx,0.4,5,49.3,47,2.35,3,9.2,54,0.01,15,27.9,41.5,13.6,54,2024,PM2.5,1,unhealthy
1/19/2024,Bronx,0.4,5,45.65,43,1.75,1,10.34,55,0.03,26,29.4,63.5,13.3,55,2024,PM2.5,1,unhealthy
1/20/2024,Bronx,0.2,2,11.35,12,0.7,0,4.87,39,0.03,29,21.7,51.3,21.6,39,2024,PM2.5,0,healthy
1/21/2024,Bronx,0.2,2,13.55,14,0.75,1,4.63,42,0.03,31,25.1,47.9,20.3,42,2024,PM2.5,0,healthy
1/22/2024,Bronx,0.3,3,41.55,40,1.7,1,8.33,52,0.02,17,30.7,47.4,13.1,52,2024,PM2.5,1,unhealthy
1/23/2024,Bronx,0.5,6,44.15,42,2.5,3,13.6,61,0.01,10,37.5,57.8,10.3,61,2024,PM2.5,1,unhealthy
1/24/2024,Bronx,0.6,7,40.85,43,1.1,1,16.2,69,0,6,40.2,84.5,8.9,69,2024,PM2.5,1,unhealthy
1/25/2024,Bronx,0.7,8,39.7,41,1.25,1,12.38,60,0.01,14,51.3,88.2,9.3,60,2024,PM2.5,1,unhealthy
1/26/2024,Bronx,0.4,5,32.85,33,0.6,0,6.47,38,0.02,20,42.5,89.4,14.3,38,2024,PM2.5,0,healthy
1/27/2024,Bronx,0.4,5,28.35,26,0.85,1,6.97,41,0.02,17,43.8,80,7.9,41,2024,PM2.5,0,healthy
1/28/2024,Bronx,0.3,3,18.35,17,0.8,1,3.1,21,0.02,22,39.5,85.9,21.8,22,2024,O3,0,healthy
1/29/2024,Bronx,0.2,2,16.4,15,0.85,1,4.73,38,0.02,19,37.4,73.5,15,38,2024,PM2.5,0,healthy
1/30/2024,Bronx,0.2,2,23.85,25,0.9,1,5.03,39,0.03,27,36,63.1,10.2,39,2024,PM2.5,0,healthy
1/31/2024,Bronx,0.3,3,40.6,38,1,1,5.36,37,0.02,23,37,70.8,9.5,38,2024,NO2,0,healthy
2/1/2024,Bronx,0.5,6,35.95,34,1.2,1,13.4,62,0.01,7,41.5,66.4,10.8,62,2024,PM2.5,1,unhealthy
2/2/2024,Bronx,0.5,6,34.6,32,1.2,1,9.73,54,0.01,14,41.9,74.3,12.9,54,2024,PM2.5,1,unhealthy
2/3/2024,Bronx,0.2,2,17.35,17,0.9,1,4.35,29,0.03,24,37.2,52.1,14.6,29,2024,PM2.5,0,healthy
2/4/2024,Bronx,0.2,2,24.2,23,1.25,1,4.43,28,0.03,31,37.5,48.5,11.5,31,2024,O3,0,healthy
2/5/2024,Bronx,0.2,2,23.85,23,1.2,1,4.13,30,0.04,33,37,41.6,17.5,33,2024,O3,0,healthy
2/6/2024,Bronx,0.2,2,27.95,27,1.3,1,4.32,38,0.03,30,34.9,43.6,13.8,38,2024,PM2.5,0,healthy
2/7/2024,Bronx,0.5,6,47.2,46,1.9,3,6,42,0.03,28,39.7,47.4,10.2,46,2024,NO2,0,healthy
2/8/2024,Bronx,0.6,7,43.5,41,3.2,4,11.83,57,0.02,15,42.8,52.4,8.9,57,2024,PM2.5,1,unhealthy
2/9/2024,Bronx,0.4,5,48.1,45,1.2,1,9.02,52,0.03,31,45.8,68.1,11.7,52,2024,PM2.5,1,unhealthy
2/10/2024,Bronx,1.2,14,44,42,2.1,3,20.77,76,0.01,14,50.7,66.7,9.6,76,2024,PM2.5,1,unhealthy
2/11/2024,Bronx,0.6,7,37.5,35,0.85,1,7.33,41,0.02,22,46.8,57.5,11.6,41,2024,PM2.5,0,healthy
2/12/2024,Bronx,0.2,2,21.6,20,1.6,3,5.94,37,0.02,18,41.5,58.3,9.9,37,2024,PM2.5,0,healthy
2/13/2024,Bronx,0.3,3,22.5,21,0.95,1,5.53,34,0.03,25,36.5,71.4,16.9,34,2024,PM2.5,0,healthy
2/14/2024,Bronx,0.3,3,16.2,15,0.85,1,3.77,29,0.04,34,33.2,42.7,23.1,34,2024,O3,0,healthy
2/15/2024,Bronx,0.3,3,29.1,27,1,1,5.28,31,0.02,24,32.9,48.3,16.9,31,2024,PM2.5,0,healthy
2/16/2024,Bronx,0.2,2,21.1,20,1.1,1,4.13,28,0.03,30,38.8,40.1,21.5,30,2024,O3,0,healthy
2/17/2024,Bronx,0.2,2,20.75,22,0.75,1,4.53,28,0.03,27,32.2,64.2,17.7,28,2024,PM2.5,0,healthy
2/18/2024,Bronx,0.3,3,33.65,33,0.85,1,5.64,34,0.04,35,32.9,42.5,18.7,35,2024,O3,0,healthy
2/19/2024,Bronx,0.3,3,28.4,28,1,1,4.63,33,0.04,35,36.3,37,18.7,35,2024,O3,0,healthy
2/20/2024,Bronx,0.3,3,37,37,0.95,1,3.93,29,0.03,33,31.8,38.7,10.2,37,2024,NO2,0,healthy
2/21/2024,Bronx,0.5,6,43.45,42,1.1,1,5.1,32,0.03,33,34.5,59.6,10.4,42,2024,NO2,0,healthy
2/22/2024,Bronx,0.3,3,36.85,36,0.5,0,5.63,34,0.03,31,38.8,67.1,14.3,36,2024,NO2,0,healthy
2/23/2024,Bronx,0.3,3,36.2,36,0.8,1,9.1,54,0.02,17,43.7,79.6,7.2,54,2024,PM2.5,1,unhealthy
2/24/2024,Bronx,0.3,3,22.4,23,0.7,1,5.96,37,0.04,32,39.7,47.8,15.5,37,2024,PM2.5,0,healthy
2/25/2024,Bronx,0.3,3,33.45,33,1.2,1,4.17,29,0.02,23,31,42.1,12.2,33,2024,NO2,0,healthy
2/26/2024,Bronx,0.6,7,52.3,52,1.2,1,8.73,53,0.01,12,42.4,57.9,9.8,53,2024,PM2.5,1,unhealthy
2/27/2024,Bronx,0.8,9,46.05,48,0.7,0,12,58,0.03,32,45.5,79.9,12.6,58,2024,PM2.5,1,unhealthy
2/28/2024,Bronx,0.4,5,43.2,43,0.4,0,13.87,63,0.03,27,52.9,84,25.1,63,2024,PM2.5,1,unhealthy
2/29/2024,Bronx,0.3,3,17.1,17,0.55,1,3.2,27,0.04,33,36.5,36.3,26.8,33,2024,O3,0,healthy
3/1/2024,Bronx,0.2,2,25.95,25,0.8,0,5.14,37,0.04,32,37.3,45.6,17.4,37,2024,PM2.5,0,healthy
3/2/2024,Bronx,0.3,3,32,31,0.15,0,4.9,32,0.02,27,45.7,83.7,15,32,2024,PM2.5,0,healthy
3/3/2024,Bronx,0.3,3,23.2,25,0.3,0,3.1,20,0.04,35,55.6,63.7,9.5,35,2024,O3,0,healthy
3/4/2024,Bronx,0.2,2,22.9,22,0.4,0,4.58,27,0.03,26,50.4,72.8,12.8,27,2024,PM2.5,0,healthy
3/5/2024,Bronx,0.3,3,29.45,28,0.15,0,3.63,25,0.03,29,44.1,87.8,20.6,29,2024,O3,0,healthy
3/6/2024,Bronx,0.4,5,27.8,27,0.7,1,9.37,56,0.01,13,48.1,85.6,17.4,56,2024,PM2.5,1,unhealthy
3/7/2024,Bronx,0.2,2,19.7,20,0.5,1,2.7,18,0.02,23,49.7,74.5,15.9,23,2024,O3,0,healthy
3/8/2024,Bronx,0.2,2,29.9,33,1.25,1,4.13,28,0.03,32,46,52.9,12.9,33,2024,NO2,0,healthy
3/9/2024,Bronx,0.2,2,14.1,16,0.35,0,4.33,29,0.03,32,43.4,76.2,20.9,32,2024,O3,0,healthy
3/10/2024,Bronx,0.2,2,13.25,12,0.4,0,1.9,12,0.03,30,44.5,66.5,25.2,30,2024,O3,0,healthy
3/11/2024,Bronx,0.2,2,10.5,10,0.4,0,2.6,22,0.04,40,43.2,38.6,32.7,40,2024,O3,0,healthy
3/12/2024,Bronx,0.4,5,43.35,44,1.2,1,5.3,36,0.04,42,53.5,31,20.6,44,2024,NO2,0,healthy
3/13/2024,Bronx,0.8,9,58.5,58,3.1,4,9.98,54,0.04,40,53.1,45.6,12.5,58,2024,NO2,1,unhealthy
3/14/2024,Bronx,0.4,5,38,36,3,6,15.4,66,0.04,39,55.1,57.4,11.7,66,2024,PM2.5,1,unhealthy
3/15/2024,Bronx,0.4,5,49.2,53,0.7,0,8.97,52,0.04,40,60,53,18.8,53,2024,NO2,1,unhealthy
3/16/2024,Bronx,0.3,3,42.65,42,0.45,0,5.48,34,0.04,39,52.2,54.3,15.6,42,2024,NO2,0,healthy
3/17/2024,Bronx,0.3,3,15.6,15,0.55,1,4.07,23,0.04,37,54.6,44.9,21.3,37,2024,O3,0,healthy
3/18/2024,Bronx,0.2,2,15.5,17,0.4,0,2.67,16,0.04,33,45.5,38.7,18.7,33,2024,O3,0,healthy
3/19/2024,Bronx,0.2,2,22.75,25,0.35,0,3.32,22,0.04,35,40.3,42.9,17.8,35,2024,O3,0,healthy
3/20/2024,Bronx,0.3,3,37.35,36,0.9,1,6.3,38,0.03,31,44.8,51.8,20.6,38,2024,PM2.5,0,healthy
3/21/2024,Bronx,0.2,2,14.35,14,0.5,0,2.57,19,0.04,35,35.5,33.1,20.9,35,2024,O3,0,healthy
3/22/2024,Bronx,0.3,3,25.5,25,1.2,1,4.88,29,0.03,30,35.5,42,15.8,30,2024,O3,0,healthy
3/23/2024,Bronx,0.2,2,25.45,27,0.5,0,3.57,23,0.03,31,42.2,81.9,20.8,31,2024,O3,0,healthy
3/24/2024,Bronx,0.2,2,15.15,15,0.75,1,3.47,22,0.04,35,38.1,40.4,17.4,35,2024,O3,0,healthy
3/25/2024,Bronx,0.2,2,28.35,27,0.85,1,4.26,26,0.04,35,42,45.2,19.9,35,2024,O3,0,healthy
3/26/2024,Bronx,0.2,2,23.05,26,0.75,1,4.5,27,0.03,31,44.7,54.5,16,31,2024,O3,0,healthy
3/27/2024,Bronx,0.6,7,43.45,42,0.95,1,12.53,63,0.01,10,45.8,75,12.5,63,2024,PM2.5,1,unhealthy
3/28/2024,Bronx,0.6,7,32.9,33,0.75,0,7.22,51,0.04,34,47.9,84.3,11.5,51,2024,PM2.5,1,unhealthy
3/29/2024,Bronx,0.2,2,12.95,13,0.45,0,4.27,27,0.05,43,46.5,40.1,28.6,43,2024,O3,0,healthy
3/30/2024,Bronx,0.2,2,12.5,13,0.5,0,4.13,24,0.04,42,49.6,40.6,17.6,42,2024,O3,0,healthy
3/31/2024,Bronx,0.2,2,19.7,19,1.05,1,4.56,28,0.05,43,53.4,50.2,15.6,43,2024,O3,0,healthy
4/1/2024,Bronx,0.6,7,51.1,50,2.25,4,6.07,36,0.03,27,50.5,54.9,9.6,50,2024,NO2,0,healthy
4/2/2024,Bronx,1,11,47,44,1.3,1,9.27,53,0.04,38,46.3,81.1,12.7,53,2024,PM2.5,1,unhealthy
4/3/2024,Bronx,0.1,1,12.25,17,0.1,0,3.25,26,0.04,36,42.5,85.6,25.8,36,2024,O3,0,healthy
4/4/2024,Bronx,0.2,2,15.9,16,0.45,0,1.67,11,0.04,36,42.6,68.8,30.9,36,2024,O3,0,healthy
4/5/2024,Bronx,0.2,2,19.2,19,0.45,0,1.77,11,0.03,32,43.8,53.9,17.5,32,2024,O3,0,healthy
4/6/2024,Bronx,0.2,2,11.15,11,0.8,0,2.04,16,0.04,35,46.6,50,17.2,35,2024,O3,0,healthy
4/7/2024,Bronx,0.3,3,39.55,38,0.85,1,2.83,16,0.04,41,49.3,46.5,18.2,41,2024,O3,0,healthy
4/8/2024,Bronx,0.5,6,51.85,50,1.4,1,6.27,39,0.04,35,53.9,41.7,11,50,2024,NO2,0,healthy
4/9/2024,Bronx,0.8,9,57.5,63,2.4,3,9.68,53,0.05,44,62.4,42.2,14.2,63,2024,NO2,1,unhealthy
4/10/2024,Bronx,0.2,2,23.5,27,2,4,8.87,52,0.05,44,54.9,65.8,12.2,52,2024,PM2.5,1,unhealthy
4/11/2024,Bronx,0.2,2,25.2,28,0.25,0,8.1,53,0.04,37,54.1,86.3,16.7,53,2024,PM2.5,1,unhealthy
4/12/2024,Bronx,0.2,2,14.5,13,0.2,0,6.2,49,0.04,36,59.4,74.7,20.4,49,2024,PM2.5,0,healthy
4/13/2024,Bronx,0.2,2,8.35,8,0.15,0,1.7,10,0.04,38,51.9,52.2,25.3,38,2024,O3,0,healthy
4/14/2024,Bronx,0.2,2,23.7,25,0.9,1,5.33,30,0.05,44,58.8,43,19.4,44,2024,O3,0,healthy
4/15/2024,Bronx,0.3,3,51.5,48,0.9,1,7.05,42,0.05,51,67.8,50.8,15.4,51,2024,O3,1,unhealthy
4/16/2024,Bronx,0.3,3,46.7,45,1.4,3,4.67,30,0.05,44,61.3,35.5,13.7,45,2024,NO2,0,healthy
4/17/2024,Bronx,0.4,5,43,44,1.3,3,5.47,34,0.04,37,53.4,63,13.1,44,2024,NO2,0,healthy
4/18/2024,Bronx,0.2,2,9.7,9,0.75,1,2.78,19,0.03,31,47,81.5,20.1,31,2024,O3,0,healthy
4/19/2024,Bronx,0.2,2,21.55,21,0.5,0,5.7,36,0.03,31,49.9,68.7,9.7,36,2024,PM2.5,0,healthy
4/20/2024,Bronx,0.3,3,27.1,26,0.35,0,7.23,49,0.05,43,56,62.1,16.6,49,2024,PM2.5,0,healthy
4/21/2024,Bronx,0.2,2,14.8,14,0.5,0,3.18,21,0.03,32,47.6,40,14.2,32,2024,O3,0,healthy
4/22/2024,Bronx,0.2,2,29.3,27,0.65,0,4.27,26,0.05,43,50.7,37.5,13.2,43,2024,O3,0,healthy
4/23/2024,Bronx,0.3,3,40.55,40,1.25,1,5.57,37,0.05,45,52.4,43.3,21.3,45,2024,O3,0,healthy
4/24/2024,Bronx,0.2,2,35.85,34,1,1,4.72,28,0.05,45,57.9,47.7,16.3,45,2024,O3,0,healthy
4/25/2024,Bronx,0.2,2,17.9,18,0.6,0,3.77,22,0.04,35,47.9,42.3,14.5,35,2024,O3,0,healthy
4/26/2024,Bronx,0.3,3,38.5,38,1.45,1,5.53,34,0.04,34,49.8,51.4,12.5,38,2024,NO2,0,healthy
4/27/2024,Bronx,0.3,3,31.15,31,0.55,0,4.18,28,0.04,41,51.5,47,17.4,41,2024,O3,0,healthy
4/28/2024,Bronx,0.4,5,40.3,46,1,1,9.77,53,0.04,38,61.2,64.5,10.7,53,2024,PM2.5,1,unhealthy
4/29/2024,Bronx,0.5,6,33.5,32,0.85,1,13.2,61,0.06,64,71.1,66.8,15.5,64,2024,O3,1,unhealthy
4/30/2024,Bronx,0.2,2,7.95,8,0.5,1,7.92,53,0.03,27,56.3,80,17.1,53,2024,PM2.5,1,unhealthy
5/1/2024,Bronx,0.4,5,29.9,29,0.7,0,10.7,58,0.03,32,60.2,72.9,14.9,58,2024,PM2.5,1,unhealthy
5/2/2024,Bronx,0.3,3,25.45,25,0.75,0,9.43,55,0.04,37,62.1,71.6,12.2,55,2024,PM2.5,1,unhealthy
5/3/2024,Bronx,0.2,2,18.35,18,0.4,0,4.03,27,0.04,37,57.5,65.7,13.1,37,2024,O3,0,healthy
5/4/2024,Bronx,0.2,2,9.9,11,0.3,0,2.93,21,0.03,31,54.4,65.7,11.7,31,2024,O3,0,healthy
5/5/2024,Bronx,0.2,2,21.1,27,0.3,0,3.57,27,0.03,29,51.1,82.4,13,29,2024,O3,0,healthy
5/6/2024,Bronx,0.4,5,33.8,33,2.35,6,10.28,61,0.02,16,61.6,81.7,8.4,61,2024,PM2.5,1,unhealthy
5/7/2024,Bronx,0.4,5,39,37,0.7,0,4.85,32,0.05,50,68.8,51.2,15.8,50,2024,O3,0,healthy
5/8/2024,Bronx,0.3,3,43.65,42,0.4,0,8.67,52,0.05,46,73.7,59.1,16,52,2024,PM2.5,1,unhealthy
5/9/2024,Bronx,0.2,2,15.25,19,0.15,0,2.6,18,0.04,35,65.2,49.4,11.9,35,2024,O3,0,healthy
5/10/2024,Bronx,0.2,2,18.75,20,0.1,0,2.8,21,0.03,26,52.1,75.6,15.7,26,2024,O3,0,healthy
5/11/2024,Bronx,0.3,3,24.1,24,0.5,0,3.9,29,0.04,34,53.4,63.9,13.3,34,2024,O3,0,healthy
5/12/2024,Bronx,0.2,2,21.75,21,0.25,0,3.48,23,0.03,27,51.4,72.1,9.2,27,2024,O3,0,healthy
5/13/2024,Bronx,0.2,2,31.6,32,0.6,0,7.27,48,0.03,27,56.2,71.9,11.5,48,2024,PM2.5,0,healthy
5/14/2024,Bronx,0.3,3,30,29,0.65,0,7.23,46,0.03,31,63.2,70,9.3,46,2024,PM2.5,0,healthy
5/15/2024,Bronx,0.3,3,23.25,28,0.45,0,3.75,28,0.04,34,60.3,88,18.2,34,2024,O3,0,healthy
5/16/2024,Bronx,0.2,2,9.65,9,0.45,0,2.13,16,0.04,38,61.5,82.6,17.6,38,2024,O3,0,healthy
5/17/2024,Bronx,0.2,2,18,20,1.1,1,5.3,31,0.04,40,64.6,65.2,14.5,40,2024,O3,0,healthy
5/18/2024,Bronx,0.3,3,26.9,28,0.45,0,5.1,32,0.04,38,62.8,70.7,9.4,38,2024,O3,0,healthy
5/19/2024,Bronx,0.2,2,22.85,26,0.65,0,2.5,18,0.04,33,64.4,70.5,11.3,33,2024,O3,0,healthy
5/20/2024,Bronx,0.2,2,21.5,21,1.1,1,4.43,29,0.04,34,63,71.5,9.5,34,2024,O3,0,healthy
5/21/2024,Bronx,0.4,5,40.2,38,1.05,1,7.93,46,0.04,38,69.3,68.2,12.7,46,2024,PM2.5,0,healthy
5/22/2024,Bronx,0.4,5,34.4,34,0.9,1,7.83,46,0.05,46,74.7,58.4,14.3,46,2024,PM2.5,0,healthy
5/23/2024,Bronx,0.3,3,31.3,29,0.85,0,8.7,52,0.05,48,73.8,66.2,12.7,52,2024,PM2.5,1,unhealthy
5/24/2024,Bronx,0.4,5,52.7,50,0.9,1,8.76,52,0.07,90,76.5,47.4,12,90,2024,O3,1,unhealthy
5/25/2024,Bronx,0.5,6,26.75,27,0.95,1,7.8,50,0.06,58,71.6,47.8,9.4,58,2024,O3,1,unhealthy
5/26/2024,Bronx,0.3,3,16.9,17,0.65,0,9.5,54,0.05,49,72,72.9,11.2,54,2024,PM2.5,1,unhealthy
5/27/2024,Bronx,0.2,2,25.35,25,0.35,0,6.55,45,0.04,37,69.1,88,18.3,45,2024,PM2.5,0,healthy
5/28/2024,Bronx,0.4,5,33.5,32,0.4,0,5.13,37,0.05,47,72.2,61.9,17.5,47,2024,O3,0,healthy
5/29/2024,Bronx,0.2,2,19.8,25,0.45,0,3.1,22,0.05,44,68,59.3,10.8,44,2024,O3,0,healthy
5/30/2024,Bronx,0.2,2,17.5,16,0.55,1,4.72,31,0.04,38,64.1,61.8,12.1,38,2024,O3,0,healthy
5/31/2024,Bronx,0.2,2,12.6,12,0.55,0,4.07,28,0.04,39,67.9,39.8,14.5,39,2024,O3,0,healthy
6/1/2024,Bronx,0.2,2,13.4,12,0.45,0,5.53,35,0.05,47,73,33.6,9,47,2024,O3,0,healthy
6/2/2024,Bronx,0.3,3,39.2,37,1.25,1,9.35,54,0.07,87,74.7,42.3,15.7,87,2024,O3,1,unhealthy
6/3/2024,Bronx,0.4,5,41.65,49,1.25,1,12.17,58,0.07,87,78.1,48.1,9.2,87,2024,O3,1,unhealthy
6/4/2024,Bronx,0.4,5,37.45,45,1.25,1,14.53,64,0.06,80,72.1,66.3,11.2,80,2024,O3,1,unhealthy
6/5/2024,Bronx,0.2,2,18.95,18,0.35,0,8.42,52,0.05,45,71.7,77.9,16,52,2024,PM2.5,1,unhealthy
6/6/2024,Bronx,0.3,3,23.55,23,0.4,0,5.57,37,0.03,31,74.2,83.7,13,37,2024,PM2.5,0,healthy
6/7/2024,Bronx,0.3,3,19.4,19,0.35,0,4.6,30,0.06,67,74.1,59.2,16.9,67,2024,O3,1,unhealthy
6/8/2024,Bronx,0.2,2,16.05,15,0.25,0,2.92,20,0.04,35,71.6,46.8,17.4,35,2024,O3,0,healthy
6/9/2024,Bronx,0.3,3,21.15,23,0.6,0,4.23,28,0.04,37,71.7,49.5,19.6,37,2024,O3,0,healthy
6/10/2024,Bronx,0.2,2,8.35,8,0.35,0,2.97,22,0.03,29,68.4,50,14,29,2024,O3,0,healthy
6/11/2024,Bronx,0.2,2,18.1,18,0.85,1,3.92,27,0.03,31,67.2,57.5,8,31,2024,O3,0,healthy
6/12/2024,Bronx,0.2,2,20.05,19,0.65,0,5.13,34,0.04,41,69.5,56.5,9.1,41,2024,O3,0,healthy
6/13/2024,Bronx,0.4,5,33.25,34,0.8,1,10.8,56,0.06,74,74.5,57.9,15.3,74,2024,O3,1,unhealthy
6/14/2024,Bronx,0.2,2,20.4,19,0.7,0,10.35,55,0.06,84,75,66.2,12.7,84,2024,O3,1,unhealthy
6/15/2024,Bronx,0.2,2,15.5,15,0.65,1,5.4,38,0.04,37,73.2,53.3,15.4,38,2024,PM2.5,0,healthy
6/16/2024,Bronx,0.2,2,12.5,16,0.55,0,5.2,36,0.04,43,68.8,52.5,12.1,43,2024,O3,0,healthy
6/17/2024,Bronx,0.2,2,22.35,21,1.4,1,7.38,45,0.05,46,74.7,65.2,15.3,46,2024,O3,0,healthy
6/18/2024,Bronx,0.2,2,22,21,0.65,0,8.17,52,0.05,45,78.6,61.2,16.4,52,2024,PM2.5,1,unhealthy
6/19/2024,Bronx,0.2,2,27,25,0.75,0,6.67,40,0.05,45,78.9,58,19.1,45,2024,O3,0,healthy
6/20/2024,Bronx,0.3,3,33.4,31,1.1,1,9.07,52,0.07,90,81.6,54.7,13.1,90,2024,O3,1,unhealthy
6/21/2024,Bronx,0.3,3,19.6,18,0.7,0,10.4,56,0.08,150,84.4,53.8,12.9,150,2024,O3,1,unhealthy
6/22/2024,Bronx,0.3,3,22.15,26,0.6,0,11.9,58,0.07,108,81.2,66.8,13.5,108,2024,O3,1,unhealthy
6/23/2024,Bronx,0.3,3,19,22,0.25,0,10.02,55,0.06,67,82.9,63.6,18,67,2024,O3,1,unhealthy
6/24/2024,Bronx,0.2,2,9.3,8,0.15,0,4.6,36,0.04,40,77,53.2,27.5,40,2024,O3,0,healthy
6/25/2024,Bronx,0.2,2,12.2,11,0.45,0,9.2,55,0.06,54,80,37.9,16.7,55,2024,PM2.5,1,unhealthy
6/26/2024,Bronx,0.2,2,21.8,20,0.85,0,9.68,55,0.07,100,82,51.4,15.1,100,2024,O3,1,unhealthy
6/27/2024,Bronx,0.2,2,8.3,8,0.2,0,3.6,28,0.05,44,75.1,60.6,15.2,44,2024,O3,0,healthy
6/28/2024,Bronx,0.1,1,12.45,12,0.5,0,2.87,22,0.04,41,69.9,40.4,12.5,41,2024,O3,0,healthy
6/29/2024,Bronx,0.2,2,16.55,18,0.3,0,4.74,32,0.04,33,73,70.1,21.2,33,2024,O3,0,healthy
6/30/2024,Bronx,0.2,2,,,0.1,0,5.83,39,0.04,37,77.6,81.6,19.4,39,2024,PM2.5,0,healthy
7/1/2024,Bronx,0.2,2,10.35,10,0.2,0,2.6,24,0.03,26,72.7,52.5,17.8,26,2024,O3,0,healthy
7/2/2024,Bronx,0.2,2,23.3,25,0.85,1,5.95,54,0.04,37,74.8,42.4,9.8,54,2024,PM2.5,1,unhealthy
7/3/2024,Bronx,0.4,5,29.15,27,0.5,0,5.73,38,0.04,35,75.3,46,14.9,38,2024,PM2.5,0,healthy
7/4/2024,Bronx,0.3,3,22.75,22,1.8,3,18.67,80,0.05,48,77.2,62.2,13.7,80,2024,PM2.5,1,unhealthy
7/5/2024,Bronx,0.4,5,29.05,30,0.6,0,23.18,84,0.06,54,79.9,76.9,13.1,84,2024,PM2.5,1,unhealthy
7/6/2024,Bronx,0.4,5,37.05,41,0.6,0,13.37,61,0.06,80,81.1,75.7,14.5,80,2024,O3,1,unhealthy
7/7/2024,Bronx,0.5,6,38.1,47,0.9,1,10.33,54,0.06,61,83.5,60.4,8.5,61,2024,O3,1,unhealthy
7/8/2024,Bronx,0.5,6,32.45,41,2.45,6,11.72,61,0.07,100,82.6,67.1,11.7,100,2024,O3,1,unhealthy
7/9/2024,Bronx,0.3,3,25.6,25,0.7,1,9.1,52,0.05,47,81.6,73.6,13.8,52,2024,PM2.5,1,unhealthy
7/10/2024,Bronx,0.3,3,21.15,21,0.65,0,6.67,46,0.03,28,82.9,69.7,22.4,46,2024,PM2.5,0,healthy
7/11/2024,Bronx,0.2,2,16.2,15,0.65,0,4.84,37,0.06,67,81.5,62.2,17.2,67,2024,O3,1,unhealthy
7/12/2024,Bronx,0.3,3,27,27,0.55,0,4.73,29,0.04,39,79.5,68.4,12,39,2024,O3,0,healthy
7/13/2024,Bronx,0.3,3,26.55,26,0.45,0,3.37,21,0.05,46,78.8,75.7,11.3,46,2024,O3,0,healthy
7/14/2024,Bronx,0.5,6,23.65,24,0.65,1,9,54,0.06,74,81.7,64.1,11.2,74,2024,O3,1,unhealthy
7/15/2024,Bronx,0.4,5,29.85,28,0.8,1,13.1,59,0.07,87,83.9,65.4,13.9,87,2024,O3,1,unhealthy
7/16/2024,Bronx,0.3,3,31.5,42,0.9,1,12.27,59,0.07,93,87.3,52.8,18.2,93,2024,O3,1,unhealthy
7/17/2024,Bronx,0.3,3,22.8,23,0.8,1,11.94,63,0.06,90,82.1,65.4,14.5,90,2024,O3,1,unhealthy
7/18/2024,Bronx,0.2,2,13.05,13,0.3,0,7.27,47,0.04,42,78.4,64.5,12.9,47,2024,PM2.5,0,healthy
7/19/2024,Bronx,0.3,3,18.05,18,0.5,0,3.77,28,0.05,44,76.1,48,8.4,44,2024,O3,0,healthy
7/20/2024,Bronx,0.3,3,21.35,23,0.65,0,8.82,56,0.06,61,78,56,14.5,61,2024,O3,1,unhealthy
7/21/2024,Bronx,0.4,5,29.7,29,0.75,1,8.53,52,0.06,67,79.7,60.1,12.4,67,2024,O3,1,unhealthy
7/22/2024,Bronx,0.5,6,29.3,32,0.8,0,7.57,49,0.04,42,78.5,69.9,17,49,2024,PM2.5,0,healthy
7/23/2024,Bronx,0.2,2,10.05,11,2.1,3,5.12,34,0.05,47,73.8,84.3,11.6,47,2024,O3,0,healthy
7/24/2024,Bronx,0.2,2,21.2,26,1.4,1,7.1,47,0.04,39,74.8,84.3,10.4,47,2024,PM2.5,0,healthy
7/25/2024,Bronx,0.2,2,18.75,18,0.5,0,8.37,53,0.04,43,78.4,64,15,53,2024,PM2.5,1,unhealthy
7/26/2024,Bronx,0.2,2,17.85,18,0.6,0,4.65,42,0.03,32,75.9,45.2,14.1,42,2024,PM2.5,0,healthy
7/27/2024,Bronx,0.3,3,24.1,24,1,1,11,58,0.04,41,77.6,48.2,8.8,58,2024,PM2.5,1,unhealthy
7/28/2024,Bronx,0.3,3,21.4,23,0.7,0,16.17,66,0.04,40,77.9,49.7,11,66,2024,PM2.5,1,unhealthy
7/29/2024,Bronx,0.3,3,19.4,19,1.3,1,14.5,63,0.05,47,76.4,72,11,63,2024,PM2.5,1,unhealthy
7/30/2024,Bronx,0.3,3,20.5,20,0.7,0,13.5,61,0.05,44,79.4,71.9,18,61,2024,PM2.5,1,unhealthy
7/31/2024,Bronx,0.3,3,16.85,15,0.3,0,7.8,45,0.06,58,81.4,69.7,16.1,58,2024,O3,1,unhealthy
8/1/2024,Bronx,0.5,6,38.5,39,0.7,0,12.92,61,0.07,90,84.5,59.2,11.7,90,2024,O3,1,unhealthy
8/2/2024,Bronx,0.6,7,44.45,48,1.2,1,14.73,63,0.06,71,84,66.7,16.4,71,2024,O3,1,unhealthy
8/3/2024,Bronx,0.3,3,19.75,20,0.8,0,6.63,42,0.06,71,80.8,73.8,13.1,71,2024,O3,1,unhealthy
8/4/2024,Bronx,0.3,3,30.8,32,0.5,0,7.8,52,0.04,38,76.2,81.7,13,52,2024,PM2.5,1,unhealthy
8/5/2024,Bronx,0.3,3,28.55,28,0.8,0,11.93,58,0.06,87,81.5,64.5,13.1,87,2024,O3,1,unhealthy
8/6/2024,Bronx,0.3,3,19.35,19,0.7,0,9.73,54,0.06,74,80.5,73.8,16.4,74,2024,O3,1,unhealthy
8/7/2024,Bronx,0.2,2,11.3,13,0.4,0,2.52,21,0.03,27,68.1,88.4,14.8,27,2024,O3,0,healthy
8/8/2024,Bronx,0.1,1,10.05,14,0.3,0,3.2,26,0.03,30,67.8,87.9,11,30,2024,O3,0,healthy
8/9/2024,Bronx,0.2,2,10.25,10,0.3,0,8.17,52,0.02,22,77.3,86.5,22.9,52,2024,PM2.5,1,unhealthy
8/10/2024,Bronx,0.2,2,9.65,9,0.1,0,7.02,52,0.05,44,79.8,58.5,11.2,52,2024,PM2.5,1,unhealthy
8/11/2024,Bronx,0.2,2,9.7,9,0.75,1,5.4,34,0.05,44,76.1,49.6,10.8,44,2024,O3,0,healthy
8/12/2024,Bronx,0.2,2,15.7,16,0.2,0,4.23,28,0.04,38,73.5,52.2,11.1,38,2024,O3,0,healthy
8/13/2024,Bronx,0.3,3,18.55,18,0.5,0,6.3,48,0.03,32,73.4,53.1,11.3,48,2024,PM2.5,0,healthy
8/14/2024,Bronx,0.3,3,18.3,17,0.2,0,15.23,66,0.03,31,76.8,54.5,13.5,66,2024,PM2.5,1,unhealthy
8/15/2024,Bronx,0.3,3,19.3,19,0.3,0,11.7,59,0.03,32,78.3,51.2,6.7,59,2024,PM2.5,1,unhealthy
8/16/2024,Bronx,0.3,3,18.4,20,0.8,1,18.54,71,0.05,44,77.8,62.8,10.1,71,2024,PM2.5,1,unhealthy
8/17/2024,Bronx,0.3,3,15.3,18,0.3,0,16.67,68,0.05,44,74.5,74.1,13.6,68,2024,PM2.5,1,unhealthy
8/18/2024,Bronx,0.2,2,12.6,13,0.15,0,12.73,60,0.04,40,74.8,82.3,19.4,60,2024,PM2.5,1,unhealthy
8/19/2024,Bronx,0.3,3,18.05,17,0.15,0,4.25,35,0.05,47,75.4,74.9,15.6,47,2024,O3,0,healthy
8/20/2024,Bronx,0.2,2,6.25,7,0.2,0,2,18,0.03,31,67.4,53.7,16.6,31,2024,O3,0,healthy
8/21/2024,Bronx,0.2,2,7.45,8,0.2,0,2.4,18,0.03,29,65.4,54,14.7,29,2024,O3,0,healthy
8/22/2024,Bronx,0.2,2,14.05,13,0.3,0,5.36,40,0.03,28,68.3,52.3,13,40,2024,PM2.5,0,healthy
8/23/2024,Bronx,0.3,3,24.35,25,0.6,0,7.5,47,0.05,46,72.6,49.8,10.3,47,2024,PM2.5,0,healthy
8/24/2024,Bronx,0.4,5,30.55,31,0.7,0,11.37,57,0.06,74,75.2,50.4,8.5,74,2024,O3,1,unhealthy
8/25/2024,Bronx,0.4,5,24.55,25,1.5,1,13.3,62,0.07,93,76.7,54.9,12.4,93,2024,O3,1,unhealthy
8/26/2024,Bronx,0.3,3,23.8,24,1.4,1,12.93,60,0.07,97,76.7,61,11.3,97,2024,O3,1,unhealthy
8/27/2024,Bronx,0.3,3,23.3,22,1.15,1,11.13,58,0.06,87,76,64.1,14.2,87,2024,O3,1,unhealthy
8/28/2024,Bronx,0.3,3,21.25,21,0.6,0,11.6,58,0.06,64,82.2,60,10.1,64,2024,O3,1,unhealthy
8/29/2024,Bronx,0.2,2,9.25,11,0.5,0,3.7,31,0.03,31,75.2,64.3,13.3,31,2024,PM2.5,0,healthy
8/30/2024,Bronx,0.2,2,10.9,13,3.8,6,2.37,20,0.03,27,69.6,67.1,12.5,27,2024,O3,0,healthy
8/31/2024,Bronx,0.2,2,11.65,12,3.2,6,4.75,32,0.03,30,72.6,73.2,9.1,32,2024,PM2.5,0,healthy
9/1/2024,Bronx,0.4,5,23.35,22,0.6,0,7.3,44,0.04,36,76.9,74.7,8.2,44,2024,PM2.5,0,healthy
9/2/2024,Bronx,0.4,5,5.45,5,0.25,0,5.23,35,0.03,31,72.6,51,15.7,35,2024,PM2.5,0,healthy
9/3/2024,Bronx,0.3,3,27.2,25,0.45,0,3.26,22,0.04,37,66,43.8,11.5,37,2024,O3,0,healthy
9/4/2024,Bronx,0.3,3,28.6,29,0.95,1,4.93,31,0.04,40,68.4,48.8,8.6,40,2024,O3,0,healthy
9/5/2024,Bronx,0.5,6,31.55,32,1.55,1,4.4,29,0.04,39,68.8,59.3,13.1,39,2024,O3,0,healthy
9/6/2024,Bronx,0.3,3,14.85,16,0.45,0,4.6,32,0.03,31,69.4,72,10.1,32,2024,PM2.5,0,healthy
9/7/2024,Bronx,0.2,2,10.75,12,0.25,0,3.6,27,0.03,27,68.3,76.2,17.1,27,2024,PM2.5,0,healthy
9/8/2024,Bronx,0.2,2,10.3,9,0.25,0,2.27,17,0.03,32,63,53.5,12.6,32,2024,O3,0,healthy
9/9/2024,Bronx,0.3,3,20.1,21,0.7,0,3.7,23,0.04,38,67.1,43.6,12.1,38,2024,O3,0,healthy
9/10/2024,Bronx,0.2,2,22.5,23,0.65,0,4.63,29,0.04,39,70.9,47.2,10.9,39,2024,O3,0,healthy
9/11/2024,Bronx,0.3,3,24.3,25,0.7,1,4.17,26,0.04,40,68.9,47.4,8.2,40,2024,O3,0,healthy
9/12/2024,Bronx,0.6,7,32.45,34,1.6,3,7.28,45,0.05,44,69.8,66.9,10.2,45,2024,PM2.5,0,healthy
9/13/2024,Bronx,0.6,7,40.6,39,0.95,1,7.83,48,0.05,50,71.4,64.5,7.7,50,2024,O3,0,healthy
9/14/2024,Bronx,0.6,7,36.55,36,0.5,0,9.3,52,0.05,49,73.5,66.4,12.9,52,2024,PM2.5,1,unhealthy
9/15/2024,Bronx,0.4,5,17.05,18,1.25,1,7.44,46,0.03,32,71.5,65,12,46,2024,PM2.5,0,healthy
9/16/2024,Bronx,0.3,3,17.85,18,1.15,1,4.33,32,0.04,38,67.8,62,12.7,38,2024,O3,0,healthy
9/17/2024,Bronx,0.2,2,16.7,16,0.6,0,6.7,46,0.04,35,70.2,69.1,10.1,46,2024,PM2.5,0,healthy
9/18/2024,Bronx,0.3,3,17.4,19,1,1,6.58,44,0.03,31,70.1,73.4,13.5,44,2024,PM2.5,0,healthy
9/19/2024,Bronx,0.3,3,17.95,20,0.45,0,8.93,53,0.05,44,75,55.6,9.7,53,2024,PM2.5,1,unhealthy
9/20/2024,Bronx,0.2,2,14.7,13,0.35,0,5.03,33,0.04,35,73,63,14.3,35,2024,O3,0,healthy
9/21/2024,Bronx,0.2,2,7.35,7,0.25,0,4.2,29,0.04,36,69.3,61.3,14.5,36,2024,O3,0,healthy
9/22/2024,Bronx,0.2,2,6.05,7,0.25,0,3.3,24,0.04,34,66.7,60.1,11.5,34,2024,O3,0,healthy
9/23/2024,Bronx,0.2,2,13.8,16,0.45,0,4.07,28,0.03,31,63.6,62.5,14.7,31,2024,O3,0,healthy
9/24/2024,Bronx,0.2,2,13,15,0.5,0,3.95,28,0.03,31,63.4,64.3,13.7,31,2024,O3,0,healthy
9/25/2024,Bronx,0.2,2,11.7,15,0.5,0,4.63,32,0.03,30,64.4,67.6,14.9,32,2024,PM2.5,0,healthy
9/26/2024,Bronx,0.5,6,33.05,31,0.55,0,7.37,46,0.02,17,69.7,84.2,8.7,46,2024,PM2.5,0,healthy
9/27/2024,Bronx,0.5,6,23.25,24,0.35,0,3.5,24,0.03,28,69.2,75.7,15.3,28,2024,O3,0,healthy
9/28/2024,Bronx,0.2,2,6.2,7,0.1,0,2.63,20,0.03,29,64.7,83.8,13.7,29,2024,O3,0,healthy
9/29/2024,Bronx,0.2,2,12.45,12,0,0,3,23,0.02,23,61.8,86.1,11.5,23,2024,PM2.5,0,healthy
9/30/2024,Bronx,0.3,3,16.3,15,0.25,0,3.6,24,0.03,30,64.7,71.9,13.1,30,2024,O3,0,healthy
10/1/2024,Bronx,0.2,2,17.25,21,0.85,1,4.23,29,0.03,27,64.1,71.5,13.4,29,2024,PM2.5,0,healthy
10/2/2024,Bronx,0.2,2,14.9,19,0.65,0,4.5,30,0.04,33,62.7,67.9,12,33,2024,O3,0,healthy
10/3/2024,Bronx,0.3,3,25.85,25,0.55,0,6.08,42,0.03,29,65.6,64.9,8.2,42,2024,PM2.5,0,healthy
10/4/2024,Bronx,0.4,5,30,32,0.85,0,6.43,41,0.04,37,66.1,70,10,41,2024,PM2.5,0,healthy
10/5/2024,Bronx,0.3,3,22.2,24,0.3,0,5.5,36,0.04,40,67.7,57.3,16.9,40,2024,O3,0,healthy
10/6/2024,Bronx,0.3,3,11.6,12,1.05,1,4.38,30,0.04,38,63.4,59.8,9.2,38,2024,O3,0,healthy
10/7/2024,Bronx,0.2,2,19.7,19,0.3,0,6.43,42,0.03,32,67.1,57.2,16.5,42,2024,PM2.5,0,healthy
10/8/2024,Bronx,0.3,3,20.1,20,0.6,0,3.27,22,0.03,31,61.3,48.8,12.9,31,2024,O3,0,healthy
10/9/2024,Bronx,0.3,3,19.15,18,0.5,0,3.36,22,0.04,34,61.9,42.6,18.8,34,2024,O3,0,healthy
10/10/2024,Bronx,0.2,2,8.35,8,0.25,0,1.33,11,0.02,15,55.3,49.7,14.8,15,2024,O3,0,healthy
10/11/2024,Bronx,0.3,3,21.2,20,0.7,0,3.03,22,0.03,26,58.2,46.7,11.1,26,2024,O3,0,healthy
10/12/2024,Bronx,0.3,3,21.3,22,0.65,0,4.08,25,0.04,37,65.9,37.2,16,37,2024,O3,0,healthy
10/13/2024,Bronx,0.4,5,29.85,28,1,1,4.5,29,0.03,31,61.9,57.5,13,31,2024,O3,0,healthy
10/14/2024,Bronx,0.2,2,15.85,16,0.35,0,8.4,52,0.03,24,56.6,63.8,24.8,52,2024,PM2.5,1,unhealthy
10/15/2024,Bronx,0.2,2,12.7,12,0.3,0,2.16,15,0.02,23,50.9,52.1,16.3,23,2024,O3,0,healthy
10/16/2024,Bronx,0.2,2,18,18,0.45,0,2.43,14,0.03,27,51.2,49.7,15.1,27,2024,O3,0,healthy
10/17/2024,Bronx,0.2,2,18.9,18,0.9,1,2.9,18,0.03,28,51.3,48.1,13.7,28,2024,O3,0,healthy
10/18/2024,Bronx,0.5,6,31.1,29,0.8,1,4.18,24,0.03,27,57.6,40.6,12.2,29,2024,NO2,0,healthy
10/19/2024,Bronx,0.5,6,37.4,35,1.05,1,6.6,39,0.03,28,59.7,45.7,7.1,39,2024,PM2.5,0,healthy
10/20/2024,Bronx,0.7,8,50.55,49,1.05,1,9.4,54,0.04,34,61.8,47.8,7.4,54,2024,PM2.5,1,unhealthy
10/21/2024,Bronx,0.7,8,66.65,66,1.4,1,11.78,57,0.04,36,67.1,38.5,8.2,66,2024,NO2,1,unhealthy
10/22/2024,Bronx,0.7,8,53.35,53,1.9,3,16.2,68,0.05,49,70,48.4,9.8,68,2024,PM2.5,1,unhealthy
10/23/2024,Bronx,0.6,7,54.25,51,1.15,1,12.23,60,0.04,39,66.3,62.3,14.2,60,2024,PM2.5,1,unhealthy
10/24/2024,Bronx,0.3,3,22.1,23,0.5,0,5.2,34,0.03,28,63.9,50.3,15.4,34,2024,PM2.5,0,healthy
10/25/2024,Bronx,0.3,3,37.05,38,0.65,0,4.1,26,0.02,22,55.3,49.1,12.2,38,2024,NO2,0,healthy
10/26/2024,Bronx,0.3,3,27.85,26,1.1,1,4.3,26,0.04,35,59,39.1,22,35,2024,O3,0,healthy
10/27/2024,Bronx,0.3,3,38.4,38,0.8,0,3.18,20,0.03,29,52,40.5,14.5,38,2024,NO2,0,healthy
10/28/2024,Bronx,0.5,6,40.2,38,1.5,1,5.03,29,0.03,29,53.4,44.6,9.4,38,2024,NO2,0,healthy
10/29/2024,Bronx,0.4,5,36.35,36,1.45,3,5.73,36,0.03,30,57.9,70.4,16,36,2024,NO2,0,healthy
10/30/2024,Bronx,0.5,6,52.2,51,1.1,1,13.4,62,0.02,22,65.8,64.8,9.8,62,2024,PM2.5,1,unhealthy
10/31/2024,Bronx,0.5,6,47.95,45,1.1,1,13.57,62,0.03,31,70.5,56.5,11.3,62,2024,PM2.5,1,unhealthy
11/1/2024,Bronx,0.3,3,21.8,22,0.35,0,5.97,38,0.04,35,71.5,46.5,14.9,38,2024,PM2.5,0,healthy
11/2/2024,Bronx,0.2,2,8.25,8,0.35,0,2.06,14,0.02,22,55.7,44.4,13.3,22,2024,O3,0,healthy
11/3/2024,Bronx,0.4,5,35.65,33,0.85,0,3,19,0.03,29,47.5,42.6,10.8,33,2024,NO2,0,healthy
11/4/2024,Bronx,0.5,6,37.85,39,2.1,3,6.03,36,0.02,30,51.8,58.8,11.4,39,2024,NO2,0,healthy
11/5/2024,Bronx,0.6,7,43.3,41,0.75,0,9.48,55,0.03,26,62.7,70.6,14.5,55,2024,PM2.5,1,unhealthy
11/6/2024,Bronx,0.3,3,27.4,25,0.55,0,7.6,44,0.03,31,72.1,58,15.9,44,2024,PM2.5,0,healthy
11/7/2024,Bronx,0.3,3,18.4,17,0.4,0,5.77,39,0.04,32,67.5,51.8,14.1,39,2024,PM2.5,0,healthy
11/8/2024,Bronx,0.3,3,24.5,24,0.95,1,7.86,61,0.03,30,59.1,41.8,27.5,61,2024,PM2.5,1,unhealthy
11/9/2024,Bronx,0.6,7,27.8,31,1.4,1,25.8,93,0.03,31,49.9,33.3,22,93,2024,PM2.5,1,unhealthy
11/10/2024,Bronx,0.6,7,33,31,1.15,1,5.17,34,0.03,26,52.2,47.2,13.5,34,2024,PM2.5,0,healthy
11/11/2024,Bronx,0.2,2,17.45,17,0.5,0,5.78,52,0.03,26,61.6,63,16.2,52,2024,PM2.5,1,unhealthy
11/12/2024,Bronx,0.2,2,14.8,17,1.1,1,2.8,19,0.03,27,50.8,44.9,24.7,27,2024,O3,0,healthy
11/13/2024,Bronx,0.2,2,34.9,35,0.9,1,2.8,18,0.03,27,43.1,39,13.5,35,2024,NO2,0,healthy
11/14/2024,Bronx,0.3,3,30.9,29,0.9,1,3.62,22,0.03,26,43,47.7,12.9,29,2024,NO2,0,healthy
11/15/2024,Bronx,0.3,3,28.85,29,1.2,1,7.07,41,0.03,29,49.6,37.9,14,41,2024,PM2.5,0,healthy
11/16/2024,Bronx,0.3,3,10.55,10,0.6,0,7.67,49,0.04,33,53.4,36.7,19.8,49,2024,PM2.5,0,healthy
11/17/2024,Bronx,0.7,8,42.75,41,1.2,1,15.12,68,0.03,29,53.9,36.6,12.4,68,2024,PM2.5,1,unhealthy
11/18/2024,Bronx,0.7,8,29.7,29,1.1,1,6.67,38,0.03,31,57.3,42.1,17.6,38,2024,PM2.5,0,healthy
11/19/2024,Bronx,0.8,9,32.95,32,1.45,1,6.2,36,0.02,18,53.6,46.2,11,36,2024,PM2.5,0,healthy
11/20/2024,Bronx,0.8,9,30.95,30,1.75,3,8.06,48,0.02,24,55.2,56.2,13.3,48,2024,PM2.5,0,healthy
11/21/2024,Bronx,0.2,2,17.8,19,0.45,0,2.13,16,0.02,19,47.3,83.7,17.5,19,2024,NO2,0,healthy
11/22/2024,Bronx,0.3,3,19.45,18,0.4,0,3,18,0.01,8,38.9,79.2,18.8,18,2024,NO2,0,healthy
11/23/2024,Bronx,0.3,3,18.15,17,0.45,0,3.48,25,0.02,22,44.5,67.1,23.9,25,2024,PM2.5,0,healthy
11/24/2024,Bronx,0.2,2,12.35,12,0.4,0,3.07,24,0.03,24,49.1,49.4,19.6,24,2024,PM2.5,0,healthy
11/25/2024,Bronx,0.5,6,36.55,35,1.25,1,5.07,34,0.02,21,48.5,46.8,11.2,35,2024,NO2,0,healthy
11/26/2024,Bronx,0.6,7,38.75,38,0.9,1,6.72,43,0.02,19,53.7,63.5,13.7,43,2024,PM2.5,0,healthy
11/27/2024,Bronx,0.4,5,32.65,31,0.9,0,6.03,35,0.02,17,47.5,46,10.7,35,2024,PM2.5,0,healthy
11/28/2024,Bronx,0.4,5,33.6,32,1,1,5.43,34,0.02,21,45.9,72,19.1,34,2024,PM2.5,0,healthy
11/29/2024,Bronx,0.3,3,24.5,23,0.65,0,5.15,31,0.02,19,41.6,54.7,15.8,31,2024,PM2.5,0,healthy
11/30/2024,Bronx,0.2,2,14.2,13,0.55,0,5.77,32,0.02,22,34.6,45.7,15.3,32,2024,PM2.5,0,healthy
12/1/2024,Bronx,0.3,3,20.5,20,0.9,1,7.83,44,0.03,24,32.6,40.5,16.9,44,2024,PM2.5,0,healthy
12/2/2024,Bronx,0.3,3,21,20,0.6,0,5.85,36,0.02,19,34.3,47.7,14.3,36,2024,PM2.5,0,healthy
12/3/2024,Bronx,0.3,3,20.6,19,0.65,0,5.13,31,0.03,26,36.5,50.9,18,31,2024,PM2.5,0,healthy
12/4/2024,Bronx,0.3,3,28,26,1.15,1,6.07,37,0.02,19,36.3,48.1,18.1,37,2024,PM2.5,0,healthy
12/5/2024,Bronx,0.2,2,24.9,23,0.6,0,6.52,41,0.02,20,37,60.8,26.6,41,2024,PM2.5,0,healthy
12/6/2024,Bronx,0.2,2,19.55,21,0.75,0,2.77,19,0.03,29,32.7,40.7,20.1,29,2024,O3,0,healthy
12/7/2024,Bronx,0.2,2,19.75,19,1.1,1,6.1,37,0.02,20,35.9,43.2,16.3,37,2024,PM2.5,0,healthy
12/8/2024,Bronx,0.4,5,32.6,32,1.55,1,7.2,50,0.02,23,46.1,39.4,17.9,50,2024,PM2.5,0,healthy
12/9/2024,Bronx,1.2,14,42.15,43,2.15,3,12.13,57,0.01,11,46.3,74.2,10.9,57,2024,PM2.5,1,unhealthy
12/10/2024,Bronx,0.3,3,17,20,0.45,0,7.57,51,0.01,12,46.2,87.5,10.8,51,2024,PM2.5,1,unhealthy
12/11/2024,Bronx,0.2,2,25.8,27,0.35,0,5.2,32,0.03,25,54.2,88.2,19.3,32,2024,PM2.5,0,healthy
12/12/2024,Bronx,0.2,2,19.9,18,0.45,0,5.8,42,0.03,29,37.1,42.1,21.1,42,2024,PM2.5,0,healthy
12/13/2024,Bronx,0.2,2,19.05,18,0.8,0,5.43,41,0.02,23,29.9,36,13.1,41,2024,PM2.5,0,healthy
12/14/2024,Bronx,0.3,3,28.8,30,1.25,1,5,33,0.02,23,29.8,44.7,10.7,33,2024,PM2.5,0,healthy
12/15/2024,Bronx,0.3,3,31.45,30,1.15,1,5.5,37,0.02,17,34.5,59.9,9.5,37,2024,PM2.5,0,healthy
12/16/2024,Bronx,0.3,3,35.6,35,0.75,0,4.97,28,0.02,16,44.4,86.5,12.9,35,2024,NO2,0,healthy
12/17/2024,Bronx,0.4,5,25.3,25,0.85,1,6,37,0.02,15,53.4,68.7,13.7,37,2024,PM2.5,0,healthy
12/18/2024,Bronx,0.5,6,43,48,1.4,1,7.7,46,0.02,20,47.3,59.3,11.8,48,2024,NO2,0,healthy
12/19/2024,Bronx,0.3,3,27.3,25,0.9,1,5.05,33,0.02,22,41.5,57.3,19.9,33,2024,PM2.5,0,healthy
12/20/2024,Bronx,0.2,2,21.95,23,0.8,1,4.42,28,,,35.8,69.3,18,28,2024,PM2.5,0,healthy
12/21/2024,Bronx,0.2,2,14.9,15,0.8,1,4.47,34,,,28.7,63.2,24.1,34,2024,PM2.5,0,healthy
12/22/2024,Bronx,0.2,2,18.3,18,1.15,1,4.23,36,,,18.4,48.9,19.3,36,2024,PM2.5,0,healthy
12/23/2024,Bronx,0.4,5,45.45,44,1.85,3,5.8,43,,,20.3,50.4,10.4,44,2024,NO2,0,healthy
12/24/2024,Bronx,0.3,3,36.95,36,1.25,1,9.83,53,,,33.9,61.4,13.5,53,2024,PM2.5,1,unhealthy
12/25/2024,Bronx,0.3,3,23.05,22,1.3,3,10.1,54,,,32.9,60.3,9.8,54,2024,PM2.5,1,unhealthy
12/26/2024,Bronx,0.4,5,35.15,36,1.2,1,9.76,53,,,30.1,56.2,7.2,53,2024,PM2.5,1,unhealthy
12/27/2024,Bronx,1,11,45.75,42,2.8,4,15.07,64,,,34.5,61.3,6.3,64,2024,PM2.5,1,unhealthy
12/28/2024,Bronx,1.5,17,47.8,47,1.45,1,13.67,60,,,44,85,5.1,60,2024,PM2.5,1,unhealthy
12/29/2024,Bronx,1.1,13,43.1,45,1.25,1,8.22,49,,,52.3,81.3,19.4,49,2024,PM2.5,0,healthy
12/30/2024,Bronx,0.2,2,39.35,37,0.45,0,4.77,34,,,54.3,61.7,23.8,37,2024,NO2,0,healthy
12/31/2024,Bronx,0.3,3,32.85,31,1.4,1,5.9,40,,,47.8,58.1,16.3,40,2024,PM2.5,0,healthy
1/1/2024,Erie,0.2,2,7.8,8,0.35,0,4.42,42,0.03,25,34,84.6,16.6,42,2024,PM2.5,0,healthy
1/2/2024,Erie,0.2,2,8.05,8,0.45,0,6.63,44,0.03,25,33.3,70.7,18,44,2024,PM2.5,0,healthy
1/3/2024,Erie,0.2,2,14.65,16,0.25,0,8.1,52,0.02,19,33.1,83,14.7,52,2024,PM2.5,1,unhealthy
1/4/2024,Erie,0.2,2,14.8,14,0.35,0,6.32,52,0.04,32,30,66.8,14.8,52,2024,PM2.5,1,unhealthy
1/5/2024,Erie,0.2,2,13.1,15,0.4,0,7.1,42,0.03,29,27.1,67.8,13.6,42,2024,PM2.5,0,healthy
1/6/2024,Erie,0.2,2,14.5,13,0.2,0,9.1,54,0.03,25,29.9,78.3,13.6,54,2024,PM2.5,1,unhealthy
1/7/2024,Erie,0.3,3,21.7,25,0.45,0,10.92,56,0.02,20,33.7,88.4,13.7,56,2024,PM2.5,1,unhealthy
1/8/2024,Erie,0.3,3,26.95,25,0.25,0,10.1,55,0.03,28,35.7,78.2,12.6,55,2024,PM2.5,1,unhealthy
1/9/2024,Erie,0.25,3,18,24,0.2,0,4.5,25,0.03,31,41.1,76.7,39.2,31,2024,O3,0,healthy
1/10/2024,Erie,0.2,2,5.6,5,0.1,0,4.92,45,0.03,26,37.5,77.5,22.8,45,2024,PM2.5,0,healthy
1/11/2024,Erie,0.2,2,18.6,20,0.35,0,9.03,54,0.02,20,35.1,81.3,19.3,54,2024,PM2.5,1,unhealthy
1/12/2024,Erie,0.35,5,23.65,23,0.25,0,7.1,39,0.03,29,37.2,74,37.3,39,2024,PM2.5,0,healthy
1/13/2024,Erie,0.2,2,5.25,5,0.1,0,3.12,42,0.04,32,32.1,78.9,30.8,42,2024,PM2.5,0,healthy
1/14/2024,Erie,0.2,2,6.6,6,0.25,0,7.1,50,0.03,28,16.4,64.3,27.5,50,2024,PM2.5,0,healthy
1/15/2024,Erie,0.3,3,20.9,21,0.35,0,7.73,51,0.03,26,12.5,60.2,19.2,51,2024,PM2.5,1,unhealthy
1/16/2024,Erie,0.35,5,32.15,30,0.5,0,5.52,39,0.04,33,15.3,66.7,18,39,2024,PM2.5,0,healthy
1/17/2024,Erie,0.2,2,11.35,11,0.45,0,6.77,44,0.03,31,13.3,53.5,21.5,44,2024,PM2.5,0,healthy
1/18/2024,Erie,0.3,3,34.25,33,0.6,0,8.97,53,0.03,29,22.9,67.7,18.1,53,2024,PM2.5,1,unhealthy
1/19/2024,Erie,0.4,5,35.65,35,0.45,0,8.58,52,0.03,30,21.9,79.5,16.8,52,2024,PM2.5,1,unhealthy
1/20/2024,Erie,0.3,3,16.4,15,0.6,0,5.9,42,0.03,31,18.7,73.8,17,42,2024,PM2.5,0,healthy
1/21/2024,Erie,0.2,2,8.7,8,0.8,0,5.5,39,0.04,33,23.3,69.2,18,39,2024,PM2.5,0,healthy
1/22/2024,Erie,0.3,3,21.85,25,1.4,1,7.9,46,0.03,31,25.6,58.8,17.9,46,2024,PM2.5,0,healthy
1/23/2024,Erie,0.35,5,24.15,25,0.7,1,11.7,61,0.02,22,35.1,84.1,9.2,61,2024,PM2.5,1,unhealthy
1/24/2024,Erie,0.7,8,35.85,35,0.55,0,9.57,54,0.01,10,44.7,93.9,14.7,54,2024,PM2.5,1,unhealthy
1/25/2024,Erie,0.65,8,24.95,25,0.25,0,5.55,38,0.02,14,45,94.7,10,38,2024,PM2.5,0,healthy
1/26/2024,Erie,0.35,5,25.15,24,0,0,5.07,34,0.02,16,41.3,94.2,22,34,2024,PM2.5,0,healthy
1/27/2024,Erie,0.35,5,22.05,21,0,0,6,36,0.02,14,38.4,94.9,12.6,36,2024,PM2.5,0,healthy
1/28/2024,Erie,0.3,3,9.95,10,0,0,3.87,27,0.03,25,37.7,92.1,20.4,27,2024,PM2.5,0,healthy
1/29/2024,Erie,0.25,3,23.5,23,0.15,0,5.9,41,0.02,22,33.1,84.4,12.6,41,2024,PM2.5,0,healthy
1/30/2024,Erie,0.3,3,21.5,24,0.1,0,7.37,43,0.02,22,35.3,74.6,14.8,43,2024,PM2.5,0,healthy
1/31/2024,Erie,0.3,3,23.75,24,0.15,0,9.25,54,0.02,19,35.1,84,12.7,54,2024,PM2.5,1,unhealthy
2/1/2024,Erie,0.25,3,13.6,15,0.05,0,8.83,54,0.02,21,38.9,79.6,13.9,54,2024,PM2.5,1,unhealthy
2/2/2024,Erie,0.25,3,14.05,15,0,0,6.03,38,0.02,18,34.9,87,13.7,38,2024,PM2.5,0,healthy
2/3/2024,Erie,0.35,5,22.3,21,0.1,0,5.23,34,0.02,23,32.8,75.7,10.3,34,2024,PM2.5,0,healthy
2/4/2024,Erie,0.55,7,25.9,25,1.55,3,12.87,62,0.02,17,29.7,83.3,6.8,62,2024,PM2.5,1,unhealthy
2/5/2024,Erie,0.6,8,28.5,30,0.5,0,10.33,56,0.03,28,31.2,81.9,15.9,56,2024,PM2.5,1,unhealthy
2/6/2024,Erie,0.65,8,30.45,30,0.9,1,7.35,55,0.04,36,30.3,68.6,11.3,55,2024,PM2.5,1,unhealthy
2/7/2024,Erie,0.55,7,39.6,39,0.65,0,9.15,51,0.03,31,34.4,62.7,6.7,51,2024,PM2.5,1,unhealthy
2/8/2024,Erie,0.6,7,37.8,35,3.45,4,8.95,55,0.03,28,47.6,39.5,17.9,55,2024,PM2.5,1,unhealthy
2/9/2024,Erie,0.4,5,23.2,23,0.9,0,10.7,57,0.04,36,55.7,55.8,22.5,57,2024,PM2.5,1,unhealthy
2/10/2024,Erie,0.3,3,13.05,12,0.2,0,11.27,55,0.03,24,46.4,78.3,15.7,55,2024,PM2.5,1,unhealthy
2/11/2024,Erie,0.25,3,5.75,6,0.2,0,5.77,36,0.02,20,34.7,73.3,9.1,36,2024,PM2.5,0,healthy
2/12/2024,Erie,0.45,6,30.1,28,0.35,0,8.52,52,0.02,23,32.7,72,6.9,52,2024,PM2.5,1,unhealthy
2/13/2024,Erie,0.45,6,27.85,27,0.6,0,11.97,69,0.03,31,32.6,75.1,18,69,2024,PM2.5,1,unhealthy
2/14/2024,Erie,0.25,3,23.9,26,0.65,0,4.83,32,0.04,34,29.1,56.7,14.7,34,2024,O3,0,healthy
2/15/2024,Erie,0.45,6,36,34,0.55,0,5.37,32,0.03,31,31.2,68.4,24.7,34,2024,NO2,0,healthy
2/16/2024,Erie,0.25,3,8.25,9,0.3,0,3.6,26,0.03,29,29.3,62.1,21.6,29,2024,O3,0,healthy
2/17/2024,Erie,0.2,2,11.2,12,0.85,0,3.5,23,0.04,33,25.2,66.4,19.6,33,2024,O3,0,healthy
2/18/2024,Erie,0.2,2,5.05,5,0.35,0,7.08,44,0.04,33,24.6,59.9,24.8,44,2024,PM2.5,0,healthy
2/19/2024,Erie,0.3,3,36.4,38,0.5,0,4.47,31,0.04,36,29.3,58.1,12.4,38,2024,NO2,0,healthy
2/20/2024,Erie,0.3,3,32.45,33,0.6,0,6.73,43,0.04,40,32.4,55.7,11.2,43,2024,PM2.5,0,healthy
2/21/2024,Erie,0.55,7,40,39,0.95,1,10.37,57,0.04,42,46.2,42.5,17.8,57,2024,PM2.5,1,unhealthy
2/22/2024,Erie,0.35,5,26.65,29,0.3,0,11.23,57,0.04,35,45.9,78.7,22.9,57,2024,PM2.5,1,unhealthy
2/23/2024,Erie,0.35,5,14.25,15,0,0,12.7,59,0.04,33,39.1,86.6,15.3,59,2024,PM2.5,1,unhealthy
2/24/2024,Erie,0.25,3,18.95,24,0.3,0,2.92,27,0.04,34,23.3,61.9,16.9,34,2024,O3,0,healthy
2/25/2024,Erie,0.25,3,11.8,14,0.4,0,3.97,24,0.04,36,34.1,45.8,23.6,36,2024,O3,0,healthy
2/26/2024,Erie,0.25,3,26.8,28,0.6,0,8.53,51,0.04,34,46.8,52.7,15.5,51,2024,PM2.5,1,unhealthy
2/27/2024,Erie,0.3,3,37.05,35,0.4,0,11.8,57,0.05,43,56.2,60.8,23.5,57,2024,PM2.5,1,unhealthy
2/28/2024,Erie,0.2,2,10.9,12,0,0,7.8,51,0.04,33,46.1,74.4,29.8,51,2024,PM2.5,1,unhealthy
2/29/2024,Erie,0.2,2,8.6,10,0.15,0,3.95,28,0.04,35,26.7,55.1,21.6,35,2024,O3,0,healthy
3/1/2024,Erie,0.25,3,23.35,25,0.25,0,4.22,26,0.04,38,40.9,41.5,17.8,38,2024,O3,0,healthy
3/2/2024,Erie,0.25,3,12.05,11,0.15,0,3.9,23,0.03,30,43.9,86.6,13.8,30,2024,O3,0,healthy
3/3/2024,Erie,0.3,3,21.9,22,0,0,6.25,39,0.03,25,48.4,77.4,9.6,39,2024,PM2.5,0,healthy
3/4/2024,Erie,0.35,5,30.25,30,0.35,0,6.13,38,0.04,36,61.1,57.3,20.7,38,2024,PM2.5,0,healthy
3/5/2024,Erie,0.3,3,22.9,24,0.15,0,5.75,35,0.04,38,59,68.6,22.4,38,2024,O3,0,healthy
3/6/2024,Erie,0.2,2,21.2,21,0,0,4.6,31,0.03,25,42,95.5,19.4,31,2024,PM2.5,0,healthy
3/7/2024,Erie,0.2,2,13.1,15,0,0,2.17,19,,,41.1,76.9,19.5,19,2024,PM2.5,0,healthy
3/8/2024,Erie,0.25,3,18.85,25,0.1,0,3.2,22,0.04,38,52.9,61.7,20.3,38,2024,O3,0,healthy
3/9/2024,Erie,0.2,2,7.4,8,0,0,2.47,14,0.03,31,47.5,83.7,23.6,31,2024,O3,0,healthy
3/10/2024,Erie,0.2,2,6.45,6,0.05,0,2.13,17,0.04,35,33.5,83.2,23.7,35,2024,O3,0,healthy
3/11/2024,Erie,0.2,2,20.1,25,0.25,0,3.63,23,0.04,37,38.4,57.9,21.5,37,2024,O3,0,healthy
3/12/2024,Erie,0.25,3,26.65,32,0.45,0,8.27,48,0.05,43,52.5,48.4,19.3,48,2024,PM2.5,0,healthy
3/13/2024,Erie,0.25,3,30.05,34,0.6,0,13.82,66,0.05,46,56.2,48,14.7,66,2024,PM2.5,1,unhealthy
3/14/2024,Erie,0.55,7,37.5,37,0.35,0,13.27,63,0.04,40,51.8,70.8,14.8,63,2024,PM2.5,1,unhealthy
3/15/2024,Erie,0.25,3,14.45,14,0.2,0,4.7,27,0.04,36,42.3,87.8,12.5,36,2024,O3,0,healthy
3/16/2024,Erie,0.2,2,6.7,7,0.15,0,5.07,32,0.04,40,45.6,64.1,20.5,40,2024,O3,0,healthy
3/17/2024,Erie,0.2,2,5.3,5,0.15,0,2.77,17,0.04,35,39.4,74.6,14.8,35,2024,O3,0,healthy
3/18/2024,Erie,0.2,2,7.65,8,0.2,0,2.27,14,0.04,34,32.1,68.8,17.8,34,2024,O3,0,healthy
3/19/2024,Erie,0.2,2,17.65,21,0.15,0,4.45,36,0.04,33,35.4,56.5,23.8,36,2024,PM2.5,0,healthy
3/20/2024,Erie,0.25,3,18.7,21,0.35,0,3.83,24,0.04,33,33.5,65.6,19.6,33,2024,O3,0,healthy
3/21/2024,Erie,0.2,2,24.35,24,0.6,0,3.17,23,0.03,31,27,54.4,16.9,31,2024,O3,0,healthy
3/22/2024,Erie,0.35,5,38.25,37,0.6,0,3.7,24,0.04,34,27.6,62.6,13.7,37,2024,NO2,0,healthy
3/23/2024,Erie,0.25,3,13.7,14,0.35,0,3.77,24,0.04,40,31.6,74.2,17,40,2024,O3,0,healthy
3/24/2024,Erie,0.4,6,40.9,41,0.5,0,3.1,21,0.04,40,31.7,51.7,17.1,41,2024,NO2,0,healthy
3/25/2024,Erie,0.3,3,29.65,28,0.4,0,3.38,22,0.05,44,49.8,33.5,23.5,44,2024,O3,0,healthy
3/26/2024,Erie,0.25,3,19.7,19,0.25,0,5.43,32,0.04,41,49.5,59.4,33.5,41,2024,O3,0,healthy
3/27/2024,Erie,0.2,2,10.6,10,0,0,5.67,33,0.03,30,43.1,78.9,16.9,33,2024,PM2.5,0,healthy
3/28/2024,Erie,0.25,3,15.5,17,0.6,0,8.03,52,0.04,40,38.2,60.3,17,52,2024,PM2.5,1,unhealthy
3/29/2024,Erie,0.45,6,43.8,42,0.3,0,6.03,38,0.04,38,37.9,58.7,14.9,42,2024,NO2,0,healthy
3/30/2024,Erie,0.25,3,26.9,25,0.95,1,4.1,26,0.04,41,37.5,78,8,41,2024,O3,0,healthy
3/31/2024,Erie,0.25,3,24.3,23,0.2,0,4.45,31,0.04,42,40.5,87.9,8,42,2024,O3,0,healthy
4/1/2024,Erie,0.3,3,24.9,23,0.15,0,5.95,34,0.04,40,44.3,71.4,15.7,40,2024,O3,0,healthy
4/2/2024,Erie,0.2,2,10.2,10,0,0,3.4,19,0.04,32,47.5,86,22.6,32,2024,O3,0,healthy
4/3/2024,Erie,0.25,3,18.15,19,0,0,2.1,12,0.03,31,43.8,87.3,28.2,31,2024,O3,0,healthy
4/4/2024,Erie,0.3,3,30.65,29,0,0,3.25,18,0.04,35,37.9,87.2,11.3,35,2024,O3,0,healthy
4/5/2024,Erie,0.25,3,14.9,14,0.1,0,3.1,19,0.04,33,37.3,78.5,18.2,33,2024,O3,0,healthy
4/6/2024,Erie,0.3,3,21.5,30,0.3,0,2.42,18,0.04,40,43.1,72.2,14.9,40,2024,O3,0,healthy
4/7/2024,Erie,0.45,6,30.8,29,0.4,0,4.2,25,0.04,42,44.1,63.6,15.7,42,2024,O3,0,healthy
4/8/2024,Erie,0.55,7,34.75,33,0.5,0,5.6,31,0.04,37,54.1,47,16.7,37,2024,O3,0,healthy
4/9/2024,Erie,0.65,8,30.65,29,0.45,0,9.4,53,0.06,61,63.8,53.5,17,61,2024,O3,1,unhealthy
4/10/2024,Erie,0.3,3,22.85,22,1.9,3,7.17,41,0.04,42,56.7,67,14.7,42,2024,O3,0,healthy
4/11/2024,Erie,0.3,3,14.9,17,0.1,0,5.43,36,0.04,32,61.2,81.8,22.4,36,2024,PM2.5,0,healthy
4/12/2024,Erie,0.2,2,12.6,13,0,0,1.72,14,0.04,39,48.7,88.9,23.9,39,2024,O3,0,healthy
4/13/2024,Erie,0.2,2,14.2,16,0.1,0,2.33,17,0.04,39,46.2,63.8,26.1,39,2024,O3,0,healthy
4/14/2024,Erie,0.25,3,27.6,35,0.6,0,6,37,0.05,47,58.3,54.4,23.6,47,2024,O3,0,healthy
4/15/2024,Erie,0.25,3,34.85,40,1.55,1,7.13,42,0.04,42,53.3,62.2,10.3,42,2024,PM2.5,0,healthy
4/16/2024,Erie,0.4,5,34.6,34,1.45,3,4.87,29,0.05,44,53.4,53.9,14.7,44,2024,O3,0,healthy
4/17/2024,Erie,0.2,2,15.4,14,0.25,0,4.53,27,0.03,26,60.4,65.5,15.8,27,2024,PM2.5,0,healthy
4/18/2024,Erie,0.3,3,34.2,32,0.5,0,6.17,46,0.03,31,55.2,72.2,14.7,46,2024,PM2.5,0,healthy
4/19/2024,Erie,0.3,3,25.4,25,0.15,0,5.23,32,0.04,37,54.1,68.7,18.1,37,2024,O3,0,healthy
4/20/2024,Erie,0.2,2,15.8,16,0.65,0,2.63,16,0.04,33,45.4,52.1,19.5,33,2024,O3,0,healthy
4/21/2024,Erie,0.2,2,6.3,7,0.95,1,2.77,17,0.04,34,41.6,54.5,15.9,34,2024,O3,0,healthy
4/22/2024,Erie,0.2,2,23.25,29,1.4,1,4.13,24,0.04,42,45.8,48.3,14.9,42,2024,O3,0,healthy
4/23/2024,Erie,0.2,2,13.95,16,0.8,1,5.87,33,0.05,50,54.3,50.4,24,50,2024,O3,0,healthy
4/24/2024,Erie,0.35,5,28.5,27,0.45,0,3.82,28,0.03,28,44.9,88.4,12.6,28,2024,PM2.5,0,healthy
4/25/2024,Erie,0.45,6,28.6,28,0.55,0,3.83,24,0.03,31,41.5,64.8,18.2,31,2024,O3,0,healthy
4/26/2024,Erie,0.25,3,20.6,20,0.45,0,3.17,19,0.04,39,50.7,48.7,23.6,39,2024,O3,0,healthy
4/27/2024,Erie,0.2,2,11.1,12,0.5,0,6.43,38,0.04,33,62.6,63.9,22.4,38,2024,PM2.5,0,healthy
4/28/2024,Erie,0.35,5,23.5,26,0.55,0,10.97,56,0.04,36,66.7,72.1,15.7,56,2024,PM2.5,1,unhealthy
4/29/2024,Erie,0.35,5,18.3,21,0.35,0,8.7,54,0.03,30,71.1,61.1,15.9,54,2024,PM2.5,1,unhealthy
4/30/2024,Erie,0.3,3,14.8,14,0.5,0,5.3,41,0.04,42,60,73.8,13.7,42,2024,O3,0,healthy
5/1/2024,Erie,0.35,5,26.95,29,0.95,1,6.93,49,0.05,48,63.6,60.5,15.9,49,2024,PM2.5,0,healthy
5/2/2024,Erie,0.25,3,25.15,25,1.45,3,4.37,30,0.04,40,60.6,59.5,10.2,40,2024,O3,0,healthy
5/3/2024,Erie,0.25,3,13.9,13,0.45,0,4,24,0.04,42,61,64.9,14.8,42,2024,O3,0,healthy
5/4/2024,Erie,0.3,3,11.4,12,0.4,0,5.2,29,0.04,41,64.1,73.7,20.2,41,2024,O3,0,healthy
5/5/2024,Erie,0.25,3,10.6,11,0.05,0,3.4,21,0.03,24,61.6,83.8,21.3,24,2024,O3,0,healthy
5/6/2024,Erie,0.3,3,32.55,36,1.95,4,5.02,36,0.05,43,57.6,63.7,10.2,43,2024,O3,0,healthy
5/7/2024,Erie,0.4,5,26.2,25,0.3,0,4.75,29,0.05,44,59,60.4,10.1,44,2024,O3,0,healthy
5/8/2024,Erie,0.2,2,11.05,11,0.25,0,4.27,26,0.05,48,67.2,66.1,20.7,48,2024,O3,0,healthy
5/9/2024,Erie,0.2,2,11.4,10,0.3,0,1.9,11,0.03,27,53.4,76.2,18,27,2024,O3,0,healthy
5/10/2024,Erie,0.2,2,20.6,19,0.4,0,3.45,21,0.03,31,54,70.3,10.4,31,2024,O3,0,healthy
5/11/2024,Erie,0.25,3,13,12,0.25,0,4,25,0.04,33,51.5,77.5,17.9,33,2024,O3,0,healthy
5/12/2024,Erie,0.2,2,12.7,14,0.4,0,3.73,26,0.04,35,52.5,79.8,17.1,35,2024,O3,0,healthy
5/13/2024,Erie,0.25,3,27.7,28,0.35,0,6.27,37,0.06,58,65.9,52.7,18.2,58,2024,O3,1,unhealthy
5/14/2024,Erie,0.25,3,28.35,27,0.85,1,9.57,52,0.05,50,67.5,57.5,14.6,52,2024,PM2.5,1,unhealthy
5/15/2024,Erie,0.2,2,10.25,11,0.05,0,8.87,53,0.04,33,63.3,76.9,19.3,53,2024,PM2.5,1,unhealthy
5/16/2024,Erie,0.2,2,14.85,17,0.1,0,8.83,52,0.04,33,61.9,81.1,12.5,52,2024,PM2.5,1,unhealthy
5/17/2024,Erie,0.2,2,16.7,18,0.15,0,4.23,25,0.03,27,63.6,84.7,12.4,27,2024,O3,0,healthy
5/18/2024,Erie,0.25,3,14.15,16,1.6,4,4.48,31,0.04,32,63.3,86.2,11.3,32,2024,O3,0,healthy
5/19/2024,Erie,0.3,3,19.25,20,2.05,4,8.33,49,0.05,43,65.8,70.9,7,49,2024,PM2.5,0,healthy
5/20/2024,Erie,0.35,5,22.5,23,1.75,3,9.27,52,,,74.6,54.1,10,52,2024,PM2.5,1,unhealthy
5/21/2024,Erie,0.3,3,20.4,19,7.75,21,10.87,55,0.06,80,77,54.5,11.3,80,2024,O3,1,unhealthy
5/22/2024,Erie,0.3,3,22.8,21,0.2,0,9.43,52,0.05,44,76.8,60.8,18,52,2024,PM2.5,1,unhealthy
5/23/2024,Erie,0.2,2,22.05,25,1.2,3,5.2,33,0.05,50,68.4,59.7,9.1,50,2024,O3,0,healthy
5/24/2024,Erie,0.25,3,27.15,30,1.8,3,7.18,51,0.06,51,67.6,50.8,7,51,2024,PM2.5,1,unhealthy
5/25/2024,Erie,0.35,5,19.3,22,1.3,3,7.47,44,0.04,36,67.6,67,13.5,44,2024,PM2.5,0,healthy
5/26/2024,Erie,0.5,6,19.1,20,0.1,0,9.4,54,0.05,43,67.8,72.9,18.3,54,2024,PM2.5,1,unhealthy
5/27/2024,Erie,0.2,2,6.75,8,0.9,1,4.37,27,0.05,44,67.2,78.5,19.5,44,2024,O3,0,healthy
5/28/2024,Erie,0.15,2,14.95,18,1.05,3,3.03,23,0.03,28,59.9,86.3,14.8,28,2024,O3,0,healthy
5/29/2024,Erie,0.2,2,22.4,21,0.55,0,3.83,26,0.04,39,59.4,83.2,10.5,39,2024,O3,0,healthy
5/30/2024,Erie,0.15,2,18.4,17,0.45,0,3.82,27,0.04,42,58.5,55.1,13.5,42,2024,O3,0,healthy
5/31/2024,Erie,0.2,2,25.8,29,1.65,1,4.63,28,0.05,49,56.8,63.3,11.3,49,2024,O3,0,healthy
6/1/2024,Erie,0.3,3,17.05,19,2.15,4,5.9,34,0.06,64,62.7,53.3,9,64,2024,O3,1,unhealthy
6/2/2024,Erie,0.35,5,13.8,15,1.6,3,8,48,0.04,39,65.5,73.1,12.5,48,2024,PM2.5,0,healthy
6/3/2024,Erie,0.3,3,18.05,18,1.85,4,6.93,49,0.04,42,66.1,85.5,8.9,49,2024,PM2.5,0,healthy
6/4/2024,Erie,0.3,3,17.65,19,0.55,0,7.33,46,0.06,51,75.1,64.2,12.4,51,2024,O3,1,unhealthy
6/5/2024,Erie,0.25,3,16.9,18,0.1,0,8.1,51,0.04,36,73.9,74.2,16.8,51,2024,PM2.5,1,unhealthy
6/6/2024,Erie,0.2,2,18.5,20,1.4,3,3.5,25,0.05,49,69.9,72.2,17,49,2024,O3,0,healthy
6/7/2024,Erie,0.2,2,12.5,15,1.6,3,2.93,19,0.02,23,65.1,64.3,18.2,23,2024,O3,0,healthy
6/8/2024,Erie,0.2,2,8.5,8,1.75,4,2.6,16,0.04,33,65.1,63.1,13.8,33,2024,O3,0,healthy
6/9/2024,Erie,0.2,2,7.95,8,0.95,1,3.2,21,0.04,33,62.6,73.6,17.2,33,2024,O3,0,healthy
6/10/2024,Erie,0.2,2,11.8,11,1,1,4.8,29,0.02,21,57.1,69.9,15.8,29,2024,PM2.5,0,healthy
6/11/2024,Erie,0.25,3,23.85,24,1.5,3,6.5,46,0.02,19,59.2,68.1,10,46,2024,PM2.5,0,healthy
6/12/2024,Erie,0.3,3,26.05,25,2.5,4,7.63,43,0.06,61,65.1,59.7,9.2,61,2024,O3,1,unhealthy
6/13/2024,Erie,0.2,2,18.1,22,1.9,3,8.27,52,0.07,105,77.8,47.6,20.4,105,2024,O3,1,unhealthy
6/14/2024,Erie,0.2,2,22.75,24,2.35,4,6.03,39,0.05,48,72.3,58.3,13.8,48,2024,O3,0,healthy
6/15/2024,Erie,0.2,2,15.25,17,0.45,0,7.33,45,0.04,35,65.4,63.9,10,45,2024,PM2.5,0,healthy
6/16/2024,Erie,0.3,3,10.05,11,0.2,0,7.9,50,0.04,41,69.5,60.6,11.3,50,2024,PM2.5,0,healthy
6/17/2024,Erie,0.25,3,14.3,19,0.2,0,12.18,61,0.06,71,79.9,59.5,11,71,2024,O3,1,unhealthy
6/18/2024,Erie,0.3,3,20.4,24,0.25,0,13.2,60,0.05,47,79.9,68.3,13.5,60,2024,PM2.5,1,unhealthy
6/19/2024,Erie,0.3,3,23.2,25,0.6,1,15,63,0.05,47,81.1,73,13.5,63,2024,PM2.5,1,unhealthy
6/20/2024,Erie,0.3,3,15.35,17,0.35,0,11.1,56,0.05,48,80.7,67,11.2,56,2024,PM2.5,1,unhealthy
6/21/2024,Erie,0.35,5,25.1,25,0.5,0,12.2,60,,,79.9,71.3,8,60,2024,PM2.5,1,unhealthy
6/22/2024,Erie,0.3,3,10.6,12,0.8,1,14.63,63,0.07,93,81.8,66.3,16.9,93,2024,O3,1,unhealthy
6/23/2024,Erie,0.3,3,4.3,5,0.3,0,7.93,49,0.05,45,77.4,71.7,18,49,2024,PM2.5,0,healthy
6/24/2024,Erie,0.15,2,10.4,11,0.45,0,7.32,46,0.04,39,70.5,65.3,14.7,46,2024,PM2.5,0,healthy
6/25/2024,Erie,0.2,2,10.5,9,0.25,0,7.68,50,0.06,61,72.9,60.4,21.7,61,2024,O3,1,unhealthy
6/26/2024,Erie,0.25,3,18.9,17,0.8,0,5.85,39,0.04,41,72.9,80.1,12.6,41,2024,O3,0,healthy
6/27/2024,Erie,0.15,2,13.95,14,0.4,0,4.28,27,0.04,35,66.6,70.4,11.3,35,2024,O3,0,healthy
6/28/2024,Erie,0.2,2,12.05,13,0.25,0,5.25,31,0.04,38,68.1,69.2,12.6,38,2024,O3,0,healthy
6/29/2024,Erie,0.2,2,6.2,7,0.4,0,7.74,49,,,76.7,78,18,49,2024,PM2.5,0,healthy
6/30/2024,Erie,0.2,2,,,0.9,1,4.75,29,0.02,21,68.5,76.1,17,29,2024,PM2.5,0,healthy
7/1/2024,Erie,0.2,2,24.4,25,0.3,0,3.35,21,,,64.7,58.2,13.9,25,2024,NO2,0,healthy
7/2/2024,Erie,0.2,2,13.55,15,0.35,0,4.63,27,,,69.5,56.7,12.7,27,2024,PM2.5,0,healthy
7/3/2024,Erie,0.25,3,9.65,11,0.55,0,7.3,44,0.06,67,78.9,61.4,20.7,67,2024,O3,1,unhealthy
7/4/2024,Erie,0.25,3,12.35,13,1.8,3,12.02,64,0.05,50,76.7,77.2,7.9,64,2024,PM2.5,1,unhealthy
7/5/2024,Erie,0.3,3,17.65,17,0.25,0,12.83,61,0.04,42,75.6,70.9,10.2,61,2024,PM2.5,1,unhealthy
7/6/2024,Erie,0.2,2,8.15,9,0.35,0,6.15,38,0.06,58,74.7,72.8,14.9,58,2024,O3,1,unhealthy
7/7/2024,Erie,0.25,3,10.65,10,1.35,1,6.72,41,0.05,48,72.9,67.2,11.2,48,2024,O3,0,healthy
7/8/2024,Erie,0.25,3,23,24,1.65,3,7.98,46,0.06,58,76.2,58.5,7.9,58,2024,O3,1,unhealthy
7/9/2024,Erie,0.3,3,19.6,18,0.65,0,11.1,56,0.06,84,76.9,69.5,10.1,84,2024,O3,1,unhealthy
7/10/2024,Erie,0.25,3,9.2,8,0.15,0,7.58,44,0.04,32,78.1,72,20.8,44,2024,PM2.5,0,healthy
7/11/2024,Erie,0.25,3,16,15,0.3,0,2.96,23,0.04,36,70,83.2,16.9,36,2024,O3,0,healthy
7/12/2024,Erie,0.25,3,12.6,11,0.75,1,6.38,39,0.05,44,72.8,76.1,7.9,44,2024,O3,0,healthy
7/13/2024,Erie,0.3,3,15.9,14,1.95,3,10.15,54,0.05,44,75.9,65.1,11.3,54,2024,PM2.5,1,unhealthy
7/14/2024,Erie,0.35,5,15.9,14,0.3,0,12.15,66,0.06,64,75.4,75.1,13.7,66,2024,PM2.5,1,unhealthy
7/15/2024,Erie,0.25,3,8.2,8,0.3,0,6.17,36,0.05,45,75.3,79.7,21.7,45,2024,O3,0,healthy
7/16/2024,Erie,0.25,3,24.1,23,0.3,0,6.23,37,0.06,58,78,68.7,24.6,58,2024,O3,1,unhealthy
7/17/2024,Erie,0.25,3,14,16,1.15,1,8.52,51,0.04,41,75,74.9,8,51,2024,PM2.5,1,unhealthy
7/18/2024,Erie,0.2,2,17.4,17,0.5,0,5.67,32,0.04,36,70.3,62.2,10.3,36,2024,O3,0,healthy
7/19/2024,Erie,0.3,3,17.9,16,0.65,0,5.7,39,0.04,36,67.8,67.7,11.4,39,2024,PM2.5,0,healthy
7/20/2024,Erie,0.25,3,10.8,9,1.9,3,6.2,39,0.05,47,68.2,67.5,8.1,47,2024,O3,0,healthy
7/21/2024,Erie,0.2,2,12.3,11,2.15,3,8.05,46,0.06,51,70.9,70.1,11,51,2024,O3,1,unhealthy
7/22/2024,Erie,0.25,3,15.8,14,0.45,0,9.78,54,0.05,50,72.2,73.9,6.9,54,2024,PM2.5,1,unhealthy
7/23/2024,Erie,0.25,3,20.2,19,1.35,1,10.73,55,0.06,67,74.7,70.7,9,67,2024,O3,1,unhealthy
7/24/2024,Erie,0.25,3,18.7,17,0.45,0,11.82,57,0.06,54,74.6,75.5,13.8,57,2024,PM2.5,1,unhealthy
7/25/2024,Erie,0.2,2,17,16,1.15,1,4.15,28,0.04,38,70.2,67.7,9.1,38,2024,O3,0,healthy
7/26/2024,Erie,0.3,3,14.4,13,0.8,0,6.72,42,0.04,38,70.3,56.8,12.7,42,2024,PM2.5,0,healthy
7/27/2024,Erie,0.3,3,7.6,7,0.55,0,13.22,60,0.04,42,72.5,56.9,11.4,60,2024,PM2.5,1,unhealthy
7/28/2024,Erie,0.25,3,6,6,1.2,1,14.25,62,0.05,48,75.5,60.1,10,62,2024,PM2.5,1,unhealthy
7/29/2024,Erie,0.3,3,16.1,15,2.1,4,14.67,65,0.06,84,76.7,69.2,10.1,84,2024,O3,1,unhealthy
7/30/2024,Erie,0.3,3,,,0.35,0,10.95,61,0.05,43,76,79.6,16.6,61,2024,PM2.5,1,unhealthy
7/31/2024,Erie,0.25,3,,,0.3,0,11.08,71,0.05,45,78.6,74.7,12.6,71,2024,PM2.5,1,unhealthy
8/1/2024,Erie,0.35,5,19.8,18,0.9,1,13.95,69,0.06,84,79.7,71,11.2,84,2024,O3,1,unhealthy
8/2/2024,Erie,0.3,3,18.7,17,0.05,0,8.02,52,0.04,39,76.4,77,11.2,52,2024,PM2.5,1,unhealthy
8/3/2024,Erie,0.35,5,25.7,24,0.05,0,8.43,53,0.04,40,75.3,78.8,13.6,53,2024,PM2.5,1,unhealthy
8/4/2024,Erie,0.35,5,11.7,10,1.7,1,14.7,66,0.05,46,75.6,72.2,10.3,66,2024,PM2.5,1,unhealthy
8/5/2024,Erie,0.25,3,14.5,13,0.25,0,15.35,66,0.04,42,76.2,72.1,13.6,66,2024,PM2.5,1,unhealthy
8/6/2024,Erie,0.25,3,9.3,8,0.15,0,6,41,0.02,21,72.3,84.9,19,41,2024,PM2.5,0,healthy
8/7/2024,Erie,0.15,2,6.7,6,0.35,0,4.18,30,0.03,30,70.1,65.9,21.4,30,2024,PM2.5,0,healthy
8/8/2024,Erie,0.2,2,12,11,0.1,0,2.8,19,0.03,26,76.3,71.5,14.7,26,2024,O3,0,healthy
8/9/2024,Erie,0.25,3,9.7,8,0.2,0,4.2,28,0.04,36,74.7,79,18.1,36,2024,O3,0,healthy
8/10/2024,Erie,0.2,2,14.5,13,0.65,0,3.84,25,0.04,35,69.8,62.8,16,35,2024,O3,0,healthy
8/11/2024,Erie,0.15,2,10.6,9,1.1,1,3.35,21,0.03,30,68.8,64.4,14.7,30,2024,O3,0,healthy
8/12/2024,Erie,0.15,2,12.4,11,1.25,1,3.92,24,0.03,25,68.1,68.3,11.4,25,2024,O3,0,healthy
8/13/2024,Erie,0.3,3,20.5,19,0.45,0,10.2,55,0.03,24,67.3,71.1,8.1,55,2024,PM2.5,1,unhealthy
8/14/2024,Erie,0.3,5,23.6,22,0.8,1,11.22,57,0.04,40,68.5,77.1,9.1,57,2024,PM2.5,1,unhealthy
8/15/2024,Erie,0.3,3,15.3,14,0.45,0,15.02,64,0.05,49,71.1,68.3,9.9,64,2024,PM2.5,1,unhealthy
8/16/2024,Erie,0.3,3,14.4,13,0.5,0,14.69,65,0.04,41,73.5,68.6,13.5,65,2024,PM2.5,1,unhealthy
8/17/2024,Erie,0.25,3,9.1,8,0.15,0,8.38,48,0.04,39,74.3,80.8,14.8,48,2024,PM2.5,0,healthy
8/18/2024,Erie,0.2,2,7.7,7,0.1,0,6.08,37,0.05,44,72,84.4,15.9,44,2024,O3,0,healthy
8/19/2024,Erie,0.25,3,9.8,8,0.15,0,2.78,21,0.02,22,65.7,76.4,15.8,22,2024,O3,0,healthy
8/20/2024,Erie,0.25,3,11.9,10,0.45,0,2.72,21,0.03,29,63.4,55.4,17.8,29,2024,O3,0,healthy
8/21/2024,Erie,0.25,3,,,0.35,0,4.32,29,0.03,31,64,54.7,16.7,31,2024,O3,0,healthy
8/22/2024,Erie,0.3,3,,,0.9,1,5.69,39,0.04,35,63.2,64.5,10.2,39,2024,PM2.5,0,healthy
8/23/2024,Erie,0.3,3,26.4,25,0.8,1,7,41,0.04,40,64.9,64.1,10,41,2024,PM2.5,0,healthy
8/24/2024,Erie,0.4,5,13.3,12,1.4,3,12.22,58,0.06,71,69.5,61.7,8,71,2024,O3,1,unhealthy
8/25/2024,Erie,0.35,5,16.8,15,0.6,0,14.38,65,0.07,97,72.7,60.6,7.9,97,2024,O3,1,unhealthy
8/26/2024,Erie,0.35,5,16.6,15,0.4,0,15.05,64,0.07,97,74,76.5,6.9,97,2024,O3,1,unhealthy
8/27/2024,Erie,0.35,5,18.4,17,0.35,0,14.38,61,0.07,87,79,70.9,13.6,87,2024,O3,1,unhealthy
8/28/2024,Erie,0.3,3,13.8,12,0.5,1,7.16,47,0.05,44,75.5,81,12.6,47,2024,PM2.5,0,healthy
8/29/2024,Erie,0.2,2,6,6,0,0,4.58,31,0.03,25,72.8,80.9,16.8,31,2024,PM2.5,0,healthy
8/30/2024,Erie,0.25,3,22.4,21,0.3,0,6.3,36,0.05,46,75.9,74.3,13.8,46,2024,O3,0,healthy
8/31/2024,Erie,0.2,2,13.3,12,0,0,5.9,35,0.04,42,74.4,80.9,17.1,42,2024,O3,0,healthy
9/1/2024,Erie,0.2,2,7.5,7,0.2,0,7.9,54,0.04,40,70.9,71.8,14.9,54,2024,PM2.5,1,unhealthy
9/2/2024,Erie,0.3,3,18,17,0.3,0,3.68,22,0.04,34,64,55.4,14.5,34,2024,O3,0,healthy
9/3/2024,Erie,0.3,3,12.7,11,0.7,1,6.1,43,0.04,40,60.9,61.3,10,43,2024,PM2.5,0,healthy
9/4/2024,Erie,0.25,3,13.6,12,0.35,0,5.12,34,0.04,37,65.5,58.8,13.4,37,2024,O3,0,healthy
9/5/2024,Erie,0.3,3,29.6,27,0.2,0,5.52,33,0.06,71,69.8,53.2,13.5,71,2024,O3,1,unhealthy
9/6/2024,Erie,0.3,3,19.7,18,0.25,0,5.7,39,0.05,44,68.6,67,18.2,44,2024,O3,0,healthy
9/7/2024,Erie,0.2,2,4.6,4,0.3,0,2.23,13,0.02,21,59.9,72.7,20.2,21,2024,O3,0,healthy
9/8/2024,Erie,0.2,2,5.3,5,0.25,0,2.33,13,0.03,31,59.7,55.7,17,31,2024,O3,0,healthy
9/9/2024,Erie,0.2,2,17.9,16,0.55,0,4.57,31,0.04,36,65.8,63.6,13.7,36,2024,O3,0,healthy
9/10/2024,Erie,0.3,3,19,18,0.05,0,5.68,35,0.04,37,65.4,72.9,8,37,2024,O3,0,healthy
9/11/2024,Erie,0.3,3,18.3,17,1.3,3,6.38,37,0.05,44,66.3,66.4,7.9,44,2024,O3,0,healthy
9/12/2024,Erie,0.25,3,12.6,11,0.65,0,9.75,54,0.06,51,70,68.6,9.9,54,2024,PM2.5,1,unhealthy
9/13/2024,Erie,0.25,3,19.9,18,0.15,0,11.22,58,0.06,64,70.4,64.7,13.4,64,2024,O3,1,unhealthy
9/14/2024,Erie,0.25,3,6.6,6,0.1,0,10.95,58,0.06,58,70.3,66.4,14.6,58,2024,PM2.5,1,unhealthy
9/15/2024,Erie,0.25,3,8.4,8,0.35,0,11.93,61,0.06,61,72,64,13.8,61,2024,PM2.5,1,unhealthy
9/16/2024,Erie,0.25,3,15.4,14,0.2,0,9.98,54,0.05,48,70.6,60.3,16,54,2024,PM2.5,1,unhealthy
9/17/2024,Erie,0.25,3,14.4,13,0.25,0,8.5,52,0.05,47,69.6,62.8,14.7,52,2024,PM2.5,1,unhealthy
9/18/2024,Erie,0.2,2,14.7,13,0.15,0,9.18,52,0.05,44,69.5,73.5,11.1,52,2024,PM2.5,1,unhealthy
9/19/2024,Erie,0.25,3,16.2,15,0.15,0,10.52,54,0.04,40,69.4,79.7,11.2,54,2024,PM2.5,1,unhealthy
9/20/2024,Erie,0.2,2,9.4,8,0.15,0,13.98,61,0.05,45,70.7,67.1,7.9,61,2024,PM2.5,1,unhealthy
9/21/2024,Erie,0.25,3,16.6,15,0.35,0,13.47,62,0.05,44,72.9,69.5,12.3,62,2024,PM2.5,1,unhealthy
9/22/2024,Erie,0.35,5,20,19,0.15,0,12.15,58,0.05,48,70.8,77.5,10,58,2024,PM2.5,1,unhealthy
9/23/2024,Erie,0.2,2,17.2,16,0,0,5.28,31,0.03,26,70.1,84,11.2,31,2024,PM2.5,0,healthy
9/24/2024,Erie,0.15,2,,,0,0,2.02,13,0.02,20,66.8,85.4,19.6,20,2024,O3,0,healthy
9/25/2024,Erie,0.2,2,,,0,0,2.82,17,0.03,25,68.9,81.5,23.4,25,2024,O3,0,healthy
9/26/2024,Erie,0.25,3,17.8,16,0.3,0,4.95,29,0.04,32,68.4,82.4,11.2,32,2024,O3,0,healthy
9/27/2024,Erie,0.25,3,12.8,11,0.15,0,5.04,41,0.04,32,68.9,71.9,14.9,41,2024,PM2.5,0,healthy
9/28/2024,Erie,0.2,2,5.4,5,0.15,0,4.02,29,0.02,21,70,84.1,11.5,29,2024,PM2.5,0,healthy
9/29/2024,Erie,0.2,2,5.1,5,0,0,3.15,22,0.02,23,69.4,85.6,12.6,23,2024,O3,0,healthy
9/30/2024,Erie,0.2,2,9.7,8,0.1,0,5.68,33,0.03,29,69,79.8,13.5,33,2024,PM2.5,0,healthy
10/1/2024,Erie,0.3,3,19.2,18,0.1,0,4.38,27,0.03,31,67.6,76.3,11.2,31,2024,O3,0,healthy
10/2/2024,Erie,0.2,2,21.6,20,0.65,1,3.35,19,0.03,31,59.6,66.9,17,31,2024,O3,0,healthy
10/3/2024,Erie,0.3,3,30.5,28,0.8,0,5.18,34,0.05,43,59.9,66.8,11.3,43,2024,O3,0,healthy
10/4/2024,Erie,0.3,3,22.7,21,0.75,0,7.6,46,0.04,42,63.1,69.3,10,46,2024,PM2.5,0,healthy
10/5/2024,Erie,0.3,3,21.4,20,0.45,0,6.05,39,0.03,31,60.2,60.3,12.4,39,2024,PM2.5,0,healthy
10/6/2024,Erie,0.2,2,8.6,8,0.65,0,8.45,49,0.05,50,66.9,55.8,20.3,50,2024,O3,0,healthy
10/7/2024,Erie,0.2,2,15.7,14,0.85,0,4.78,28,0.03,31,59.6,60.3,13.6,31,2024,O3,0,healthy
10/8/2024,Erie,0.2,2,23.8,22,0.65,0,3.55,23,0.03,29,54.9,61.9,13.8,29,2024,O3,0,healthy
10/9/2024,Erie,0.25,3,22.9,21,0.6,0,2.81,22,0.03,29,54,62.9,16.7,29,2024,O3,0,healthy
10/10/2024,Erie,0.3,3,19.4,18,0.6,0,2.92,20,0.02,19,52.2,58.2,11.3,20,2024,PM2.5,0,healthy
10/11/2024,Erie,0.3,3,18.4,17,1.75,4,5,29,0.05,43,57.2,57.9,14.7,43,2024,O3,0,healthy
10/12/2024,Erie,0.2,2,13.4,12,0.45,0,4.9,37,0.03,31,60.4,57.9,14.7,37,2024,PM2.5,0,healthy
10/13/2024,Erie,0.2,2,4.8,4,0.3,0,2.28,14,0.03,29,52.4,90.2,16.9,29,2024,O3,0,healthy
10/14/2024,Erie,0.2,2,16,15,0.6,0,2.4,21,0.02,21,49.3,68.9,27.3,21,2024,PM2.5,0,healthy
10/15/2024,Erie,0.2,3,17.9,16,0.45,0,1.99,17,0.02,21,47.8,63.8,14.7,21,2024,O3,0,healthy
10/16/2024,Erie,0.45,6,25.5,24,0.65,0,4.03,27,0.02,22,49.6,60.1,13.5,27,2024,PM2.5,0,healthy
10/17/2024,Erie,0.55,7,27.9,25,0.5,0,6.3,38,0.03,24,48.2,68.2,9.1,38,2024,PM2.5,0,healthy
10/18/2024,Erie,0.5,6,30.3,28,1,1,7.95,51,0.04,38,50.4,73.6,6.8,51,2024,PM2.5,1,unhealthy
10/19/2024,Erie,0.5,6,28.7,26,0.4,0,8.45,48,0.05,44,52.9,67.6,8.8,48,2024,PM2.5,0,healthy
10/20/2024,Erie,0.5,7,22.2,21,0.55,0,8.07,49,0.06,67,57.4,56.1,9.2,67,2024,O3,1,unhealthy
10/21/2024,Erie,0.3,3,24.8,23,0.75,1,8.79,55,0.06,74,64.5,45.8,14.7,74,2024,O3,1,unhealthy
10/22/2024,Erie,0.45,6,41.7,39,0.85,1,14.95,67,0.06,74,65,51.5,11.2,74,2024,O3,1,unhealthy
10/23/2024,Erie,0.45,6,29.1,27,0.35,0,9.45,54,0.05,50,64.2,55.3,17.9,54,2024,PM2.5,1,unhealthy
10/24/2024,Erie,0.3,3,25.2,24,0.2,0,3.9,24,0.03,25,50.6,61.1,12.4,25,2024,O3,0,healthy
10/25/2024,Erie,0.3,3,26,25,0.45,0,6.6,42,0.03,26,50.9,66.7,16.9,42,2024,PM2.5,0,healthy
10/26/2024,Erie,0.25,3,17.2,16,1.35,1,3.98,29,0.03,31,54.2,53.1,15.8,31,2024,O3,0,healthy
10/27/2024,Erie,0.4,5,24.8,23,0.7,0,3.74,27,0.03,31,46,59.2,13.3,31,2024,O3,0,healthy
10/28/2024,Erie,0.3,3,18.2,17,0.45,0,5.28,34,0.03,31,49.7,55.2,11.2,34,2024,PM2.5,0,healthy
10/29/2024,Erie,0.35,5,28.9,26,0.4,0,11.75,58,0.04,38,64.4,53.6,20.4,58,2024,PM2.5,1,unhealthy
10/30/2024,Erie,0.2,2,18.1,17,0.35,0,14.32,64,0.05,45,71.3,55,20.3,64,2024,PM2.5,1,unhealthy
10/31/2024,Erie,0.2,2,24.4,23,0,0,7.12,42,0.04,40,72.7,56.2,24.7,42,2024,PM2.5,0,healthy
11/1/2024,Erie,0.2,2,6.8,6,0.15,0,2.9,22,0.02,22,55.8,63,22.6,22,2024,PM2.5,0,healthy
11/2/2024,Erie,0.3,3,24.45,24,0.3,0,4.8,37,0.03,29,47.6,61.1,10,37,2024,PM2.5,0,healthy
11/3/2024,Erie,0.4,5,15.2,14,0.3,0,5.6,36,0.03,31,48.3,51.8,17.9,36,2024,PM2.5,0,healthy
11/4/2024,Erie,0.2,2,18.3,17,0.35,0,5.15,37,0.04,34,62.1,40.8,24.5,37,2024,PM2.5,0,healthy
11/5/2024,Erie,0.3,3,31.35,31,0.15,0,5.3,36,0.04,38,73.2,47.5,24.6,38,2024,O3,0,healthy
11/6/2024,Erie,0.3,3,10.9,12,0,0,5.9,41,0.03,27,66,76.7,20.4,41,2024,PM2.5,0,healthy
11/7/2024,Erie,0.2,2,10.1,12,0.55,0,3.38,23,0.03,31,54.7,71.5,10.2,31,2024,O3,0,healthy
11/8/2024,Erie,0.2,2,17.7,16,0.65,0,4.23,34,0.03,27,52.1,68,17.9,34,2024,PM2.5,0,healthy
11/9/2024,Erie,0.3,3,25.1,24,0.35,0,4.25,28,0.03,27,46,56.1,11.2,28,2024,PM2.5,0,healthy
11/10/2024,Erie,0.4,5,22.45,23,0.3,0,5.3,33,0.03,24,54.2,63.6,19.1,33,2024,PM2.5,0,healthy
11/11/2024,Erie,0.2,2,5.25,7,0.35,0,3.45,29,0.03,25,55,68.2,20.4,29,2024,PM2.5,0,healthy
11/12/2024,Erie,0.4,5,29.05,27,0.25,0,4.65,39,0.03,30,42.9,66.4,15.8,39,2024,PM2.5,0,healthy
11/13/2024,Erie,0.4,5,22.05,23,0.25,0,3.02,21,0.03,30,43.5,48.4,18.3,30,2024,O3,0,healthy
11/14/2024,Erie,0.2,2,12.75,15,0.35,0,4.01,32,0.03,30,46.1,55.2,28.1,32,2024,PM2.5,0,healthy
11/15/2024,Erie,0.3,3,18.75,18,0.6,0,8.45,56,0.02,21,48.6,87.7,13.6,56,2024,PM2.5,1,unhealthy
11/16/2024,Erie,0.3,3,10.8,13,0.55,0,7.45,51,0.03,25,48.8,69.2,15.8,51,2024,PM2.5,1,unhealthy
11/17/2024,Erie,0.3,3,21.55,22,0.25,0,7.85,51,0.03,29,49.3,67.7,14.7,51,2024,PM2.5,1,unhealthy
11/18/2024,Erie,0.4,5,24.4,23,0.5,0,13.7,64,0.03,24,51.9,77.4,9,64,2024,PM2.5,1,unhealthy
11/19/2024,Erie,0.4,5,20.1,19,0.05,0,7.28,49,0.02,19,54.4,70.1,14.6,49,2024,PM2.5,0,healthy
11/20/2024,Erie,0.3,3,17.6,18,0.1,0,7.04,53,0.03,26,53.9,80.2,24.7,53,2024,PM2.5,1,unhealthy
11/21/2024,Erie,0.2,2,23.65,27,0.3,0,3.62,29,0.02,23,38.7,71.1,14.6,29,2024,PM2.5,0,healthy
11/22/2024,Erie,0.2,2,9.1,9,0.15,0,2.8,23,0.02,22,43.1,78.4,19.5,23,2024,PM2.5,0,healthy
11/23/2024,Erie,0.3,3,23.95,23,0.35,0,3.58,32,0.02,20,45.9,76.4,18.3,32,2024,PM2.5,0,healthy
11/24/2024,Erie,0.35,5,26.75,25,0.25,0,3.38,31,0.03,28,43.8,75.8,15.9,31,2024,PM2.5,0,healthy
11/25/2024,Erie,0.45,6,25.25,24,0.4,0,8.15,53,0.02,21,45.3,75.4,14.7,53,2024,PM2.5,1,unhealthy
11/26/2024,Erie,0.25,3,13.8,14,0.65,0,5.37,44,0.02,21,45.5,70,21.8,44,2024,PM2.5,0,healthy
11/27/2024,Erie,0.35,5,26.45,25,0.9,1,6.08,39,0.02,22,41.5,65.7,13.6,39,2024,PM2.5,0,healthy
11/28/2024,Erie,0.35,5,15.55,19,0.4,0,4.32,35,0.03,30,39.3,77.6,16.8,35,2024,PM2.5,0,healthy
11/29/2024,Erie,0.2,3,5.6,7,0.6,0,3.02,31,0.03,26,30.2,86.5,19.3,31,2024,PM2.5,0,healthy
11/30/2024,Erie,0.2,3,6,8,0.55,0,5.28,38,0.03,27,25.5,72.7,22.6,38,2024,PM2.5,0,healthy
12/1/2024,Erie,0.25,3,9.7,9,1.5,3,5.82,39,0.03,24,25.2,80,16.4,39,2024,PM2.5,0,healthy
12/2/2024,Erie,0.35,5,22.1,21,1.45,1,3.83,39,,,30.2,79.8,13.9,39,2024,PM2.5,0,healthy
12/3/2024,Erie,0.25,3,14.4,13,0.7,0,5.55,36,0.04,33,33.7,68.9,18,36,2024,PM2.5,0,healthy
12/4/2024,Erie,0.2,2,8.9,9,0.45,0,8.7,57,0.03,25,30.3,68.4,24.8,57,2024,PM2.5,1,unhealthy
12/5/2024,Erie,0.25,3,22,25,0.45,0,4.95,43,0.03,29,30.5,76.1,28.3,43,2024,PM2.5,0,healthy
12/6/2024,Erie,0.2,3,24.45,25,0.8,1,3.75,30,0.04,32,28.4,66.9,18,32,2024,O3,0,healthy
12/7/2024,Erie,0.2,2,8.6,9,0.85,0,8.48,55,0.03,25,30.9,62.9,23.8,55,2024,PM2.5,1,unhealthy
12/8/2024,Erie,0.2,2,24.9,24,0.7,0,6.96,54,0.02,21,41.6,67.6,20.6,54,2024,PM2.5,1,unhealthy
12/9/2024,Erie,0.3,3,26.9,27,0.2,0,9.48,55,0.02,18,44.5,86.3,14.6,55,2024,PM2.5,1,unhealthy
12/10/2024,Erie,0.3,3,23.3,22,0.15,0,11.65,59,0.02,15,42.7,91.7,8.8,59,2024,PM2.5,1,unhealthy
12/11/2024,Erie,0.2,2,20.05,19,0.45,0,8.48,52,0.03,27,36.1,85.6,20.4,52,2024,PM2.5,1,unhealthy
12/12/2024,Erie,0.2,2,12.35,12,0.45,0,5.68,52,0.03,29,20.1,73.4,24.5,52,2024,PM2.5,1,unhealthy
12/13/2024,Erie,0.45,6,35.3,34,0.6,0,7.58,53,0.03,30,19.9,80.4,13.7,53,2024,PM2.5,1,unhealthy
12/14/2024,Erie,0.45,6,29.3,27,0.4,0,6.07,55,0.03,31,23.4,64.8,12.6,55,2024,PM2.5,1,unhealthy
12/15/2024,Erie,0.35,5,33.2,32,0.65,0,10.72,63,0.02,23,35,70.5,22.9,63,2024,PM2.5,1,unhealthy
12/16/2024,Erie,0.25,3,20.1,24,0.25,0,3.48,28,0.03,27,44.9,87.4,22.4,28,2024,PM2.5,0,healthy
12/17/2024,Erie,0.2,2,7.35,8,0.05,0,8.82,55,0.02,22,42.2,75.9,20.6,55,2024,PM2.5,1,unhealthy
12/18/2024,Erie,0.25,3,22.05,23,0.1,0,11.65,63,0.02,20,36.5,84.6,12.6,63,2024,PM2.5,1,unhealthy
12/19/2024,Erie,0.2,2,15.15,15,0.3,0,4.6,38,0.03,30,32.9,71.9,14.7,38,2024,PM2.5,0,healthy
12/20/2024,Erie,0.2,2,13.95,14,0.1,0,4.53,38,0.04,32,31.7,85.9,17.9,38,2024,PM2.5,0,healthy
12/21/2024,Erie,0.2,2,11.5,11,0.25,0,3.95,41,0.04,34,23.8,64.8,14.7,41,2024,PM2.5,0,healthy
12/22/2024,Erie,0.3,3,29.7,28,0.4,0,6.25,48,0.04,32,18.4,66.2,12.6,48,2024,PM2.5,0,healthy
12/23/2024,Erie,0.3,3,24.8,25,1.1,1,7.1,44,0.03,31,27.8,58.3,24.6,44,2024,PM2.5,0,healthy
12/24/2024,Erie,0.3,3,14.15,14,0.35,0,12.48,64,0.03,27,36.3,86.8,16.9,64,2024,PM2.5,1,unhealthy
12/25/2024,Erie,0.25,3,13.75,15,0.1,0,7.58,51,0.03,28,33.8,80.4,6.8,51,2024,PM2.5,1,unhealthy
12/26/2024,Erie,0.3,3,25.8,25,0.15,0,8.69,62,0.03,31,35.7,76.7,10.2,62,2024,PM2.5,1,unhealthy
12/27/2024,Erie,0.5,6,33.4,32,0.3,0,10.28,59,0.03,27,43.1,63.5,17.9,59,2024,PM2.5,1,unhealthy
12/28/2024,Erie,0.45,6,23.55,22,0.1,0,10.6,58,0.03,26,52,76.6,20.2,58,2024,PM2.5,1,unhealthy
12/29/2024,Erie,0.3,3,23,23,0,0,5.58,38,0.04,33,53.6,83.7,24,38,2024,PM2.5,0,healthy
12/30/2024,Erie,0.2,2,4.95,6,0,0,3.92,43,0.03,27,40.7,78.4,34.3,43,2024,PM2.5,0,healthy
12/31/2024,Erie,0.3,3,20.7,24,0.2,0,8.15,53,,,41.6,78.1,11.5,53,2024,PM2.5,1,unhealthy
1/1/2024,Monroe,0.2,2,7.9,7,0,0,2.65,19,0.03,24,43.3,61.7,16,24,2024,O3,0,healthy
1/2/2024,Monroe,0.25,3,11.9,10,0,0,6.1,36,0.03,26,39.2,66.2,8,36,2024,PM2.5,0,healthy
1/3/2024,Monroe,0.25,3,15.4,14,0,0,8.05,50,0.02,16,46.4,60.8,6.9,50,2024,PM2.5,0,healthy
1/4/2024,Monroe,0.2,2,14.9,13,0,0,3.12,21,0.03,31,42.9,69.2,11.4,31,2024,O3,0,healthy
1/5/2024,Monroe,0.25,3,13.5,12,0.2,0,8.6,52,0.03,30,39.9,85,14.9,52,2024,PM2.5,1,unhealthy
1/6/2024,Monroe,0.25,3,11.6,10,0.1,0,10.1,54,0.03,25,44,84.3,13.8,54,2024,PM2.5,1,unhealthy
1/7/2024,Monroe,0.2,2,22.8,21,0.1,0,7.9,52,0.02,20,45,73.8,10.2,52,2024,PM2.5,1,unhealthy
1/8/2024,Monroe,0.45,6,31.1,29,0.5,0,13.8,61,0.02,21,50.7,79.1,16.1,61,2024,PM2.5,1,unhealthy
1/9/2024,Monroe,0.4,5,19.3,18,0,0,5,31,0.03,30,44.2,65.3,25.2,31,2024,PM2.5,0,healthy
1/10/2024,Monroe,0.2,2,7.6,7,0,0,1.7,12,0.03,25,45.8,57.5,14.9,25,2024,O3,0,healthy
1/11/2024,Monroe,0.25,3,14.6,13,0,0,6.9,44,0.02,21,58.5,72.9,12.7,44,2024,PM2.5,0,healthy
1/12/2024,Monroe,0.25,3,20.8,19,0,0,6.55,38,0.03,25,52.4,66.9,26.8,38,2024,PM2.5,0,healthy
1/13/2024,Monroe,0.2,2,10.8,9,0,0,2.35,15,0.03,31,40.8,54.1,10.3,31,2024,O3,0,healthy
1/14/2024,Monroe,0.15,2,6.7,6,0,0,3.55,21,0.03,26,32.5,62.1,17.1,26,2024,O3,0,healthy
1/15/2024,Monroe,0.25,3,19.4,18,0.1,0,8.25,53,0.03,27,20.3,79.2,18.3,53,2024,PM2.5,1,unhealthy
1/16/2024,Monroe,0.25,3,20.1,19,0.1,0,8.35,53,0.03,31,20.8,57.5,16,53,2024,PM2.5,1,unhealthy
1/17/2024,Monroe,0.25,3,15.9,14,0.2,0,6.75,43,0.04,32,25.3,58.7,8,43,2024,PM2.5,0,healthy
1/18/2024,Monroe,0.25,3,18.6,17,0.3,0,9.25,53,0.03,26,43.4,72,12.7,53,2024,PM2.5,1,unhealthy
1/19/2024,Monroe,0.3,3,20.7,19,0.1,0,7.32,44,0.03,30,38.2,67.1,19.6,44,2024,PM2.5,0,healthy
1/20/2024,Monroe,0.2,2,11.3,10,0,0,3.05,18,0.03,29,27.1,56,13.8,29,2024,O3,0,healthy
1/21/2024,Monroe,0.25,3,19.1,18,0.2,0,4.35,29,0.03,31,30.5,53.3,13.8,31,2024,O3,0,healthy
1/22/2024,Monroe,0.25,3,20.1,19,0.4,0,8,55,0.03,31,45.2,67.3,11.4,55,2024,PM2.5,1,unhealthy
1/23/2024,Monroe,0.3,3,22.8,21,0.3,0,14.6,64,0.02,22,62.1,89.9,11.4,64,2024,PM2.5,1,unhealthy
1/24/2024,Monroe,0.45,6,24.2,23,0.1,0,16.55,66,0.01,13,62.5,94.7,10.2,66,2024,PM2.5,1,unhealthy
1/25/2024,Monroe,0.4,5,18.8,17,0,0,7.8,44,0.01,12,61.1,88.8,9.1,44,2024,PM2.5,0,healthy
1/26/2024,Monroe,0.3,3,12.6,11,0,0,3.15,19,0.02,18,55.3,92.1,14.9,19,2024,PM2.5,0,healthy
1/27/2024,Monroe,0.35,5,15.7,14,0,0,7.65,43,0.01,10,53.3,87.9,14.9,43,2024,PM2.5,0,healthy
1/28/2024,Monroe,0.3,3,8,8,0,0,4.1,27,0.03,25,47,75.2,13.8,27,2024,PM2.5,0,healthy
1/29/2024,Monroe,0.25,3,19.2,18,0,0,2.5,16,0.02,23,48.2,68.8,4.7,23,2024,O3,0,healthy
1/30/2024,Monroe,0.35,5,18.9,17,0,0,6.55,38,0.02,23,58,56.9,16,38,2024,PM2.5,0,healthy
1/31/2024,Monroe,0.4,5,20,19,0.1,0,9.68,54,0.02,21,52.6,65.2,9.1,54,2024,PM2.5,1,unhealthy
2/1/2024,Monroe,0.25,3,12.3,11,0,0,6.85,39,0.02,20,52.5,67.7,8,39,2024,PM2.5,0,healthy
2/2/2024,Monroe,0.25,3,8.7,8,0,0,3.6,21,0.02,20,57,62.3,8.1,21,2024,PM2.5,0,healthy
2/3/2024,Monroe,0.3,3,22.6,21,0,0,4.55,26,0.03,25,54.9,83,13.8,26,2024,PM2.5,0,healthy
2/4/2024,Monroe,0.45,6,24.6,23,0.5,0,10.4,54,0.02,19,54.4,85.9,17.1,54,2024,PM2.5,1,unhealthy
2/5/2024,Monroe,0.4,5,27.2,25,0.1,0,7.15,40,0.03,29,53.8,66.7,21.8,40,2024,PM2.5,0,healthy
2/6/2024,Monroe,0.65,8,37.8,35,0.7,0,5.15,31,0.04,34,51,58.5,9.1,35,2024,NO2,0,healthy
2/7/2024,Monroe,0.45,6,27.6,25,0.3,0,7.6,44,0.02,23,53.7,61.9,10.3,44,2024,PM2.5,0,healthy
2/8/2024,Monroe,0.5,6,25.1,24,0.6,0,7.15,41,0.03,24,60.3,77.9,11,41,2024,PM2.5,0,healthy
2/9/2024,Monroe,0.35,5,15.1,14,0.3,0,8.18,48,0.04,34,65.5,87.2,12.7,48,2024,PM2.5,0,healthy
2/10/2024,Monroe,0.3,3,6.2,6,0.1,0,8.8,51,0.03,27,62.5,92.1,17.1,51,2024,PM2.5,1,unhealthy
2/11/2024,Monroe,0.2,2,7.6,7,0,0,4.25,26,0.02,21,55.1,91.2,20,26,2024,PM2.5,0,healthy
2/12/2024,Monroe,0.2,2,13.1,12,0,0,7.62,47,0.02,22,48.5,79.6,24,47,2024,PM2.5,0,healthy
2/13/2024,Monroe,0.25,3,20.2,19,0.1,0,6.2,36,0.04,33,47.9,65.9,9.1,36,2024,PM2.5,0,healthy
2/14/2024,Monroe,0.2,2,15,14,0,0,2.65,17,0.04,35,50.9,64.5,6.9,35,2024,O3,0,healthy
2/15/2024,Monroe,0.3,3,28.1,26,0.1,0,6.08,43,0.03,31,57.6,71,10.3,43,2024,PM2.5,0,healthy
2/16/2024,Monroe,0.25,3,10.2,9,0.1,0,3.35,23,0.03,27,61.6,73.3,21.8,27,2024,O3,0,healthy
2/17/2024,Monroe,0.2,2,18.8,17,0,0,3.05,21,0.03,31,41.2,58.6,21.8,31,2024,O3,0,healthy
2/18/2024,Monroe,0.2,2,6.4,6,0,0,6.58,41,0.04,32,41.4,53.1,8,41,2024,PM2.5,0,healthy
2/19/2024,Monroe,0.3,3,27.8,25,0.1,0,3.1,21,0.04,34,46.3,56.4,10.2,34,2024,O3,0,healthy
2/20/2024,Monroe,0.3,3,24.3,23,0.2,0,5.5,36,0.04,37,56,64.2,8,37,2024,O3,0,healthy
2/21/2024,Monroe,0.3,3,24.4,23,0.5,0,12.12,61,0.04,39,63.6,71,21.8,61,2024,PM2.5,1,unhealthy
2/22/2024,Monroe,0.3,3,11.2,10,0.2,0,11.35,57,0.04,33,67.2,69.1,20.7,57,2024,PM2.5,1,unhealthy
2/23/2024,Monroe,0.3,3,13.9,12,0.2,0,11.2,56,0.04,39,64.4,51,16,56,2024,PM2.5,1,unhealthy
2/24/2024,Monroe,0.2,2,9,8,0,0,2.7,18,0.04,35,58.9,42.8,15,35,2024,O3,0,healthy
2/25/2024,Monroe,0.2,2,19.2,18,0.3,0,2.9,17,0.04,35,63,46.2,21.8,35,2024,O3,0,healthy
2/26/2024,Monroe,0.2,2,17.8,16,0.4,0,6.75,39,0.04,33,68.7,68.5,18.3,39,2024,PM2.5,0,healthy
2/27/2024,Monroe,0.45,6,28.2,26,0.3,0,11.38,57,0.05,45,74.6,64.5,27.6,57,2024,PM2.5,1,unhealthy
2/28/2024,Monroe,0.2,2,7.7,7,0,0,7.25,44,0.03,31,62.7,53.6,25.1,44,2024,PM2.5,0,healthy
2/29/2024,Monroe,0.2,2,20.7,19,0.1,0,3.1,19,0.04,33,49,40,14.9,33,2024,O3,0,healthy
3/1/2024,Monroe,0.3,3,21.8,20,0.2,0,4.72,31,0.04,37,49.5,79.3,9.1,37,2024,O3,0,healthy
3/2/2024,Monroe,0.3,3,16.7,15,0.1,0,5.9,36,0.03,25,54.9,83.5,6.9,36,2024,PM2.5,0,healthy
3/3/2024,Monroe,0.4,5,23.3,22,0,0,5.8,35,0.04,32,66,80.9,9.1,35,2024,PM2.5,0,healthy
3/4/2024,Monroe,0.25,3,11.1,10,0,0,5.45,39,0.04,36,69.6,83.5,10.3,39,2024,PM2.5,0,healthy
3/5/2024,Monroe,0.25,3,10.8,9,0,0,3.5,21,0.04,34,65.3,82.8,11.8,34,2024,O3,0,healthy
3/6/2024,Monroe,0.2,2,8.9,8,0,0,2.95,17,0.03,27,61,86,13.8,27,2024,O3,0,healthy
3/7/2024,Monroe,0.2,2,25.9,24,0,0,2.42,15,0.04,33,63.3,84.3,9.1,33,2024,O3,0,healthy
3/8/2024,Monroe,0.4,5,25.4,24,0.1,0,3.45,20,0.04,33,64.4,86.6,12.7,33,2024,O3,0,healthy
3/9/2024,Monroe,0.2,2,7.3,7,0,0,2.65,17,0.04,34,56.5,81.2,15,34,2024,O3,0,healthy
3/10/2024,Monroe,0.2,2,8,8,0,0,2.28,16,0.04,34,53.1,58.3,8,34,2024,O3,0,healthy
3/11/2024,Monroe,0.2,2,8.7,8,0.1,0,2.7,16,0.04,38,54.5,58.5,4.7,38,2024,O3,0,healthy
3/12/2024,Monroe,0.4,5,31.7,29,0.5,0,8.5,47,,,58.8,67.9,11.4,47,2024,PM2.5,0,healthy
3/13/2024,Monroe,0.35,5,25.5,24,0.4,0,15.57,81,0.06,51,70,74,12.7,81,2024,PM2.5,1,unhealthy
3/14/2024,Monroe,0.35,5,23.2,22,0.1,0,10.8,54,0.04,42,75.3,72.3,13.8,54,2024,PM2.5,1,unhealthy
3/15/2024,Monroe,0.25,3,9.6,8,0,0,4.2,27,0.04,39,67.4,85.4,13.8,39,2024,O3,0,healthy
3/16/2024,Monroe,0.2,2,7.3,7,0,0,3.88,29,0.04,38,63.4,77.4,16,38,2024,O3,0,healthy
3/17/2024,Monroe,0.2,2,5.7,5,0,0,2.7,18,0.04,34,61.1,86.6,9.1,34,2024,O3,0,healthy
3/18/2024,Monroe,0.2,2,10.6,9,0,0,2.75,19,0.04,34,54.7,48.5,19.6,34,2024,O3,0,healthy
3/19/2024,Monroe,0.25,3,11.2,10,0,0,5.2,44,0.04,33,49.8,56,9.2,44,2024,PM2.5,0,healthy
3/20/2024,Monroe,0.2,2,12.7,11,0,0,5.05,37,0.04,32,57.8,55.9,8,37,2024,PM2.5,0,healthy
3/21/2024,Monroe,0.2,2,6.8,6,0,0,2.2,16,0.04,32,61.9,62.5,7,32,2024,O3,0,healthy
3/22/2024,Monroe,0.25,3,29,27,0.1,0,3.92,36,0.04,34,56.2,87.5,10.3,36,2024,PM2.5,0,healthy
3/23/2024,Monroe,0.2,2,17.4,16,0,0,4.75,32,0.04,33,56.6,71.2,16,33,2024,O3,0,healthy
3/24/2024,Monroe,0.2,2,8.6,8,0.1,0,2.55,18,0.04,39,57,64.8,10.3,39,2024,O3,0,healthy
3/25/2024,Monroe,0.2,2,10.5,9,0.2,0,4,28,0.04,42,64.7,80.3,23,42,2024,O3,0,healthy
3/26/2024,Monroe,0.2,2,12,11,0.2,0,4.9,32,0.04,39,56.4,65.3,10.2,39,2024,O3,0,healthy
3/27/2024,Monroe,0.2,2,14.7,13,0.1,0,6.85,45,0.03,29,53.1,62.9,10.3,45,2024,PM2.5,0,healthy
3/28/2024,Monroe,0.25,3,13.9,12,0.1,0,7.85,54,0.04,37,56.5,56.9,6.9,54,2024,PM2.5,1,unhealthy
3/29/2024,Monroe,0.2,2,31,29,0,0,5.95,39,0.03,31,61.9,57.9,13.8,39,2024,PM2.5,0,healthy
3/30/2024,Monroe,0.2,2,10.4,9,0,0,3.35,22,0.03,31,67.1,65.3,12.7,31,2024,O3,0,healthy
3/31/2024,Monroe,0.2,2,14.1,13,0.1,0,3.53,27,0.04,34,70.3,76,10.3,34,2024,O3,0,healthy
4/1/2024,Monroe,0.2,2,17.7,16,0,0,5.8,38,0.04,32,74.9,74.6,16,38,2024,PM2.5,0,healthy
4/2/2024,Monroe,0.2,2,8.4,8,0,0,4.4,31,0.04,33,73.8,67.9,21.8,33,2024,O3,0,healthy
4/3/2024,Monroe,0.2,2,10.4,9,0,0,1.9,17,0.03,31,59.7,46.8,28.7,31,2024,O3,0,healthy
4/4/2024,Monroe,0.2,2,9.7,8,0,0,2.35,17,0.03,25,60.8,43.3,17.2,25,2024,O3,0,healthy
4/5/2024,Monroe,0.15,2,12,11,0,0,2.05,15,0.03,25,62.4,44.8,6.9,25,2024,O3,0,healthy
4/6/2024,Monroe,0.2,2,23.1,22,0,0,2.35,17,0.03,30,66,47.7,6.9,30,2024,O3,0,healthy
4/7/2024,Monroe,0.3,3,17.8,16,0,0,3.4,21,0.04,32,72.6,69.9,14.9,32,2024,O3,0,healthy
4/8/2024,Monroe,0.4,5,20.9,19,0.1,0,4.75,30,0.04,32,70.9,86.7,10.1,32,2024,O3,0,healthy
4/9/2024,Monroe,0.35,5,18.8,17,0,0,7.15,45,0.04,42,63.7,85.6,24.2,45,2024,PM2.5,0,healthy
4/10/2024,Monroe,0.3,3,28.8,26,0,0,7.8,52,0.02,22,66.2,86.4,19.7,52,2024,PM2.5,1,unhealthy
4/11/2024,Monroe,0.3,3,14.7,13,0,0,9.05,55,0.03,25,65.3,61.1,24.1,55,2024,PM2.5,1,unhealthy
4/12/2024,Monroe,0.2,2,9.1,8,0,0,1.52,12,0.03,31,63.4,54.3,14.9,31,2024,O3,0,healthy
4/13/2024,Monroe,0.2,2,6.7,6,0,0,1.7,12,0.03,31,68.5,57.9,10.3,31,2024,O3,0,healthy
4/14/2024,Monroe,0.2,2,21.4,20,0,0,4.75,31,0.03,31,71.6,63.7,17.1,31,2024,PM2.5,0,healthy
4/15/2024,Monroe,0.3,3,28.2,26,0,0,4.8,35,0.03,30,72.7,73.2,11.4,35,2024,PM2.5,0,healthy
4/16/2024,Monroe,0.3,3,23.5,22,0,0,4.5,28,0.03,28,76.5,67.8,19.6,28,2024,PM2.5,0,healthy
4/17/2024,Monroe,0.35,5,20.2,19,0,0,5.65,39,0.02,21,74.7,82.5,11.4,39,2024,PM2.5,0,healthy
4/18/2024,Monroe,0.25,3,12.5,11,0,0,6.88,52,0.03,31,76.1,80.3,11.3,52,2024,PM2.5,1,unhealthy
4/19/2024,Monroe,0.25,3,11.2,10,0,0,7.5,49,0.04,36,69.9,88,12.7,49,2024,PM2.5,0,healthy
4/20/2024,Monroe,0.2,2,10.2,9,0.2,0,3.15,20,0.04,33,56.9,87.5,18.2,33,2024,O3,0,healthy
4/21/2024,Monroe,0.2,2,6.4,6,0.5,0,2.7,21,0.04,34,58,67.5,16,34,2024,O3,0,healthy
4/22/2024,Monroe,0.25,3,26,25,0.1,0,4.25,27,0.04,40,57.1,64.8,5.8,40,2024,O3,0,healthy
4/23/2024,Monroe,0.3,3,16.2,15,0.3,0,6.05,39,0.05,49,63.2,61.8,14.9,49,2024,O3,0,healthy
4/24/2024,Monroe,0.3,3,31.6,29,0,0,3.9,27,0.03,30,71.4,73.2,9.2,30,2024,O3,0,healthy
4/25/2024,Monroe,0.35,5,30.2,28,0.1,0,3.75,24,0.03,31,74.1,72.2,10.3,31,2024,O3,0,healthy
4/26/2024,Monroe,0.35,5,25.6,24,0.4,0,4.15,27,0.04,38,75.6,69.4,16,38,2024,O3,0,healthy
4/27/2024,Monroe,0.2,2,13.7,12,0.1,0,5.38,39,0.04,33,79,64.3,16.1,39,2024,PM2.5,0,healthy
4/28/2024,Monroe,0.25,3,12.2,11,0,0,9.9,55,0.04,38,76.9,67.5,11.4,55,2024,PM2.5,1,unhealthy
4/29/2024,Monroe,0.2,2,4.9,4,0,0,4.6,31,0.03,24,70.1,81.7,12.7,31,2024,PM2.5,0,healthy
4/30/2024,Monroe,0.3,3,13.5,12,0,0,4.88,40,0.02,20,72,78.6,6.9,40,2024,PM2.5,0,healthy
5/1/2024,Monroe,0.3,3,13,12,0,0,7.4,49,0.04,34,75.1,73,6.9,49,2024,PM2.5,0,healthy
5/2/2024,Monroe,0.3,3,13.4,12,0.2,0,2.9,19,0.03,31,73.9,80.8,12.7,31,2024,O3,0,healthy
5/3/2024,Monroe,0.2,2,12.5,11,0.1,0,4.1,30,0.04,40,70.4,88.5,10.3,40,2024,O3,0,healthy
5/4/2024,Monroe,0.2,2,7,7,0,0,5.15,34,0.04,35,74.3,79.6,4.7,35,2024,O3,0,healthy
5/5/2024,Monroe,0.2,2,6.9,6,0,0,2.45,17,0.02,22,74,83.1,11.4,22,2024,O3,0,healthy
5/6/2024,Monroe,0.2,2,,,0.1,0,3.53,25,0.04,37,77.3,78.8,10.3,37,2024,O3,0,healthy
5/7/2024,Monroe,0.25,3,,,0,0,3.7,23,0.04,36,80.1,78.7,16.1,36,2024,O3,0,healthy
5/8/2024,Monroe,0.2,2,,,0.1,0,4.1,27,0.05,48,81,77.7,18.3,48,2024,O3,0,healthy
5/9/2024,Monroe,0.15,2,6.7,6,0,0,2.1,16,0.03,27,80.8,79.6,11.3,27,2024,O3,0,healthy
5/10/2024,Monroe,0.2,2,11.9,10,0,0,3.35,22,0.03,28,74.8,63.8,13.8,28,2024,O3,0,healthy
5/11/2024,Monroe,0.25,3,7,7,0,0,3.8,25,0.04,32,72.5,62.3,9.1,32,2024,O3,0,healthy
5/12/2024,Monroe,0.2,2,9.7,8,0,0,3.68,27,0.04,32,68.8,81,10.2,32,2024,O3,0,healthy
5/13/2024,Monroe,0.2,2,11.6,10,0.1,0,5,33,0.04,36,70.3,85.5,9.2,36,2024,O3,0,healthy
5/14/2024,Monroe,0.3,3,13,12,0.4,0,9.05,54,0.05,48,74.7,69.9,16,54,2024,PM2.5,1,unhealthy
5/15/2024,Monroe,0.3,3,10.8,9,0,0,11.28,61,0.03,24,75.1,65.4,9.1,61,2024,PM2.5,1,unhealthy
5/16/2024,Monroe,0.2,2,17.4,16,0,0,7.4,49,0.04,33,73.4,77.3,6.9,49,2024,PM2.5,0,healthy
5/17/2024,Monroe,0.2,2,8.8,8,0,0,4.75,32,0.04,38,73.8,80.6,6.9,38,2024,O3,0,healthy
5/18/2024,Monroe,0.2,2,8.9,8,0,0,4.85,37,0.03,30,78.1,72.1,10.2,37,2024,PM2.5,0,healthy
5/19/2024,Monroe,0.35,5,13.7,12,0,0,7.1,48,0.04,35,79.2,69.1,8,48,2024,PM2.5,0,healthy
5/20/2024,Monroe,0.35,5,10.8,9,0.9,0,9.05,54,0.06,71,79.9,69.6,6.9,71,2024,O3,1,unhealthy
5/21/2024,Monroe,0.35,5,11,10,0,0,9.18,54,0.06,64,80.9,68.2,12.7,64,2024,O3,1,unhealthy
5/22/2024,Monroe,0.25,3,9.8,8,0.2,0,9,54,0.05,46,80.1,75.5,17.1,54,2024,PM2.5,1,unhealthy
5/23/2024,Monroe,0.25,3,12.1,11,0,0,5.45,36,0.05,48,78.1,81.9,16.7,48,2024,O3,0,healthy
5/24/2024,Monroe,0.2,2,11.6,10,0.3,0,6.18,40,0.06,51,83.4,73.7,13.8,51,2024,O3,1,unhealthy
5/25/2024,Monroe,0.3,3,14.2,13,0.1,0,5.6,38,0.03,28,84.3,73.4,10.3,38,2024,PM2.5,0,healthy
5/26/2024,Monroe,0.3,3,6.8,6,0,0,7.25,49,0.05,44,83.8,72.6,18.3,49,2024,PM2.5,0,healthy
5/27/2024,Monroe,0.2,2,4.2,4,0,0,5.65,37,0.04,42,85.1,68.4,11.3,42,2024,O3,0,healthy
5/28/2024,Monroe,0.2,2,8.3,8,0,0,3.75,26,0.04,34,76,77.3,15,34,2024,O3,0,healthy
5/29/2024,Monroe,0.2,2,12.2,11,0,0,5,33,0.04,35,74.7,80.1,8,35,2024,O3,0,healthy
5/30/2024,Monroe,0.3,3,16.9,15,0.1,0,4.42,30,0.04,35,76.6,77.8,8,35,2024,O3,0,healthy
5/31/2024,Monroe,0.2,2,12.9,11,0.4,0,4.8,31,0.05,44,73.8,83.3,15.2,44,2024,O3,0,healthy
6/1/2024,Monroe,0.3,3,14.7,13,0.5,0,6.2,39,0.06,71,78.1,76.6,18.3,71,2024,O3,1,unhealthy
6/2/2024,Monroe,0.3,3,9.5,8,0.4,0,9.48,54,0.04,42,78.5,77.3,6.9,54,2024,PM2.5,1,unhealthy
6/3/2024,Monroe,0.3,3,11.5,10,0,0,7.15,49,0.05,43,77.7,77.1,11.3,49,2024,PM2.5,0,healthy
6/4/2024,Monroe,0.3,3,12.5,11,0,0,6.6,44,0.06,51,71,87,16,51,2024,O3,1,unhealthy
6/5/2024,Monroe,0.3,3,12.1,11,0,0,9.93,57,0.04,40,75.6,80.7,12.7,57,2024,PM2.5,1,unhealthy
6/6/2024,Monroe,0.2,2,11.2,10,0,0,5.4,36,0.05,47,81.5,70.5,11.4,47,2024,O3,0,healthy
6/7/2024,Monroe,0.2,2,8.8,8,0.1,0,3.35,23,0.03,27,81.4,64.8,10.3,27,2024,O3,0,healthy
6/8/2024,Monroe,0.2,2,7.5,7,0.1,0,2.55,22,0.03,31,81.4,65.9,6.9,31,2024,O3,0,healthy
6/9/2024,Monroe,0.2,2,6.5,6,0,0,3.55,24,0.03,31,84.6,69,8,31,2024,O3,0,healthy
6/10/2024,Monroe,0.2,2,6.8,6,0,0,5.7,38,0.02,22,79,73,11.3,38,2024,PM2.5,0,healthy
6/11/2024,Monroe,0.2,2,7.7,7,0,0,4.18,33,0.02,15,79.1,57.7,11.4,33,2024,PM2.5,0,healthy
6/12/2024,Monroe,0.3,3,12,11,0.1,0,7.15,47,0.04,38,76.3,63.5,8,47,2024,PM2.5,0,healthy
6/13/2024,Monroe,0.3,3,8.6,8,0.1,0,6.85,44,0.06,71,75.9,66.5,8,71,2024,O3,1,unhealthy
6/14/2024,Monroe,0.2,2,11,10,0.1,0,5.82,40,0.04,42,80.1,65.8,8,42,2024,O3,0,healthy
6/15/2024,Monroe,0.25,3,12.1,11,0.2,0,6.85,45,0.03,25,83,68.3,5.8,45,2024,PM2.5,0,healthy
6/16/2024,Monroe,0.3,3,7.6,7,0.1,0,5.95,38,0.04,36,83.7,69,8,38,2024,PM2.5,0,healthy
6/17/2024,Monroe,0.25,3,,,0.2,0,7.57,53,0.06,58,78.4,85.4,9.1,58,2024,O3,1,unhealthy
6/18/2024,Monroe,0.3,3,,,0,0,10.65,56,0.05,49,79.8,81.6,10.3,56,2024,PM2.5,1,unhealthy
6/19/2024,Monroe,0.45,6,12.3,11,0,0,14.95,63,0.05,49,82.2,73.6,12.7,63,2024,PM2.5,1,unhealthy
6/20/2024,Monroe,0.3,3,11.9,10,0,0,8.02,56,0.06,54,83.1,68.1,10.2,56,2024,PM2.5,1,unhealthy
6/21/2024,Monroe,0.2,2,12.3,11,0,0,6.2,41,0.03,31,82.6,70.5,6.9,41,2024,PM2.5,0,healthy
6/22/2024,Monroe,0.2,2,9.6,8,0,0,9,53,0.04,41,85.1,69,8,53,2024,PM2.5,1,unhealthy
6/23/2024,Monroe,0.2,2,5.6,5,0,0,8.55,53,0.04,41,85.7,69.2,10.3,53,2024,PM2.5,1,unhealthy
6/24/2024,Monroe,0.1,1,,,0,0,7.65,49,0.03,31,87.3,66.5,8,49,2024,PM2.5,0,healthy
6/25/2024,Monroe,0.25,3,10.2,9,0.2,0,8.75,53,0.06,51,87.2,70.2,9.1,53,2024,PM2.5,1,unhealthy
6/26/2024,Monroe,0.25,3,14.6,13,0.1,0,5.28,38,0.05,43,85.1,72,17.2,43,2024,O3,0,healthy
6/27/2024,Monroe,0.2,2,9.3,8,0,0,4.5,30,0.04,32,82.1,71.3,11.3,32,2024,O3,0,healthy
6/28/2024,Monroe,0.2,2,10.3,9,0.1,0,4.15,27,0.04,35,84.4,70.9,9.1,35,2024,O3,0,healthy
6/29/2024,Monroe,0.25,3,8,8,0,0,7.12,47,0.04,32,86.5,72.1,12.7,47,2024,PM2.5,0,healthy
6/30/2024,Monroe,0.2,2,,,0,0,4.6,30,0.03,28,85.8,72.2,13.8,30,2024,PM2.5,0,healthy
7/1/2024,Monroe,0.25,3,12,11,0,0,3.4,23,0.03,30,84.8,76,10.2,30,2024,O3,0,healthy
7/2/2024,Monroe,0.3,3,9.6,8,0.1,0,4.08,29,0.04,34,86.2,63.9,5.8,34,2024,O3,0,healthy
7/3/2024,Monroe,0.25,3,11.4,10,0.1,0,7.7,46,,,89.5,67.6,8,46,2024,PM2.5,0,healthy
7/4/2024,Monroe,0.25,3,10.9,9,,,9.3,51,,,88.3,68.9,12.7,51,2024,PM2.5,1,unhealthy
7/5/2024,Monroe,0.25,3,13.6,12,,,11.3,56,,,85.8,76,10.2,56,2024,PM2.5,1,unhealthy
7/6/2024,Monroe,0.2,2,5.6,5,,,6.6,37,,,83.9,73.2,11.3,37,2024,PM2.5,0,healthy
7/7/2024,Monroe,0.2,2,10.6,9,0.5,0,6.2,39,,,82.1,79,14.9,39,2024,PM2.5,0,healthy
7/8/2024,Monroe,0.2,2,11.3,10,0.4,0,8.15,52,,,83.5,78.5,10.2,52,2024,PM2.5,1,unhealthy
7/9/2024,Monroe,0.3,5,12.6,11,0,0,9.85,55,0.05,49,81.1,71,20.7,55,2024,PM2.5,1,unhealthy
7/10/2024,Monroe,0.25,3,12.3,11,0,0,7.85,49,0.04,34,82.5,71.3,5.8,49,2024,PM2.5,0,healthy
7/11/2024,Monroe,0.2,2,13.3,12,0,0,2.65,20,0.03,30,84.3,67.7,9.1,30,2024,O3,0,healthy
7/12/2024,Monroe,0.25,3,10.4,9,0.2,0,6.7,44,0.04,34,83.1,66,4.7,44,2024,PM2.5,0,healthy
7/13/2024,Monroe,0.3,3,14,13,0,0,8.55,53,0.05,45,83.7,73.4,11.3,53,2024,PM2.5,1,unhealthy
7/14/2024,Monroe,0.3,3,6.5,6,0,0,9.05,54,0.05,49,82.5,76.9,11.3,54,2024,PM2.5,1,unhealthy
7/15/2024,Monroe,0.25,3,10.6,9,0,0,7.45,47,0.04,42,85.9,71.8,10.3,47,2024,PM2.5,0,healthy
7/16/2024,Monroe,0.2,2,11.2,10,0,0,5.45,35,0.05,45,86.2,67.1,12.7,45,2024,O3,0,healthy
7/17/2024,Monroe,0.3,5,20,19,0,0,8.3,53,0.04,33,86,68.8,17.2,53,2024,PM2.5,1,unhealthy
7/18/2024,Monroe,0.25,3,14.8,13,0,0,5.15,34,0.03,31,80.3,78.5,8,34,2024,PM2.5,0,healthy
7/19/2024,Monroe,0.2,2,14.9,13,0,0,4.95,33,0.03,31,77.4,83.1,11.9,33,2024,PM2.5,0,healthy
7/20/2024,Monroe,0.3,3,15.4,14,0.2,0,6.45,42,0.05,44,80.4,70.6,9.2,44,2024,O3,0,healthy
7/21/2024,Monroe,0.3,3,12,11,0.1,0,8.05,52,0.05,49,82.4,68.9,6.9,52,2024,PM2.5,1,unhealthy
7/22/2024,Monroe,0.3,3,10.2,9,0,0,9.35,55,0.05,48,80,81.7,11.3,55,2024,PM2.5,1,unhealthy
7/23/2024,Monroe,0.25,3,11.4,10,0,0,7.7,49,0.04,35,77.8,88.2,8,49,2024,PM2.5,0,healthy
7/24/2024,Monroe,0.3,3,11.2,10,0,0,11.45,58,0.05,46,76.6,90.4,8,58,2024,PM2.5,1,unhealthy
7/25/2024,Monroe,0.2,2,12.8,11,0,0,4.7,32,0.03,29,77,86.5,12.7,32,2024,PM2.5,0,healthy
7/26/2024,Monroe,0.3,3,11.5,10,0,0,5.6,38,0.03,29,75,88.4,9.1,38,2024,PM2.5,0,healthy
7/27/2024,Monroe,0.3,3,11.4,10,0.2,0,7.95,51,0.05,46,79.7,81.8,4.6,51,2024,PM2.5,1,unhealthy
7/28/2024,Monroe,0.3,3,10.3,9,0,0,14.2,64,0.04,40,82.9,81,13.8,64,2024,PM2.5,1,unhealthy
7/29/2024,Monroe,0.3,3,10.2,9,0,0,16.13,69,0.05,43,85.4,76.1,12.7,69,2024,PM2.5,1,unhealthy
7/30/2024,Monroe,0.3,3,11.4,10,0,0,8.8,53,0.04,39,86.2,73.3,12.7,53,2024,PM2.5,1,unhealthy
7/31/2024,Monroe,0.25,3,10,9,0,0,8,50,0.05,47,86.7,72.7,11.4,50,2024,PM2.5,0,healthy
8/1/2024,Monroe,0.4,5,12.3,11,0,0,14.88,66,0.05,45,85.6,69,9.1,66,2024,PM2.5,1,unhealthy
8/2/2024,Monroe,0.4,5,12.5,11,0,0,10.7,56,0.05,44,85.6,72.7,12.7,56,2024,PM2.5,1,unhealthy
8/3/2024,Monroe,0.3,3,10.2,9,0,0,8.85,52,0.04,39,87.8,66.7,8,52,2024,PM2.5,1,unhealthy
8/4/2024,Monroe,0.3,3,9,8,0.1,0,11.8,61,0.04,41,85,65.9,11.3,61,2024,PM2.5,1,unhealthy
8/5/2024,Monroe,0.3,3,11.6,10,0,0,15.15,66,0.04,41,87,64.6,6.9,66,2024,PM2.5,1,unhealthy
8/6/2024,Monroe,0.25,3,9.2,8,0,0,5.35,36,0.02,22,87.3,65.7,6.9,36,2024,PM2.5,0,healthy
8/7/2024,Monroe,0.2,2,10.8,9,0.1,0,5.03,37,0.03,31,87.1,65.5,10.2,37,2024,PM2.5,0,healthy
8/8/2024,Monroe,0.2,2,8.1,8,0.1,0,2.9,21,0.02,23,82.7,65.4,14.9,23,2024,O3,0,healthy
8/9/2024,Monroe,0.2,2,9.1,8,0.1,0,4.3,29,0.03,29,83,65.1,11.4,29,2024,PM2.5,0,healthy
8/10/2024,Monroe,0.2,2,6,6,0.2,0,4.6,29,0.04,33,82,60.7,12.7,33,2024,O3,0,healthy
8/11/2024,Monroe,0.2,2,6.9,6,0.4,0,4.15,27,0.03,29,81.7,59.5,8,29,2024,O3,0,healthy
8/12/2024,Monroe,0.2,2,8.7,8,0.1,0,5.45,36,0.03,26,83.9,61.4,8,36,2024,PM2.5,0,healthy
8/13/2024,Monroe,0.25,3,12.9,11,0.2,0,9.25,54,0.02,20,86.8,64.2,5.8,54,2024,PM2.5,1,unhealthy
8/14/2024,Monroe,0.3,3,11.5,10,0.2,0,13.53,64,0.03,31,88,66.3,11.3,64,2024,PM2.5,1,unhealthy
8/15/2024,Monroe,0.4,5,14.8,13,0.4,0,16.1,68,0.05,50,88.8,63.7,11.3,68,2024,PM2.5,1,unhealthy
8/16/2024,Monroe,0.4,5,10.3,9,0,0,13.28,64,0.04,39,89.1,61.7,12.7,64,2024,PM2.5,1,unhealthy
8/17/2024,Monroe,0.25,3,9.7,8,0,0,8.8,53,0.04,35,87.7,66.1,11.4,53,2024,PM2.5,1,unhealthy
8/18/2024,Monroe,0.2,2,6.7,6,0,0,6.85,45,0.04,33,89,64.8,22.9,45,2024,PM2.5,0,healthy
8/19/2024,Monroe,0.2,2,4.5,4,1.1,1,2.33,19,,,80,78.8,10.2,19,2024,PM2.5,0,healthy
8/20/2024,Monroe,0.2,2,6.4,6,0,0,2.85,19,0.03,24,81.1,61.6,12.7,24,2024,O3,0,healthy
8/21/2024,Monroe,0.2,2,14.2,13,0.1,0,4.5,30,0.03,25,79.1,56.7,11.4,30,2024,PM2.5,0,healthy
8/22/2024,Monroe,0.2,2,13.2,12,0.2,0,5.5,38,0.04,32,79,56,8,38,2024,PM2.5,0,healthy
8/23/2024,Monroe,0.4,5,14.1,13,1.4,1,7.4,47,0.05,44,82,61.6,6.9,47,2024,PM2.5,0,healthy
8/24/2024,Monroe,0.35,5,12.9,11,0.2,0,9.3,54,0.06,61,83.9,59.7,10.3,61,2024,O3,1,unhealthy
8/25/2024,Monroe,0.35,5,13.5,12,0.4,0,11.8,58,0.07,87,82.1,58.3,6.9,87,2024,O3,1,unhealthy
8/26/2024,Monroe,0.4,5,18,17,0.6,0,13.4,63,0.07,90,83.6,62,8.1,90,2024,O3,1,unhealthy
8/27/2024,Monroe,0.4,5,11.2,10,0.2,0,13.65,63,0.06,61,82.9,65.2,6.9,63,2024,PM2.5,1,unhealthy
8/28/2024,Monroe,0.3,3,9.1,8,0,0,6.05,43,0.02,22,86.4,56.9,6.9,43,2024,PM2.5,0,healthy
8/29/2024,Monroe,0.2,2,9.8,8,0,0,4.3,29,0.03,25,80.6,77.9,8,29,2024,PM2.5,0,healthy
8/30/2024,Monroe,0.3,3,9.3,8,0,0,4.85,32,0.03,31,77.4,88.6,6.9,32,2024,PM2.5,0,healthy
8/31/2024,Monroe,0.25,3,7.8,7,0,0,5.65,39,0.04,35,77.8,91.3,11.3,39,2024,PM2.5,0,healthy
9/1/2024,Monroe,0.2,2,6.4,6,0.1,0,7,46,0.04,35,81.7,78,19.6,46,2024,PM2.5,0,healthy
9/2/2024,Monroe,0.2,2,10.2,9,0.1,0,4.05,26,0.03,30,82.4,71.4,16,30,2024,O3,0,healthy
9/3/2024,Monroe,0.35,5,14,13,0.2,0,4.7,31,0.03,30,83.9,59.3,16,31,2024,PM2.5,0,healthy
9/4/2024,Monroe,0.35,5,15.6,14,0.2,0,4.7,31,0.04,33,80.1,74.5,10.7,33,2024,O3,0,healthy
9/5/2024,Monroe,0.3,3,13.1,12,0.2,0,5.1,33,0.05,48,75.4,91,13.8,48,2024,O3,0,healthy
9/6/2024,Monroe,0.25,3,15.7,14,0.2,0,5.57,36,0.05,44,73.5,88.6,18.2,44,2024,O3,0,healthy
9/7/2024,Monroe,0.25,3,5.1,5,0,0,2,14,0.02,20,73.9,70.8,14.9,20,2024,O3,0,healthy
9/8/2024,Monroe,0.2,2,4.6,4,0.2,0,2.6,17,0.04,32,69.4,56.3,18.2,32,2024,O3,0,healthy
9/9/2024,Monroe,0.25,3,14.4,13,0.2,0,4.3,29,,,71.1,58,10.2,29,2024,PM2.5,0,healthy
9/10/2024,Monroe,0.3,3,13.6,12,0.1,0,4.9,33,0.04,34,75.9,69.8,11.4,34,2024,O3,0,healthy
9/11/2024,Monroe,0.3,3,13.5,12,0.1,0,5.05,33,0.04,36,73.9,89.4,10.2,36,2024,O3,0,healthy
9/12/2024,Monroe,0.4,5,21.3,20,0.1,0,6.55,53,0.05,48,71.7,90.2,13.4,53,2024,PM2.5,1,unhealthy
9/13/2024,Monroe,0.4,5,17.4,16,0.5,0,10.4,57,0.06,51,75.2,77,12.7,57,2024,PM2.5,1,unhealthy
9/14/2024,Monroe,0.45,6,13.6,12,0,0,10.95,58,0.05,46,74.6,79.3,12.7,58,2024,PM2.5,1,unhealthy
9/15/2024,Monroe,0.4,5,12.5,11,0,0,11,58,0.05,45,73.8,85.6,6.9,58,2024,PM2.5,1,unhealthy
9/16/2024,Monroe,0.4,5,18.3,17,0,0,9,54,0.05,44,75.2,86.5,6.9,54,2024,PM2.5,1,unhealthy
9/17/2024,Monroe,0.4,6,23.8,22,0.1,0,7.9,51,0.05,47,77.4,80.7,9.1,51,2024,PM2.5,1,unhealthy
9/18/2024,Monroe,0.35,5,15.3,14,0.1,0,7.92,52,0.05,44,79,77.6,9.1,52,2024,PM2.5,1,unhealthy
9/19/2024,Monroe,0.4,5,22.4,21,0.1,0,10.1,56,0.04,38,80.4,74.7,6.9,56,2024,PM2.5,1,unhealthy
9/20/2024,Monroe,0.5,6,13.2,12,0,0,12.45,61,0.04,40,80.7,73.9,4.7,61,2024,PM2.5,1,unhealthy
9/21/2024,Monroe,0.35,5,16.4,15,0,0,11.95,61,0.04,39,80.6,73.3,8,61,2024,PM2.5,1,unhealthy
9/22/2024,Monroe,0.35,5,6.8,6,0,0,7.3,48,0.04,40,80.5,72.2,10.2,48,2024,PM2.5,0,healthy
9/23/2024,Monroe,0.25,3,10.5,9,0,0,5.35,38,0.02,18,80.2,74.7,10.2,38,2024,PM2.5,0,healthy
9/24/2024,Monroe,0.2,2,9.4,8,0,0,3.1,23,0.02,22,79.9,77.1,10.3,23,2024,PM2.5,0,healthy
9/25/2024,Monroe,0.25,3,8.8,8,0.1,0,2.05,14,0.02,23,75.3,73.4,10.2,23,2024,O3,0,healthy
9/26/2024,Monroe,0.5,6,19.3,18,0,0,3.45,23,0.03,24,73.2,65.8,16,24,2024,O3,0,healthy
9/27/2024,Monroe,0.5,6,13.3,12,0.1,0,4.78,30,0.03,31,74.4,57.5,19.6,31,2024,O3,0,healthy
9/28/2024,Monroe,0.25,3,11.3,10,0.1,0,4.6,29,0.02,23,76.4,59.2,12.7,29,2024,PM2.5,0,healthy
9/29/2024,Monroe,0.25,3,8.1,8,0,0,3.05,19,0.02,23,75.8,70.1,11.4,23,2024,O3,0,healthy
9/30/2024,Monroe,0.3,3,12.9,11,0,0,6.3,39,0.03,25,76,74.5,8,39,2024,PM2.5,0,healthy
10/1/2024,Monroe,0.3,3,8.4,8,0,0,4.65,29,0.03,31,78.1,73.2,10.3,31,2024,O3,0,healthy
10/2/2024,Monroe,0.3,3,12.6,11,0.1,0,3.1,19,0.03,31,72.8,63.5,9.1,31,2024,O3,0,healthy
10/3/2024,Monroe,0.45,6,18.1,17,0.1,0,4.55,27,0.04,33,71.5,67.7,4.7,33,2024,O3,0,healthy
10/4/2024,Monroe,0.4,5,12.1,11,0.6,0,5.45,33,0.04,40,77.9,67.6,13.8,40,2024,O3,0,healthy
10/5/2024,Monroe,0.35,5,13.3,12,0.1,0,4.9,28,0.03,29,77.7,70.6,8,29,2024,O3,0,healthy
10/6/2024,Monroe,0.4,5,7.7,7,0.4,0,7.38,54,0.05,44,78.1,67.6,13.8,54,2024,PM2.5,1,unhealthy
10/7/2024,Monroe,0.2,2,15.1,14,0.1,0,5.85,34,0.03,28,75.1,60.4,12.7,34,2024,PM2.5,0,healthy
10/8/2024,Monroe,0.25,3,16.5,15,0.4,0,3.05,18,0.03,27,67.3,52.5,13.8,27,2024,O3,0,healthy
10/9/2024,Monroe,0.2,2,11.1,10,0.3,0,1.8,16,0.03,26,67.9,55.8,11.4,26,2024,O3,0,healthy
10/10/2024,Monroe,0.25,3,13.6,12,0.3,0,1.65,11,0.02,18,69,55.6,10.3,18,2024,O3,0,healthy
10/11/2024,Monroe,0.25,3,10.1,9,1.2,1,3.75,22,0.04,42,69,63.8,6.9,42,2024,O3,0,healthy
10/12/2024,Monroe,0.4,5,20.2,19,0.5,0,3.3,27,0.03,27,70.3,66,8,27,2024,PM2.5,0,healthy
10/13/2024,Monroe,0.4,5,7.7,7,0.1,0,2.45,16,0.03,25,74.9,67.1,16.1,25,2024,O3,0,healthy
10/14/2024,Monroe,0.25,3,15.8,14,0.1,0,1.75,11,0.02,19,69.6,49.7,17.2,19,2024,O3,0,healthy
10/15/2024,Monroe,0.25,3,16.7,15,0.1,0,1.3,9,0.03,24,65.9,45.3,26.3,24,2024,O3,0,healthy
10/16/2024,Monroe,0.2,2,15.4,14,0,0,1.65,10,0.03,26,55.6,46.5,17.2,26,2024,O3,0,healthy
10/17/2024,Monroe,0.4,5,18.8,17,0.1,0,3.7,22,0.02,22,54.4,55.2,6.9,22,2024,PM2.5,0,healthy
10/18/2024,Monroe,0.45,6,24.8,23,0.5,0,6.82,42,0.04,33,56.4,59.7,8,42,2024,PM2.5,0,healthy
10/19/2024,Monroe,0.5,6,23.1,22,0.2,0,6.95,39,0.04,38,59.4,62.7,9.1,39,2024,PM2.5,0,healthy
10/20/2024,Monroe,0.4,5,12.1,11,0.8,0,5,28,0.05,50,62.7,60,10.3,50,2024,O3,0,healthy
10/21/2024,Monroe,0.25,3,12.9,11,0.5,0,7.97,47,0.06,54,61.7,64,5.8,54,2024,O3,1,unhealthy
10/22/2024,Monroe,0.5,6,30.6,28,0.5,0,11.85,57,0.06,58,63.2,64.1,6.9,58,2024,O3,1,unhealthy
10/23/2024,Monroe,0.55,7,11,10,0.4,0,8.35,49,0.05,48,66.4,68.7,5.8,49,2024,PM2.5,0,healthy
10/24/2024,Monroe,0.35,5,18.4,17,0.1,0,2.08,16,0.03,25,69.2,64.6,12.7,25,2024,O3,0,healthy
10/25/2024,Monroe,0.35,5,17.9,16,0.1,0,4.65,27,0.03,26,67.4,75.7,9.1,27,2024,PM2.5,0,healthy
10/26/2024,Monroe,0.3,3,10.7,9,0,0,2.6,16,0.03,31,69.9,74.5,5.8,31,2024,O3,0,healthy
10/27/2024,Monroe,0.3,3,11.6,10,0.2,0,3.95,39,0.03,27,70.6,74.3,8,39,2024,PM2.5,0,healthy
10/28/2024,Monroe,0.3,3,15.3,14,0.1,0,3.85,23,0.03,28,71.4,67.4,18.3,28,2024,O3,0,healthy
10/29/2024,Monroe,0.35,5,22.4,21,0.2,0,7.45,45,0.03,25,74.2,65.4,14.9,45,2024,PM2.5,0,healthy
10/30/2024,Monroe,0.5,6,19.7,18,0.2,0,12.72,60,0.04,39,76.4,69.1,11.4,60,2024,PM2.5,1,unhealthy
10/31/2024,Monroe,0.4,5,12.1,11,0.4,0,6.6,39,0.04,36,73.1,84.9,12.7,39,2024,PM2.5,0,healthy
11/1/2024,Monroe,0.2,2,7.1,7,0.1,0,2.6,15,0.02,21,69.5,88.5,11.4,21,2024,O3,0,healthy
11/2/2024,Monroe,0.3,3,17.7,16,0.1,0,3.05,19,0.03,25,74.8,77,8,25,2024,O3,0,healthy
11/3/2024,Monroe,0.3,3,15,14,0.1,0,4.75,27,0.03,30,74.9,77.1,11.4,30,2024,O3,0,healthy
11/4/2024,Monroe,0.25,3,11,10,0.3,0,4.5,26,0.04,32,79.2,70.8,17.2,32,2024,O3,0,healthy
11/5/2024,Monroe,0.35,5,14.4,13,0.2,0,3.85,24,0.04,34,74.9,84.9,10.2,34,2024,O3,0,healthy
11/6/2024,Monroe,0.25,3,13.7,12,0.1,0,4.15,24,0.03,27,70.2,88.6,10.9,27,2024,O3,0,healthy
11/7/2024,Monroe,0.25,3,15.4,14,0.1,0,3,18,0.03,30,70.2,92.2,12.7,30,2024,O3,0,healthy
11/8/2024,Monroe,0.25,3,9.9,8,0.2,0,3.3,23,0.03,28,68.3,91.8,11.8,28,2024,O3,0,healthy
11/9/2024,Monroe,0.25,3,17,16,0.2,0,2.15,13,0.02,23,69.9,91,11.3,23,2024,O3,0,healthy
11/10/2024,Monroe,0.25,3,12,11,0.2,0,4.2,26,0.03,26,71.4,87.3,10.2,26,2024,PM2.5,0,healthy
11/11/2024,Monroe,0.25,3,10.5,9,0.2,0,2.85,18,0.02,20,67.8,73.8,8,20,2024,O3,0,healthy
11/12/2024,Monroe,0.2,2,14.5,13,0.1,0,1,6,0.03,30,62.7,74.4,10.2,30,2024,O3,0,healthy
11/13/2024,Monroe,0.25,3,15.1,14,0.4,0,2.1,13,0.03,28,65.2,91.1,6.9,28,2024,O3,0,healthy
11/14/2024,Monroe,0.25,3,13.5,12,0.2,0,4.05,24,0.03,28,60.1,68.6,11.4,28,2024,O3,0,healthy
11/15/2024,Monroe,0.25,3,17.5,16,0.2,0,6.5,38,0.03,25,55.9,77.2,8,38,2024,PM2.5,0,healthy
11/16/2024,Monroe,0.25,3,11.2,10,0.2,0,4.9,28,0.03,31,57.3,77.9,5.8,31,2024,O3,0,healthy
11/17/2024,Monroe,0.35,5,17.9,16,0.2,0,9.18,52,0.03,25,68.3,77.8,12.7,52,2024,PM2.5,1,unhealthy
11/18/2024,Monroe,0.35,5,18.6,17,0.2,0,8.6,51,0.03,25,70.8,81.4,14.9,51,2024,PM2.5,1,unhealthy
11/19/2024,Monroe,0.35,5,20.8,19,0.2,0,7.4,43,0.02,14,65.6,80.9,4.6,43,2024,PM2.5,0,healthy
11/20/2024,Monroe,0.35,5,15.6,14,0.1,0,6.22,41,0.03,26,57.1,57.9,21.8,41,2024,PM2.5,0,healthy
11/21/2024,Monroe,0.25,3,15.7,14,0.1,0,3.4,20,0.02,23,53.6,48,18.3,23,2024,O3,0,healthy
11/22/2024,Monroe,0.35,5,21.8,20,0.2,0,1.55,9,0.02,23,48.9,63.6,9.1,23,2024,O3,0,healthy
11/23/2024,Monroe,0.35,5,22.4,21,0,0,2.22,16,0.02,19,49.7,73.5,4.7,21,2024,NO2,0,healthy
11/24/2024,Monroe,0.2,2,7.6,7,0.2,0,1.85,11,0.03,24,58.2,74.2,14.9,24,2024,O3,0,healthy
11/25/2024,Monroe,0.35,5,15.5,14,0.3,0,3.7,23,0.02,21,69.5,75,18.3,23,2024,PM2.5,0,healthy
11/26/2024,Monroe,0.25,3,10.6,9,0.3,0,4.38,29,0.02,19,53.2,71.8,14.9,29,2024,PM2.5,0,healthy
11/27/2024,Monroe,0.35,5,25.2,24,0.6,0,5.35,30,0.02,20,59.5,87.2,14.9,30,2024,PM2.5,0,healthy
11/28/2024,Monroe,0.4,6,19.7,18,0.2,0,4.25,25,0.03,27,56.1,65.9,14.9,27,2024,O3,0,healthy
11/29/2024,Monroe,0.2,2,7.5,7,0.2,0,2.15,15,0.03,25,43.1,64.6,14.9,25,2024,O3,0,healthy
11/30/2024,Monroe,0.2,2,6.3,6,0.2,0,4.9,28,0.03,25,41,67.4,8,28,2024,PM2.5,0,healthy
12/1/2024,Monroe,0.2,2,6.4,6,0.2,0,5.3,30,0.03,25,46.2,66.4,10.2,30,2024,PM2.5,0,healthy
12/2/2024,Monroe,0.25,3,21.5,20,0.4,0,4.47,32,0.02,16,45.4,70.2,8,32,2024,PM2.5,0,healthy
12/3/2024,Monroe,0.35,5,28.6,26,0.2,0,4.95,31,0.04,32,40.9,67.3,13.7,32,2024,O3,0,healthy
12/4/2024,Monroe,0.3,3,9.4,8,0.5,0,8.05,51,0.03,25,44.6,84.5,9.1,51,2024,PM2.5,1,unhealthy
12/5/2024,Monroe,0.2,2,13.5,12,0.2,0,3.38,28,0.03,30,50.9,64.7,14.9,30,2024,O3,0,healthy
12/6/2024,Monroe,0.25,3,15.2,14,0.4,0,3.15,22,0.03,29,36.7,51,14.9,29,2024,O3,0,healthy
12/7/2024,Monroe,0.25,3,7.9,7,0.5,0,7.8,47,0.03,24,44.1,60.9,5.8,47,2024,PM2.5,0,healthy
12/8/2024,Monroe,0.2,2,13.6,12,0.7,0,5.18,36,0.02,20,56.1,85.6,9.2,36,2024,PM2.5,0,healthy
12/9/2024,Monroe,0.3,3,,,0.1,0,6.3,39,0.02,14,66,88.3,12.7,39,2024,PM2.5,0,healthy
12/10/2024,Monroe,0.3,3,,,0.1,0,8.15,49,0.02,14,58.6,80.4,21.8,49,2024,PM2.5,0,healthy
12/11/2024,Monroe,0.3,3,,,0.3,0,6.48,47,0.03,24,46.3,56.5,17.2,47,2024,PM2.5,0,healthy
12/12/2024,Monroe,0.2,2,8.6,8,0.2,0,4.95,33,0.03,26,44.8,65.6,9.2,33,2024,PM2.5,0,healthy
12/13/2024,Monroe,0.2,2,17.5,16,0.4,0,6.3,44,0.03,26,51.3,67.4,5.8,44,2024,PM2.5,0,healthy
12/14/2024,Monroe,0.2,2,15.4,14,0.3,0,7.07,48,0.03,27,61.8,77.2,13.8,48,2024,PM2.5,0,healthy
12/15/2024,Monroe,0.2,2,10.2,9,0.4,0,9.15,53,0.03,24,68.4,83,14.1,53,2024,PM2.5,1,unhealthy
12/16/2024,Monroe,0.2,2,17.5,16,0.2,0,2.3,16,0.03,27,70,82.7,13.8,27,2024,O3,0,healthy
12/17/2024,Monroe,0.2,2,9.3,8,0.1,0,6.87,42,0.02,22,68.8,85.2,11.4,42,2024,PM2.5,0,healthy
12/18/2024,Monroe,0.3,3,16.6,15,0.3,0,10.15,54,0.02,19,61.7,84.6,14.9,54,2024,PM2.5,1,unhealthy
12/19/2024,Monroe,0.25,3,15.1,14,0.2,0,3.05,18,0.03,25,48.5,72.7,9.1,25,2024,O3,0,healthy
12/20/2024,Monroe,0.25,3,10.1,9,0.3,0,4.22,34,0.03,30,47.8,65.6,16.1,34,2024,PM2.5,0,healthy
12/21/2024,Monroe,0.2,2,11,10,0.2,0,2.15,13,0.03,31,38.5,70,12.7,31,2024,O3,0,healthy
12/22/2024,Monroe,0.4,5,31.9,29,0.4,0,6.4,36,0.03,29,40.8,71.5,4.7,36,2024,PM2.5,0,healthy
12/23/2024,Monroe,0.45,6,29.8,27,0.5,0,8.18,58,0.03,27,51,54.2,9.1,58,2024,PM2.5,1,unhealthy
12/24/2024,Monroe,0.3,3,22.6,21,0.4,0,10,55,0.03,24,59.9,66.4,8,55,2024,PM2.5,1,unhealthy
12/25/2024,Monroe,0.3,3,10.4,9,0.3,0,9.3,53,0.03,26,60.5,86.8,9.1,53,2024,PM2.5,1,unhealthy
12/26/2024,Monroe,0.3,5,17.2,16,0.4,0,9.62,57,0.03,26,59.6,91.7,16.7,57,2024,PM2.5,1,unhealthy
12/27/2024,Monroe,0.35,5,21.5,20,0.3,0,15.55,66,0.02,21,61.5,78.6,13.8,66,2024,PM2.5,1,unhealthy
12/28/2024,Monroe,0.35,5,13.2,12,0.2,0,11.95,57,0.02,23,61.9,91.7,17.2,57,2024,PM2.5,1,unhealthy
12/29/2024,Monroe,0.4,5,18.4,17,0.1,0,4.05,28,0.04,34,55.6,85.2,12.7,34,2024,O3,0,healthy
12/30/2024,Monroe,0.25,3,5.4,5,0.1,0,1.45,10,0.03,27,59.6,80,18.3,27,2024,O3,0,healthy
12/31/2024,Monroe,0.35,5,23.2,22,0.3,0,7.8,47,,,55.6,63.1,13.8,47,2024,PM2.5,0,healthy
1/1/2024,Queens,0.35,5,24.4,23,0.7,0,10.3,58,0.02,17,42.2,62.9,11,58,2024,PM2.5,1,unhealthy
1/2/2024,Queens,0.35,5,31.8,30,0.8,0,7.3,51,0.02,19,36.4,55.2,9.8,51,2024,PM2.5,1,unhealthy
1/3/2024,Queens,0.35,5,30.2,29,0.5,0,8.75,53,0.02,18,38.9,57.3,11.7,53,2024,PM2.5,1,unhealthy
1/4/2024,Queens,0.35,5,28.9,28,3.3,4,7.65,52,0.03,27,38.9,52.7,25.1,52,2024,PM2.5,1,unhealthy
1/5/2024,Queens,0.3,3,32.15,32,0.5,0,7.45,50,0.03,27,32.3,48.4,22.4,50,2024,PM2.5,0,healthy
1/6/2024,Queens,0.75,10,46.1,43,1.3,1,11.35,58,0.03,30,34.4,67.7,24.4,58,2024,PM2.5,1,unhealthy
1/7/2024,Queens,0.35,5,18.1,18,0.3,0,4.03,47,0.02,23,37,82.9,21.5,47,2024,PM2.5,0,healthy
1/8/2024,Queens,0.6,8,43.6,41,1.3,1,7.85,52,,,39.6,54,19,52,2024,PM2.5,1,unhealthy
1/9/2024,Queens,1,13,47.5,45,1.2,1,7.7,47,0.04,34,42.8,76.3,36.2,47,2024,PM2.5,0,healthy
1/10/2024,Queens,0.2,2,14,13,0.5,0,4.38,49,0.03,24,49.7,60.1,26.4,49,2024,PM2.5,0,healthy
1/11/2024,Queens,0.3,3,26.05,25,1.4,1,7.5,53,0.02,21,44,49.3,18.3,53,2024,PM2.5,1,unhealthy
1/12/2024,Queens,0.35,5,32.25,31,1.3,1,7.7,51,0.04,34,44.4,59,19.3,51,2024,PM2.5,1,unhealthy
1/13/2024,Queens,0.25,3,12.05,12,0.3,0,4.32,43,0.03,27,48.7,68.1,27.6,43,2024,PM2.5,0,healthy
1/14/2024,Queens,0.25,3,13.9,13,0.6,0,6.7,51,0.03,28,35.2,42.5,32.1,51,2024,PM2.5,1,unhealthy
1/15/2024,Queens,0.3,3,33.35,32,2.2,3,7.85,52,0.02,15,26.8,42.7,13.6,52,2024,PM2.5,1,unhealthy
1/16/2024,Queens,0.35,5,33.95,33,1,1,9.35,53,0.03,25,27.9,79.4,22.5,53,2024,PM2.5,1,unhealthy
1/17/2024,Queens,0.25,3,21.25,20,1.6,1,8.2,53,0.03,28,21.9,46.9,20,53,2024,PM2.5,1,unhealthy
1/18/2024,Queens,0.45,6,47.55,46,5.1,7,10.3,55,0.02,15,28.2,42.7,14.8,55,2024,PM2.5,1,unhealthy
1/19/2024,Queens,0.5,6,48.05,46,1.4,1,11.12,57,0.03,25,29.5,64.6,13.6,57,2024,PM2.5,1,unhealthy
1/20/2024,Queens,0.3,3,13.05,14,0.3,0,5.83,46,0.03,29,21.9,52.5,24.7,46,2024,PM2.5,0,healthy
1/21/2024,Queens,0.25,3,13.85,13,0.5,0,5.07,47,0.03,31,25.2,48.9,22.5,47,2024,PM2.5,0,healthy
1/22/2024,Queens,0.35,5,39.8,38,2.5,3,8.5,53,0.02,18,30.8,48.9,16.3,53,2024,PM2.5,1,unhealthy
1/23/2024,Queens,0.65,8,44.2,42,4.3,6,16.9,73,0.01,7,37.5,58.5,11.6,73,2024,PM2.5,1,unhealthy
1/24/2024,Queens,0.65,8,42.5,41,0.6,0,15.67,73,0.01,7,40.2,85.9,9.6,73,2024,PM2.5,1,unhealthy
1/25/2024,Queens,0.6,8,36.4,35,1.9,1,13.16,68,0.02,17,50.7,90.4,11.8,68,2024,PM2.5,1,unhealthy
1/26/2024,Queens,0.5,7,29.7,28,0.2,0,7,42,0.02,19,42.5,90.8,14.9,42,2024,PM2.5,0,healthy
1/27/2024,Queens,0.5,6,28.45,27,0.3,0,8.57,52,0.02,15,43.5,82.6,7.6,52,2024,PM2.5,1,unhealthy
1/28/2024,Queens,0.35,5,12.3,11,0.5,0,2.72,19,0.02,23,39.4,87.3,22,23,2024,O3,0,healthy
1/29/2024,Queens,0.3,3,18.2,20,0.4,0,5.13,41,0.02,21,37.4,74.3,18.4,41,2024,PM2.5,0,healthy
1/30/2024,Queens,0.35,5,21.55,25,0.4,0,4.93,33,0.03,28,36.1,63.3,12.6,33,2024,PM2.5,0,healthy
1/31/2024,Queens,0.3,3,36.55,35,0.4,0,4.3,33,0.03,26,36.9,71,10.7,35,2024,NO2,0,healthy
2/1/2024,Queens,0.6,7,35.75,34,1.9,1,13.77,68,0.01,10,41.2,69,10.7,68,2024,PM2.5,1,unhealthy
2/2/2024,Queens,0.5,6,30.05,28,0.5,0,12.4,64,0.02,14,41.6,76.4,13.3,64,2024,PM2.5,1,unhealthy
2/3/2024,Queens,0.35,5,15.45,17,0.3,0,4.42,33,0.03,25,37.2,52.6,16.8,33,2024,PM2.5,0,healthy
2/4/2024,Queens,0.4,6,28.5,29,0.6,0,5.5,35,0.03,31,37.6,49,12.8,35,2024,PM2.5,0,healthy
2/5/2024,Queens,0.4,6,27.7,28,0.7,0,4.7,33,0.04,33,37.1,42.1,19,33,2024,PM2.5,0,healthy
2/6/2024,Queens,0.4,6,29.85,30,0.7,0,4.55,38,0.03,31,34.9,44.7,15,38,2024,PM2.5,0,healthy
2/7/2024,Queens,0.55,7,44.25,42,0.7,0,6.53,45,0.03,30,39.4,50.2,11.8,45,2024,PM2.5,0,healthy
2/8/2024,Queens,0.9,11,47.85,47,1.2,1,12.7,64,0.02,18,42.3,57,8.9,64,2024,PM2.5,1,unhealthy
2/9/2024,Queens,0.4,5,47.8,45,0.7,0,8.8,55,0.04,33,45.2,72.2,13.8,55,2024,PM2.5,1,unhealthy
2/10/2024,Queens,0.7,9,42.85,41,0.9,0,26.07,97,0.02,14,49.5,70,10.4,97,2024,PM2.5,1,unhealthy
2/11/2024,Queens,0.7,8,35.45,33,0.4,0,10.03,56,0.02,20,46.9,58,12.3,56,2024,PM2.5,1,unhealthy
2/12/2024,Queens,0.35,5,30.8,29,0.9,0,7.75,53,0.02,19,41.5,59.6,9.5,53,2024,PM2.5,1,unhealthy
2/13/2024,Queens,0.35,5,24,25,0.3,0,6.2,36,0.03,26,36.4,73.1,18.3,36,2024,PM2.5,0,healthy
2/14/2024,Queens,0.25,3,14.3,15,0.2,0,4.33,33,0.04,34,33.3,43.7,24.8,34,2024,O3,0,healthy
2/15/2024,Queens,0.3,3,25.75,28,0.9,0,5.34,38,0.03,25,32.7,50.4,18.6,38,2024,PM2.5,0,healthy
2/16/2024,Queens,0.35,5,30.7,32,0.2,0,4.67,27,0.03,31,38.7,41.7,24.2,32,2024,NO2,0,healthy
2/17/2024,Queens,0.35,5,23.75,24,0.1,0,6.9,43,0.03,29,32.1,65.4,17.9,43,2024,PM2.5,0,healthy
2/18/2024,Queens,0.3,3,35.75,34,0.4,0,6.3,47,0.04,36,33.1,44.3,21.3,47,2024,PM2.5,0,healthy
2/19/2024,Queens,0.35,5,25.65,25,0.5,0,5.83,41,0.04,34,36.4,38.2,18.9,41,2024,PM2.5,0,healthy
2/20/2024,Queens,0.35,5,35.2,40,0.2,0,4.23,28,0.03,31,31.5,40.6,12.2,40,2024,NO2,0,healthy
2/21/2024,Queens,0.5,7,45.55,43,0.8,0,4.75,29,0.04,35,34.3,60.6,11.6,43,2024,NO2,0,healthy
2/22/2024,Queens,0.25,3,23.6,23,0,0,4.83,33,0.04,35,38.6,68.8,14.6,35,2024,O3,0,healthy
2/23/2024,Queens,0.6,8,41.5,40,1.1,1,12.37,63,0.02,14,43.8,80.1,8.9,63,2024,PM2.5,1,unhealthy
2/24/2024,Queens,0.55,7,26.5,25,0,0,7.6,52,0.04,33,40,48.9,17.6,52,2024,PM2.5,1,unhealthy
2/25/2024,Queens,0.3,3,22.7,22,0.2,0,4.33,27,0.03,27,31,44.1,13.8,27,2024,PM2.5,0,healthy
2/26/2024,Queens,0.45,6,41.6,39,1.4,1,8.5,52,0.02,20,41.9,61.1,11.5,52,2024,PM2.5,1,unhealthy
2/27/2024,Queens,0.75,10,39.55,38,0.2,0,13.52,66,0.04,36,45,82.4,16.7,66,2024,PM2.5,1,unhealthy
2/28/2024,Queens,0.3,3,17.25,16,0,0,15.27,67,0.03,31,51.2,86.6,28.6,67,2024,PM2.5,1,unhealthy
2/29/2024,Queens,0.2,2,20.3,20,0,0,3.8,34,0.04,33,36.7,36.5,32.4,34,2024,PM2.5,0,healthy
3/1/2024,Queens,0.3,3,26.1,29,0.4,0,5.32,37,0.04,33,37.1,47,16.9,37,2024,PM2.5,0,healthy
3/2/2024,Queens,0.3,3,36.65,36,0,0,5.1,33,0.04,34,45.7,85.8,18.1,36,2024,NO2,0,healthy
3/3/2024,Queens,0.3,3,42.05,41,0,0,4.63,34,0.04,34,55,68.2,12.3,41,2024,NO2,0,healthy
3/4/2024,Queens,0.3,3,21.95,25,0,0,4.74,31,0.04,32,49.7,75.7,14,32,2024,O3,0,healthy
3/5/2024,Queens,0.4,5,36.15,34,0.1,0,4.73,30,,,44.2,89.1,19.3,34,2024,NO2,0,healthy
3/6/2024,Queens,0.4,5,26.5,25,0.6,0,9.73,60,0.01,9,47.8,87.8,17.6,60,2024,PM2.5,1,unhealthy
3/7/2024,Queens,0.3,3,22.55,22,0.2,0,2.96,21,0.02,22,49.6,76.6,17.4,22,2024,NO2,0,healthy
3/8/2024,Queens,0.2,2,26.8,27,0.4,0,3.63,21,0.04,34,45.5,55.7,14.8,34,2024,O3,0,healthy
3/9/2024,Queens,0.2,2,13.2,15,0.1,0,4.6,34,0.04,35,43.2,77.6,25.7,35,2024,O3,0,healthy
3/10/2024,Queens,0.2,2,19.55,21,0.1,0,2.3,18,,,44.8,67.2,25.9,21,2024,NO2,0,healthy
3/11/2024,Queens,0.2,2,10.5,9,0.3,0,2.7,22,,,43.5,38.7,34.6,22,2024,PM2.5,0,healthy
3/12/2024,Queens,0.4,5,52.5,51,5.1,7,6.73,46,0.04,42,53.7,31.8,24.2,51,2024,NO2,1,unhealthy
3/13/2024,Queens,0.8,9,54.2,53,2,3,10.42,57,0.04,41,52,49.3,12.9,57,2024,PM2.5,1,unhealthy
3/14/2024,Queens,0.5,6,44.2,44,2.6,3,17.57,76,0.04,32,53.8,61.7,12.9,76,2024,PM2.5,1,unhealthy
3/15/2024,Queens,0.4,5,44.5,43,2.1,3,10.33,57,0.04,38,59.6,55.1,18.8,57,2024,PM2.5,1,unhealthy
3/16/2024,Queens,0.3,3,42.4,42,0.8,0,6.42,48,0.04,36,51.6,58.6,17.5,48,2024,PM2.5,0,healthy
3/17/2024,Queens,0.3,3,20,20,0.3,0,5.27,31,0.04,37,54.6,47.1,22.3,37,2024,O3,0,healthy
3/18/2024,Queens,0.2,2,16.5,21,0.2,0,3.1,18,0.04,33,46.1,38.4,19.2,33,2024,O3,0,healthy
3/19/2024,Queens,0.2,2,23.15,23,0.2,0,3.7,28,0.04,35,40.6,42.9,19.9,35,2024,O3,0,healthy
3/20/2024,Queens,0.3,3,29,28,2.9,3,7.07,47,0.03,31,45.1,53.3,22.1,47,2024,PM2.5,0,healthy
3/21/2024,Queens,0.2,2,14.1,16,0.3,0,3.1,25,0.04,35,35.9,32.9,22.8,35,2024,O3,0,healthy
3/22/2024,Queens,0.3,3,25.85,27,0.8,0,4.66,36,0.03,31,35.5,43.4,17.9,36,2024,PM2.5,0,healthy
3/23/2024,Queens,0.3,3,32.65,33,0.2,0,4.9,33,0.04,33,43.1,82.9,25.1,33,2024,NO2,0,healthy
3/24/2024,Queens,0.2,2,10.55,12,0.3,0,3.93,24,0.04,36,38.3,40.6,18.7,36,2024,O3,0,healthy
3/25/2024,Queens,0.2,2,17.95,21,0.2,0,4.66,28,0.04,36,42.1,46.5,19.6,36,2024,O3,0,healthy
3/26/2024,Queens,0.3,3,21.15,21,,,5.4,36,0.03,31,44.2,56.4,17.7,36,2024,PM2.5,0,healthy
3/27/2024,Queens,0.8,9,40.45,40,,,15.07,71,0.01,13,45.4,76.4,13.5,71,2024,PM2.5,1,unhealthy
3/28/2024,Queens,0.8,9,39.2,38,,,10.38,62,0.03,31,47.7,85.3,14,62,2024,PM2.5,1,unhealthy
3/29/2024,Queens,0.3,3,18.95,20,,,5.3,36,0.05,43,46.8,41.1,28.9,43,2024,O3,0,healthy
3/30/2024,Queens,0.3,3,15.5,15,0.4,0,4.93,31,0.05,43,49.7,41.4,18.6,43,2024,O3,0,healthy
3/31/2024,Queens,0.3,3,22.7,24,0.5,0,5.46,38,0.05,44,53.8,51.3,15.6,44,2024,O3,0,healthy
4/1/2024,Queens,0.5,6,47.65,46,0.6,0,8.33,52,0.03,27,50.2,58.2,9.5,52,2024,PM2.5,1,unhealthy
4/2/2024,Queens,0.5,6,41.1,40,0.5,0,10.83,61,0.04,37,46.3,82.9,14.1,61,2024,PM2.5,1,unhealthy
4/3/2024,Queens,0.3,3,16.95,19,0.1,0,2.7,20,0.04,34,42.7,86,28,34,2024,O3,0,healthy
4/4/2024,Queens,0.2,2,22.05,22,,,2.3,13,0.04,35,42.9,69.5,32.1,35,2024,O3,0,healthy
4/5/2024,Queens,0.2,2,22.05,25,0.1,0,2.13,12,0.04,34,44.1,53.8,18.7,34,2024,O3,0,healthy
4/6/2024,Queens,0.2,2,14.85,17,0.2,0,1.88,12,0.04,36,46.7,50.5,20.6,36,2024,O3,0,healthy
4/7/2024,Queens,0.3,3,29.1,28,0.2,0,2.97,18,0.04,40,49,48.3,19.4,40,2024,O3,0,healthy
4/8/2024,Queens,0.5,6,49.85,48,2.4,3,6.6,41,0.04,35,53.2,45,11.9,48,2024,NO2,0,healthy
4/9/2024,Queens,0.7,8,54.75,54,3.3,4,9.95,56,0.05,44,61.1,46.7,14.4,56,2024,PM2.5,1,unhealthy
4/10/2024,Queens,0.3,3,25.65,31,0.4,0,11.4,59,0.05,44,53.9,69.8,13.5,59,2024,PM2.5,1,unhealthy
4/11/2024,Queens,0.3,3,28.05,31,0.1,0,9.23,57,0.04,37,53.7,87.8,19.3,57,2024,PM2.5,1,unhealthy
4/12/2024,Queens,0.2,2,10.65,10,0.1,0,6.62,46,0.04,38,58.5,77,23.4,46,2024,PM2.5,0,healthy
4/13/2024,Queens,0.2,2,7.1,8,0.2,0,2.47,19,0.04,38,52.2,52.3,27.5,38,2024,O3,0,healthy
4/14/2024,Queens,0.2,2,29.7,29,1,1,6.17,39,0.05,45,57.5,46.4,21.8,45,2024,O3,0,healthy
4/15/2024,Queens,0.3,3,34.35,33,0.6,0,8.02,52,0.06,58,66.4,54.6,17.9,58,2024,O3,1,unhealthy
4/16/2024,Queens,0.2,2,30.2,34,1,1,4.77,30,0.05,45,60.9,37.5,15.5,45,2024,O3,0,healthy
4/17/2024,Queens,0.4,5,42.3,46,0.5,0,6.9,43,0.04,38,52.8,66.1,15.5,46,2024,NO2,0,healthy
4/18/2024,Queens,0.2,2,16,22,0.2,0,2.94,21,0.03,31,47,83,21,31,2024,O3,0,healthy
4/19/2024,Queens,0.2,2,15.4,14,0.3,0,5.53,40,0.04,34,49.4,70.8,11,40,2024,PM2.5,0,healthy
4/20/2024,Queens,0.3,3,22.35,22,0.2,0,8.87,56,0.04,41,55.4,65.2,18.6,56,2024,PM2.5,1,unhealthy
4/21/2024,Queens,0.2,2,16.15,17,0.3,0,3.56,28,0.04,32,48,40.2,15.4,32,2024,O3,0,healthy
4/22/2024,Queens,0.2,2,29.15,30,0.5,0,4.8,32,0.05,43,50.8,38.6,12.5,43,2024,O3,0,healthy
4/23/2024,Queens,0.4,5,52.45,50,1.1,1,6.53,47,0.05,45,51.9,46.5,22.3,50,2024,NO2,0,healthy
4/24/2024,Queens,0.3,3,26.25,25,1,1,5.84,38,0.05,44,57.6,50.9,18,44,2024,O3,0,healthy
4/25/2024,Queens,0.2,2,22.55,21,0.5,0,4.1,27,0.04,37,47.7,44.7,15.8,37,2024,O3,0,healthy
4/26/2024,Queens,0.4,5,47.7,46,0.7,0,5.97,39,0.04,35,49.1,54.8,13.5,46,2024,NO2,0,healthy
4/27/2024,Queens,0.2,2,29.2,30,0.5,0,3.92,27,0.04,40,50.9,51.4,18.9,40,2024,O3,0,healthy
4/28/2024,Queens,0.5,6,48.65,47,1.3,1,10.5,59,0.04,35,59.9,68.2,11,59,2024,PM2.5,1,unhealthy
4/29/2024,Queens,0.7,8,45,42,0.9,0,16.7,72,0.06,58,70.1,68.5,17.2,72,2024,PM2.5,1,unhealthy
4/30/2024,Queens,0.2,2,8.6,8,0.1,0,10.84,63,0.03,28,56.4,81.5,18.2,63,2024,PM2.5,1,unhealthy
5/1/2024,Queens,0.3,3,23.45,23,0.5,0,10.87,60,0.04,34,59.3,74.3,15.4,60,2024,PM2.5,1,unhealthy
5/2/2024,Queens,0.2,2,31.3,29,,,10.5,56,,,60.2,77.4,11.3,56,2024,PM2.5,1,unhealthy
5/3/2024,Queens,0.3,3,23.7,26,0.1,0,4.75,33,,,56.9,67.8,14.1,33,2024,PM2.5,0,healthy
5/4/2024,Queens,0.2,2,16.1,19,0.4,0,3.4,25,0.03,31,53.9,67.7,13.5,31,2024,O3,0,healthy
5/5/2024,Queens,0.2,2,17.15,20,0,0,4.5,32,0.03,31,51,83.4,14.3,32,2024,PM2.5,0,healthy
5/6/2024,Queens,0.4,5,31.8,31,0.4,0,10.62,61,0.02,15,61.1,83.4,8.4,61,2024,PM2.5,1,unhealthy
5/7/2024,Queens,0.4,5,29.3,28,0.6,0,6.3,38,0.05,49,67.9,53.6,16.3,49,2024,O3,0,healthy
5/8/2024,Queens,0.25,3,36.25,35,1.2,1,9.7,53,0.05,44,71.6,63.5,15.4,53,2024,PM2.5,1,unhealthy
5/9/2024,Queens,0.25,3,23.1,25,1.5,1,3.24,24,0.04,36,65.4,50.2,15.5,36,2024,O3,0,healthy
5/10/2024,Queens,0.25,3,20.05,22,0.1,0,4.53,32,0.03,28,52,76,17.6,32,2024,PM2.5,0,healthy
5/11/2024,Queens,0.35,5,23.5,25,0.3,0,3.9,26,0.04,33,53.1,64.8,14.2,33,2024,O3,0,healthy
5/12/2024,Queens,0.2,2,13.75,13,0.1,0,3.26,22,0.03,30,51.4,71.6,9.7,30,2024,O3,0,healthy
5/13/2024,Queens,0.3,3,27.45,26,1.2,1,7.17,49,0.03,29,56.1,72.8,12.6,49,2024,PM2.5,0,healthy
5/14/2024,Queens,0.2,2,21.55,21,0.5,0,5.53,35,0.04,34,62.3,72.6,11.6,35,2024,PM2.5,0,healthy
5/15/2024,Queens,0.25,3,14,13,0.1,0,3.44,25,0.04,36,60.1,88.6,20.3,36,2024,O3,0,healthy
5/16/2024,Queens,0.25,3,11.35,15,0,0,2.43,16,0.04,38,61.6,82.7,21.6,38,2024,O3,0,healthy
5/17/2024,Queens,0.3,5,20.9,25,0.3,0,5.17,30,0.05,43,64.4,66.2,16.3,43,2024,O3,0,healthy
5/18/2024,Queens,0.35,5,37.1,38,0.2,0,5.62,35,0.04,37,62.7,71.5,10.5,38,2024,NO2,0,healthy
5/19/2024,Queens,0.35,5,29.2,28,0.4,0,2.53,18,0.04,32,63.8,72.2,12.6,32,2024,O3,0,healthy
5/20/2024,Queens,0.35,5,27.2,26,0.6,0,4.03,28,0.03,31,61.9,74.1,10.2,31,2024,O3,0,healthy
5/21/2024,Queens,0.3,3,40.15,38,0.8,0,5.94,37,0.04,32,67.5,72,12.9,38,2024,NO2,0,healthy
5/22/2024,Queens,0.35,5,21.3,23,0.5,0,7.47,44,0.04,40,72.7,62.5,17.6,44,2024,PM2.5,0,healthy
5/23/2024,Queens,0.45,6,27.5,26,0.6,0,8.5,52,0.05,49,72.3,69.3,11.8,52,2024,PM2.5,1,unhealthy
5/24/2024,Queens,0.45,6,54.85,53,0.6,0,10.14,54,0.07,112,75.7,50.6,13.3,112,2024,O3,1,unhealthy
5/25/2024,Queens,0.5,7,40.1,40,1.8,1,8.7,53,0.06,51,70.8,51.8,10,53,2024,PM2.5,1,unhealthy
5/26/2024,Queens,0.3,3,26.65,25,0.7,0,7.27,52,0.04,42,70.6,76.9,11.9,52,2024,PM2.5,1,unhealthy
5/27/2024,Queens,0.25,3,34.45,35,0.4,0,6.4,47,0.04,37,68.7,89.4,19.1,47,2024,PM2.5,0,healthy
5/28/2024,Queens,0.35,5,49.4,47,0.5,0,6.5,44,0.05,50,72.5,62,18.3,50,2024,O3,0,healthy
5/29/2024,Queens,0.25,3,19.4,24,0.4,0,3.6,23,0.05,46,68.3,60,13.7,46,2024,O3,0,healthy
5/30/2024,Queens,0.3,5,15.2,14,0.2,0,5.22,33,0.04,40,64.4,62.3,13.8,40,2024,O3,0,healthy
5/31/2024,Queens,0.25,3,19.25,24,0.8,0,5.3,33,0.04,41,68.5,39.8,16,41,2024,O3,0,healthy
6/1/2024,Queens,0.25,3,22.75,25,0.4,0,6.47,39,0.06,54,73,34.5,11.5,54,2024,O3,1,unhealthy
6/2/2024,Queens,0.3,3,46,45,0.5,0,9.76,53,0.06,67,74,46.1,15.8,67,2024,O3,1,unhealthy
6/3/2024,Queens,0.35,5,51.15,49,1.4,1,13.27,62,0.07,100,77.1,52.8,11.1,100,2024,O3,1,unhealthy
6/4/2024,Queens,0.45,6,39.25,37,0.6,0,14.4,65,0.07,90,71.1,70.3,10.7,90,2024,O3,1,unhealthy
6/5/2024,Queens,0.25,3,13.75,14,0.2,0,7.82,52,0.04,42,71.2,79.9,15.8,52,2024,PM2.5,1,unhealthy
6/6/2024,Queens,0.4,6,27.7,29,0.2,0,6.33,44,0.04,38,74.2,83.7,14.6,44,2024,PM2.5,0,healthy
6/7/2024,Queens,0.5,7,35.7,36,2,3,5.7,34,0.06,80,74.7,57.9,20.4,80,2024,O3,1,unhealthy
6/8/2024,Queens,0.25,3,21.75,21,0.2,0,2.98,22,0.04,37,72.4,45.2,19.6,37,2024,O3,0,healthy
6/9/2024,Queens,0.35,5,26.55,26,0.3,0,4.73,32,0.04,39,71.9,50.6,20.4,39,2024,O3,0,healthy
6/10/2024,Queens,0.25,3,15.5,19,0.2,0,3.5,24,0.03,31,68.8,50,15,31,2024,O3,0,healthy
6/11/2024,Queens,0.3,3,20.3,23,0.6,0,5.04,34,0.04,33,67.3,58.4,9.1,34,2024,PM2.5,0,healthy
6/12/2024,Queens,0.25,3,15.4,14,0.8,0,5.6,35,0.05,47,69.3,58.3,11.5,47,2024,O3,0,healthy
6/13/2024,Queens,0.4,5,29.1,27,0.6,0,10.97,58,0.06,71,73.6,61.6,17.2,71,2024,O3,1,unhealthy
6/14/2024,Queens,0.25,3,22.9,21,0.4,0,9.94,56,0.06,58,74.2,68.3,12.7,58,2024,O3,1,unhealthy
6/15/2024,Queens,0.35,5,25.1,24,0.2,0,6.9,45,0.04,39,73.5,53.3,17,45,2024,PM2.5,0,healthy
6/16/2024,Queens,0.4,6,7.7,7,0.3,0,5.33,34,0.04,41,69,53.8,12.4,41,2024,O3,0,healthy
6/17/2024,Queens,0.2,2,15,14,0.9,0,6.68,44,0.04,42,74,67.5,18.8,44,2024,PM2.5,0,healthy
6/18/2024,Queens,0.2,2,17.2,16,0.4,0,6.47,41,0.04,41,77.3,63.5,19.1,41,2024,PM2.5,0,healthy
6/19/2024,Queens,0.2,2,15.1,14,0.4,0,5.67,36,0.04,40,77.5,61.8,20.8,40,2024,O3,0,healthy
6/20/2024,Queens,0.3,3,22.8,21,0.5,0,7.74,47,0.06,61,79.8,58.7,15,61,2024,O3,1,unhealthy
6/21/2024,Queens,0.3,3,31.4,29,0.8,0,10.9,56,0.07,90,83.1,56.9,16.1,90,2024,O3,1,unhealthy
6/22/2024,Queens,0.3,3,40.75,40,0.7,0,12.7,60,0.07,97,80.4,68.2,13.5,97,2024,O3,1,unhealthy
6/23/2024,Queens,0.3,3,19.2,18,1.1,1,9.34,55,0.04,39,80.9,67,18.4,55,2024,PM2.5,1,unhealthy
6/24/2024,Queens,0.2,2,11.65,13,0.3,0,6.17,41,0.04,42,77.2,54,30.3,42,2024,O3,0,healthy
6/25/2024,Queens,0.25,3,20.75,23,0.4,0,10.87,59,0.06,51,79.9,38.9,18.8,59,2024,PM2.5,1,unhealthy
6/26/2024,Queens,0.3,3,21.35,26,0.7,0,9.78,57,0.06,77,80.2,55.1,19.9,77,2024,O3,1,unhealthy
6/27/2024,Queens,0.3,3,21.25,25,0.3,0,4.63,31,0.05,48,75.5,61.4,17.8,48,2024,O3,0,healthy
6/28/2024,Queens,0.25,3,19.85,20,0.5,0,3.23,26,0.04,39,69.9,41.7,13.2,39,2024,O3,0,healthy
6/29/2024,Queens,0.25,3,28.7,27,0.2,0,4.78,36,0.04,32,72.6,71.9,21.6,36,2024,PM2.5,0,healthy
6/30/2024,Queens,0.3,3,,,0.3,0,6.43,47,0.04,38,76.8,83,17.4,47,2024,PM2.5,0,healthy
7/1/2024,Queens,0.3,3,12.55,15,0.5,0,3,23,0.03,28,73.2,52.8,19.5,28,2024,O3,0,healthy
7/2/2024,Queens,0.25,3,21.75,25,0.8,0,4.42,27,0.04,41,74.7,43.9,9.8,41,2024,O3,0,healthy
7/3/2024,Queens,0.35,5,33.2,32,1,1,5.7,39,0.03,31,74.7,50.4,16.6,39,2024,PM2.5,0,healthy
7/4/2024,Queens,0.3,3,18.2,21,1,1,21.1,109,0.04,41,76.2,65.3,14.3,109,2024,PM2.5,1,unhealthy
7/5/2024,Queens,0.3,3,35.75,37,1.2,1,15.7,66,0.05,48,78.8,78.6,13.5,66,2024,PM2.5,1,unhealthy
7/6/2024,Queens,0.3,3,41.05,40,1.5,1,12.57,61,0.05,50,79.5,78.6,15.8,61,2024,PM2.5,1,unhealthy
7/7/2024,Queens,0.4,5,38.3,38,1.5,1,11.07,58,0.06,54,82.3,64.4,10.2,58,2024,PM2.5,1,unhealthy
7/8/2024,Queens,0.45,6,32.95,34,1.2,1,10.04,55,0.06,74,81.6,71.2,11.6,74,2024,O3,1,unhealthy
7/9/2024,Queens,0.3,3,23.7,23,0.7,0,7.83,53,0.05,44,79.9,78,16.4,53,2024,PM2.5,1,unhealthy
7/10/2024,Queens,0.2,2,19.85,18,0.6,0,5.87,45,0.03,28,81.4,73.5,25.7,45,2024,PM2.5,0,healthy
7/11/2024,Queens,0.25,3,19.7,20,0.6,0,5.6,38,0.06,67,80.9,64.1,17.2,67,2024,O3,1,unhealthy
7/12/2024,Queens,0.25,3,21.85,23,0.6,0,4.93,33,0.04,38,78.8,71.4,12.3,38,2024,O3,0,healthy
7/13/2024,Queens,0.2,2,23.25,25,0.5,0,3.67,27,0.04,42,78.1,78.3,12.3,42,2024,O3,0,healthy
7/14/2024,Queens,0.35,5,20.4,21,0.5,0,9.34,56,0.06,71,81.3,65.9,11.5,71,2024,O3,1,unhealthy
7/15/2024,Queens,0.35,5,20.05,19,0.5,0,12.4,62,0.06,61,82.7,68.8,12.7,62,2024,PM2.5,1,unhealthy
7/16/2024,Queens,0.35,5,24.95,28,0.6,0,12.63,62,0.07,90,86.2,56.8,19.2,90,2024,O3,1,unhealthy
7/17/2024,Queens,0.35,5,22.55,24,0.7,0,11.32,58,0.06,67,81.7,67.1,16.8,67,2024,O3,1,unhealthy
7/18/2024,Queens,0.35,5,28.9,32,1.2,1,8.03,55,0.05,45,78.7,65.9,12.7,55,2024,PM2.5,1,unhealthy
7/19/2024,Queens,0.3,5,12.8,11,0.6,0,4.85,38,0.06,51,76.1,49.7,10.2,51,2024,O3,1,unhealthy
7/20/2024,Queens,0.3,3,27.75,27,0.8,0,8.35,55,0.05,50,77.5,58.6,15,55,2024,PM2.5,1,unhealthy
7/21/2024,Queens,0.35,5,24.5,24,0.7,0,10.35,57,0.06,71,79.2,63.2,15,71,2024,O3,1,unhealthy
7/22/2024,Queens,0.35,5,19.2,20,0.6,0,8.8,53,0.05,43,78,72.5,15.8,53,2024,PM2.5,1,unhealthy
7/23/2024,Queens,0.3,5,21.3,29,0.2,0,6.04,40,0.05,49,74.4,84.6,12,49,2024,O3,0,healthy
7/24/2024,Queens,0.3,5,19.7,18,0.9,0,8.1,54,0.05,44,75.1,85.4,10.8,54,2024,PM2.5,1,unhealthy
7/25/2024,Queens,0.35,5,22.4,25,0.7,0,10.07,57,0.05,46,78.8,65,13.1,57,2024,PM2.5,1,unhealthy
7/26/2024,Queens,0.3,5,19.25,24,0.5,0,4.52,31,0.04,34,76.2,45.5,15.4,34,2024,O3,0,healthy
7/27/2024,Queens,0.45,7,28.6,30,0.7,0,12.63,61,0.05,45,77.6,50,10.7,61,2024,PM2.5,1,unhealthy
7/28/2024,Queens,0.45,6,29.5,30,0.5,0,17.4,71,0.05,44,78.2,50.6,11.8,71,2024,PM2.5,1,unhealthy
7/29/2024,Queens,0.35,5,12.95,13,0.5,0,14.42,65,0.06,51,76.2,73.5,13.5,65,2024,PM2.5,1,unhealthy
7/30/2024,Queens,0.35,5,15.2,14,0.4,0,12.67,61,0.05,44,78.9,74.2,21,61,2024,PM2.5,1,unhealthy
7/31/2024,Queens,0.3,3,18.9,19,0.3,0,8.8,54,0.05,50,81.1,71.6,15.7,54,2024,PM2.5,1,unhealthy
8/1/2024,Queens,0.6,8,43.3,44,0.2,0,13.98,66,0.07,97,84.5,60.6,13.5,97,2024,O3,1,unhealthy
8/2/2024,Queens,0.5,7,37,37,0.6,0,16.87,72,0.06,54,83.6,69.4,17.6,72,2024,PM2.5,1,unhealthy
8/3/2024,Queens,0.35,6,22.1,22,0.5,0,8.5,54,0.06,64,80.9,75,15.7,64,2024,O3,1,unhealthy
8/4/2024,Queens,0.3,3,19.95,19,0.1,0,8.04,53,0.04,42,76.4,82.6,13.5,53,2024,PM2.5,1,unhealthy
8/5/2024,Queens,0.45,6,32.25,34,0.8,0,12.33,63,0.06,64,81.4,66.2,14.6,64,2024,O3,1,unhealthy
8/6/2024,Queens,0.35,5,16.1,15,0.3,0,10.9,59,0.06,67,80.1,76.7,17.2,67,2024,O3,1,unhealthy
8/7/2024,Queens,0.35,5,12.1,16,0.1,0,3.66,28,0.03,25,68.5,88.9,15,28,2024,PM2.5,0,healthy
8/8/2024,Queens,0.3,3,19,25,1.4,1,6.63,48,0.03,24,68.2,88.3,13.3,48,2024,PM2.5,0,healthy
8/9/2024,Queens,0.3,3,6.6,8,0.2,0,10,60,0.03,24,77.2,87.7,25.6,60,2024,PM2.5,1,unhealthy
8/10/2024,Queens,0.3,3,11,14,,,7.9,53,0.05,47,80.3,58.9,13.1,53,2024,PM2.5,1,unhealthy
8/11/2024,Queens,0.35,5,12.85,15,,,6.63,51,0.05,45,76.6,50.1,11.9,51,2024,PM2.5,1,unhealthy
8/12/2024,Queens,0.35,5,25.55,25,,,5.67,41,0.04,38,73.9,52.8,14.2,41,2024,PM2.5,0,healthy
8/13/2024,Queens,0.5,7,36.15,37,,,6,41,0.04,34,73.6,54,13.5,41,2024,PM2.5,0,healthy
8/14/2024,Queens,0.6,8,35.05,35,1.4,1,18.4,78,0.04,33,77.4,55.1,15.7,78,2024,PM2.5,1,unhealthy
8/15/2024,Queens,0.45,6,35.15,36,0.7,0,14.9,71,0.04,41,78.7,52.6,7.3,71,2024,PM2.5,1,unhealthy
8/16/2024,Queens,0.45,6,27,26,0.9,0,18.36,78,0.06,51,77.8,64.5,11.4,78,2024,PM2.5,1,unhealthy
8/17/2024,Queens,0.3,3,13.05,13,0.1,0,17.67,72,0.05,45,74.7,76.1,14.6,72,2024,PM2.5,1,unhealthy
8/18/2024,Queens,0.3,3,17.25,21,0.1,0,15.33,66,0.04,41,74.9,83.4,18.9,66,2024,PM2.5,1,unhealthy
8/19/2024,Queens,0.45,6,28.6,30,0.9,0,5.58,35,0.05,50,76,75.7,17.6,50,2024,O3,0,healthy
8/20/2024,Queens,0.25,3,10.2,12,0.1,0,2.33,18,0.03,31,68.2,53.8,16.1,31,2024,O3,0,healthy
8/21/2024,Queens,0.25,3,17.05,21,0.1,0,2.73,19,0.03,30,66.2,53,16.6,30,2024,O3,0,healthy
8/22/2024,Queens,0.25,3,22.4,21,0.3,0,5.52,33,0.03,30,69.1,51.2,15.4,33,2024,PM2.5,0,healthy
8/23/2024,Queens,0.45,6,29.95,32,1.5,1,8.37,51,0.05,49,73.2,50.1,13,51,2024,PM2.5,1,unhealthy
8/24/2024,Queens,0.7,10,33.7,34,1.4,1,12.23,58,0.07,90,75.5,51.8,10.3,90,2024,O3,1,unhealthy
8/25/2024,Queens,0.55,7,29.4,30,0.6,0,13.46,61,0.07,93,76.5,57.5,14.2,93,2024,O3,1,unhealthy
8/26/2024,Queens,0.4,5,34.1,33,1.4,1,13.7,60,0.06,84,76.2,63.6,13.5,84,2024,O3,1,unhealthy
8/27/2024,Queens,0.35,5,22.3,26,0.4,0,10.75,55,0.06,74,75.8,66.1,13.5,74,2024,O3,1,unhealthy
8/28/2024,Queens,0.4,6,21,24,0.4,0,12.75,61,0.06,77,82.1,61.2,11.9,77,2024,O3,1,unhealthy
8/29/2024,Queens,0.35,5,12.2,15,0,0,4.5,31,0.03,31,75.3,64.9,13.8,31,2024,PM2.5,0,healthy
8/30/2024,Queens,0.25,3,16.75,20,0,0,3,26,0.03,29,69.8,68.2,13.7,29,2024,O3,0,healthy
8/31/2024,Queens,0.25,3,21.1,20,3.6,4,4.48,31,0.03,30,72.9,74.3,10.2,31,2024,PM2.5,0,healthy
9/1/2024,Queens,0.4,5,26.15,25,0.1,0,7.9,51,0.04,40,76.8,76.8,9.2,51,2024,PM2.5,1,unhealthy
9/2/2024,Queens,0.35,5,11.45,13,0,0,6.4,39,0.03,31,73.4,51.2,15.8,39,2024,PM2.5,0,healthy
9/3/2024,Queens,0.4,6,25.35,25,0.7,0,3.7,25,0.04,40,66.4,44,13.1,40,2024,O3,0,healthy
9/4/2024,Queens,0.6,8,38.85,37,0.6,0,5.6,33,0.04,40,68.7,49.2,9.8,40,2024,O3,0,healthy
9/5/2024,Queens,0.55,7,35.2,33,0.3,0,4.83,31,0.04,41,68.9,59.9,14.5,41,2024,O3,0,healthy
9/6/2024,Queens,0.35,5,15.1,18,0.1,0,5.26,34,0.04,33,69.6,73.1,10.8,34,2024,PM2.5,0,healthy
9/7/2024,Queens,0.25,3,12.9,13,0,0,4.87,28,0.03,29,68.7,76.5,18.3,29,2024,O3,0,healthy
9/8/2024,Queens,0.3,5,14.5,13,0.3,0,2.7,17,0.04,34,63.9,52.3,14.7,34,2024,O3,0,healthy
9/9/2024,Queens,0.3,3,26.95,25,0.6,0,4.32,27,0.04,40,67.9,43.9,13,40,2024,O3,0,healthy
9/10/2024,Queens,0.35,5,34.5,36,0.6,0,6.03,37,0.05,43,71.4,48.5,12,43,2024,O3,0,healthy
9/11/2024,Queens,0.35,5,29.65,30,0.4,0,4.23,25,0.04,42,69,49.6,8.5,42,2024,O3,0,healthy
9/12/2024,Queens,0.7,9,40.2,40,0.5,0,6.86,43,0.05,43,69.6,68.7,10.7,43,2024,PM2.5,0,healthy
9/13/2024,Queens,0.6,8,37.55,35,0.3,0,6,35,0.05,45,71.2,66.7,9.1,45,2024,O3,0,healthy
9/14/2024,Queens,0.5,7,24.6,24,0.3,0,9.47,54,0.06,71,73.2,69.6,11.6,71,2024,O3,1,unhealthy
9/15/2024,Queens,0.4,6,18.7,21,2.3,3,7.84,51,0.04,35,71.2,66,13.2,51,2024,PM2.5,1,unhealthy
9/16/2024,Queens,0.3,5,24.65,25,0.6,0,4.57,29,0.04,35,67.8,64.6,13.1,35,2024,O3,0,healthy
9/17/2024,Queens,0.35,5,23.15,25,3,4,6.6,43,0.04,37,70.6,70.4,11.3,43,2024,PM2.5,0,healthy
9/18/2024,Queens,0.35,5,15.7,20,0.2,0,6.18,39,0.04,32,70.5,73.4,14.3,39,2024,PM2.5,0,healthy
9/19/2024,Queens,0.35,5,23.1,28,0,0,9.23,53,0.05,50,75.6,55.6,11.9,53,2024,PM2.5,1,unhealthy
9/20/2024,Queens,0.3,5,12.8,18,0,0,5.1,32,0.04,38,73.4,63.3,16.2,38,2024,O3,0,healthy
9/21/2024,Queens,0.25,3,10.65,13,0,0,5.5,54,0.04,38,69.6,61,15.9,54,2024,PM2.5,1,unhealthy
9/22/2024,Queens,0.25,3,9.7,12,0,0,3.57,23,0.04,34,67.2,60.2,12.7,34,2024,O3,0,healthy
9/23/2024,Queens,0.25,3,14.3,19,0.1,0,4.5,29,0.03,31,63.9,63.5,14.6,31,2024,O3,0,healthy
9/24/2024,Queens,0.25,3,16.3,20,0.4,0,4.58,34,0.04,34,64,63.5,12.7,34,2024,PM2.5,0,healthy
9/25/2024,Queens,0.25,3,19,25,0.6,0,5.03,32,0.04,34,64.5,68.8,15.1,34,2024,O3,0,healthy
9/26/2024,Queens,0.3,3,26.7,25,0.1,0,6.17,41,0.03,24,69.8,85.7,10.7,41,2024,PM2.5,0,healthy
9/27/2024,Queens,0.35,5,20.85,22,0,0,3.62,26,0.03,31,69.2,77.5,13.7,31,2024,O3,0,healthy
9/28/2024,Queens,0.35,5,14.4,16,0.1,0,3.27,22,0.03,26,64.9,85.2,16.4,26,2024,O3,0,healthy
9/29/2024,Queens,0.3,5,14.1,16,0,0,3.7,26,0.03,24,62.2,85.9,11.8,26,2024,PM2.5,0,healthy
9/30/2024,Queens,0.3,5,18.6,21,0,0,3.72,26,0.03,31,65,72.5,13.8,31,2024,O3,0,healthy
10/1/2024,Queens,0.3,5,20.7,25,0.2,0,4.63,28,0.03,27,64.3,72,13.9,28,2024,PM2.5,0,healthy
10/2/2024,Queens,0.3,5,17.1,21,0.3,0,4.9,31,0.03,31,62.7,69.4,11.6,31,2024,PM2.5,0,healthy
10/3/2024,Queens,0.25,3,17.7,16,0.4,0,6.26,38,0.04,32,65.6,66.2,10.3,38,2024,PM2.5,0,healthy
10/4/2024,Queens,0.45,6,31.55,31,0.3,0,6.17,38,0.04,35,66.2,71.5,10.7,38,2024,PM2.5,0,healthy
10/5/2024,Queens,0.4,6,26.9,25,0.1,0,6.13,35,0.04,40,68.2,57.9,17.2,40,2024,O3,0,healthy
10/6/2024,Queens,0.4,6,17.75,17,0.3,0,4.7,30,0.04,41,63.7,61.2,10.5,41,2024,O3,0,healthy
10/7/2024,Queens,0.25,3,16,15,0.5,0,7.2,43,0.04,34,67.8,57.7,18,43,2024,PM2.5,0,healthy
10/8/2024,Queens,0.3,3,26.05,25,0.5,0,3.8,22,0.04,33,62,48.7,13.5,33,2024,O3,0,healthy
10/9/2024,Queens,0.3,3,32.1,31,0.6,0,4.62,33,0.04,33,62.6,42.7,20.6,33,2024,PM2.5,0,healthy
10/10/2024,Queens,0.25,3,11.8,12,0.3,0,2.03,12,,,55.9,49.4,18.7,12,2024,NO2,0,healthy
10/11/2024,Queens,0.35,5,26.1,25,1.6,1,4.2,28,0.03,27,58.8,47.1,12.6,28,2024,PM2.5,0,healthy
10/12/2024,Queens,0.4,6,29.15,27,0.7,0,5.84,52,0.04,38,66.6,37.5,18.7,52,2024,PM2.5,1,unhealthy
10/13/2024,Queens,0.4,6,23.35,22,5.2,7,6.13,38,0.04,41,62.9,57.5,16.6,41,2024,O3,0,healthy
10/14/2024,Queens,0.3,3,20.3,19,0.2,0,7.93,48,0.03,25,57.3,64.3,28.2,48,2024,PM2.5,0,healthy
10/15/2024,Queens,0.25,3,15.1,15,0.3,0,2.52,17,0.02,23,51.7,51.2,17.2,23,2024,O3,0,healthy
10/16/2024,Queens,0.25,3,17.75,19,0.3,0,2.83,20,0.03,28,52,48.8,16.7,28,2024,O3,0,healthy
10/17/2024,Queens,0.3,5,27.7,27,0.5,0,3,18,0.03,29,52.1,47.6,16.3,29,2024,O3,0,healthy
10/18/2024,Queens,0.75,10,35.95,34,0.6,0,5.8,36,0.03,28,58.2,41.2,13.6,36,2024,PM2.5,0,healthy
10/19/2024,Queens,0.85,11,36,37,1.4,1,7.8,44,0.02,23,59.7,48.9,7,44,2024,PM2.5,0,healthy
10/20/2024,Queens,0.7,9,49.4,48,1.3,1,10.97,56,0.04,39,62,51.1,8.8,56,2024,PM2.5,1,unhealthy
10/21/2024,Queens,0.9,13,56.8,56,2.7,3,14.16,64,0.04,39,66.7,41.7,9.1,64,2024,PM2.5,1,unhealthy
10/22/2024,Queens,1.15,15,55.45,54,1.6,1,16.87,68,0.05,47,69.7,50.8,9.9,68,2024,PM2.5,1,unhealthy
10/23/2024,Queens,0.4,5,30.1,30,0.6,0,10.43,57,0.04,39,65.9,66.4,16.1,57,2024,PM2.5,1,unhealthy
10/24/2024,Queens,0.35,5,25.3,26,0.5,0,5.74,35,0.03,29,64.3,51.8,17.6,35,2024,PM2.5,0,healthy
10/25/2024,Queens,0.3,3,32.1,32,0.7,0,4.57,26,0.02,20,55.7,50.4,13.7,32,2024,NO2,0,healthy
10/26/2024,Queens,0.4,5,35.95,36,0.8,0,6.6,53,0.04,36,59.9,39.4,22.3,53,2024,PM2.5,1,unhealthy
10/27/2024,Queens,0.3,3,24.45,24,0.3,0,2.88,18,0.03,29,52.6,41.3,15.3,29,2024,O3,0,healthy
10/28/2024,Queens,0.7,9,41.1,39,1.7,1,5.77,36,0.03,30,53.9,46.3,10,39,2024,NO2,0,healthy
10/29/2024,Queens,0.45,7,31.05,30,0.2,0,5.67,33,0.04,33,58.7,70.9,16.1,33,2024,PM2.5,0,healthy
10/30/2024,Queens,0.45,6,44.4,42,1,1,12.82,62,0.03,26,65.2,67.8,10.3,62,2024,PM2.5,1,unhealthy
10/31/2024,Queens,0.5,6,39.55,40,0.5,0,15.8,67,0.04,32,69.5,60.7,12.5,67,2024,PM2.5,1,unhealthy
11/1/2024,Queens,0.3,3,18.6,17,0.3,0,7.23,45,0.04,36,71.2,48.7,17,45,2024,PM2.5,0,healthy
11/2/2024,Queens,0.25,3,13.9,16,0.3,0,3.02,25,0.03,24,56.4,44.5,14.6,25,2024,PM2.5,0,healthy
11/3/2024,Queens,0.5,8,36.7,36,1.4,1,4.77,33,0.03,29,47.8,43.8,11.4,36,2024,NO2,0,healthy
11/4/2024,Queens,0.55,8,41.1,39,0.8,0,5.4,33,0.04,32,51.9,60.2,12.4,39,2024,NO2,0,healthy
11/5/2024,Queens,0.6,8,32.65,31,0.9,0,8.82,54,0.03,27,62.3,74,15,54,2024,PM2.5,1,unhealthy
11/6/2024,Queens,0.4,5,32.2,30,0.3,0,8.33,48,0.04,38,71.1,61.1,14.2,48,2024,PM2.5,0,healthy
11/7/2024,Queens,0.4,5,30.9,29,1,1,6.33,38,0.04,34,67.7,52.6,16.2,38,2024,PM2.5,0,healthy
11/8/2024,Queens,0.35,5,32.65,31,1.9,1,7.7,52,0.03,31,59.8,41.8,31.1,52,2024,PM2.5,1,unhealthy
11/9/2024,Queens,0.6,8,30.6,28,1,1,27.1,95,0.03,31,50.4,33.7,23.6,95,2024,PM2.5,1,unhealthy
11/10/2024,Queens,0.7,9,33.9,32,0.7,0,6,39,0.03,29,52.7,49.5,12.6,39,2024,PM2.5,0,healthy
11/11/2024,Queens,0.25,3,15.65,16,0.6,0,4.82,29,0.03,28,62.3,63.8,17.4,29,2024,PM2.5,0,healthy
11/12/2024,Queens,0.25,3,14.6,13,0.4,0,3.1,26,0.03,27,51.7,44.7,26.1,27,2024,O3,0,healthy
11/13/2024,Queens,0.35,6,33.4,31,0.4,0,2.67,19,0.03,30,43.4,39.1,15.8,31,2024,NO2,0,healthy
11/14/2024,Queens,0.4,6,35.75,35,0.4,0,4.18,29,0.03,27,43.2,49.6,13.6,35,2024,NO2,0,healthy
11/15/2024,Queens,0.4,6,35.15,35,1.1,1,8.6,52,,,50.1,38.1,13.9,52,2024,PM2.5,1,unhealthy
11/16/2024,Queens,0.35,5,15.6,16,0.5,0,9.2,53,0.04,33,54,36.4,20.4,53,2024,PM2.5,1,unhealthy
11/17/2024,Queens,0.7,9,51,48,1,1,16.92,76,0.03,28,54.6,36.8,13.5,76,2024,PM2.5,1,unhealthy
11/18/2024,Queens,0.6,8,30.9,28,1,1,7.6,46,0.03,31,58,42.3,17.6,46,2024,PM2.5,0,healthy
11/19/2024,Queens,0.75,9,35,33,0.7,0,7.17,41,0.02,16,53.9,47.7,11.8,41,2024,PM2.5,0,healthy
11/20/2024,Queens,0.8,10,33.1,31,0.8,0,6.72,41,0.03,26,55.6,57.8,14,41,2024,PM2.5,0,healthy
11/21/2024,Queens,0.3,5,18,17,0.1,0,2.63,18,0.02,19,47.9,83.6,19.6,19,2024,O3,0,healthy
11/22/2024,Queens,0.3,3,,,1.1,1,3.3,21,0.01,10,39.9,77.5,23.7,21,2024,PM2.5,0,healthy
11/23/2024,Queens,0.35,5,18.2,17,0.2,0,3.9,36,0.02,23,45.4,66.1,27,36,2024,PM2.5,0,healthy
11/24/2024,Queens,0.25,3,11.1,10,0.4,0,3.57,32,0.03,25,49.9,49.2,21.5,32,2024,PM2.5,0,healthy
11/25/2024,Queens,0.5,6,38.4,36,0.5,0,5.57,38,0.02,19,49,47.5,13.2,38,2024,PM2.5,0,healthy
11/26/2024,Queens,0.5,6,23.5,22,0.7,0,7.18,52,0.02,17,54.4,64.7,14.8,52,2024,PM2.5,1,unhealthy
11/27/2024,Queens,0.4,5,34.4,32,1.7,1,6.93,40,,,48.1,46.7,11.5,40,2024,PM2.5,0,healthy
11/28/2024,Queens,0.55,7,34.3,32,0.7,0,6.37,38,0.02,22,46.8,72,21.5,38,2024,PM2.5,0,healthy
11/29/2024,Queens,0.25,3,25.6,24,1.4,1,5.1,36,0.02,20,42.5,54,16.8,36,2024,PM2.5,0,healthy
11/30/2024,Queens,0.2,2,13.6,12,0.4,0,6.27,37,0.02,23,35.3,45.6,17.1,37,2024,PM2.5,0,healthy
12/1/2024,Queens,0.2,2,18.2,17,0.6,0,8.1,49,0.03,26,33.4,40.4,17.3,49,2024,PM2.5,0,healthy
12/2/2024,Queens,0.3,5,24.2,23,0.5,0,6.66,41,0.02,19,35.2,47.2,14.3,41,2024,PM2.5,0,healthy
12/3/2024,Queens,0.3,3,22.2,21,0.4,0,5.13,29,0.03,27,37.4,50,20.5,29,2024,PM2.5,0,healthy
12/4/2024,Queens,0.4,5,40.15,39,1.8,1,6.17,40,0.02,23,37.2,48.9,21.2,40,2024,PM2.5,0,healthy
12/5/2024,Queens,0.25,3,25.4,24,0.9,0,6.84,43,0.02,20,37.6,60.9,28.1,43,2024,PM2.5,0,healthy
12/6/2024,Queens,0.2,2,17.55,17,0.5,0,3.63,33,0.03,30,33.4,40.7,21.7,33,2024,PM2.5,0,healthy
12/7/2024,Queens,0.25,3,21.35,20,1.4,1,7.3,45,0.02,22,36.6,43.6,17.3,45,2024,PM2.5,0,healthy
12/8/2024,Queens,0.45,6,41.6,40,1.3,1,7.32,55,0.03,26,46.6,40.6,19,55,2024,PM2.5,1,unhealthy
12/9/2024,Queens,1.1,15,47.2,48,1.7,1,12.5,58,0.02,14,46.6,75.7,11.2,58,2024,PM2.5,1,unhealthy
12/10/2024,Queens,0.5,7,27.3,30,0.6,0,12.43,61,0.03,24,47.1,87.7,12.6,61,2024,PM2.5,1,unhealthy
12/11/2024,Queens,0.35,5,13.75,12,0.1,0,5.32,35,0.03,31,54.9,88.2,23.6,35,2024,PM2.5,0,healthy
12/12/2024,Queens,0.2,2,20.25,19,1.2,1,6.37,47,0.03,30,38,42.1,23.2,47,2024,PM2.5,0,healthy
12/13/2024,Queens,0.3,5,24.35,25,0.4,0,6,47,0.02,23,30.6,35.8,15.3,47,2024,PM2.5,0,healthy
12/14/2024,Queens,0.4,6,39.3,38,0.8,0,5.14,38,0.03,25,30.3,45.4,11.1,38,2024,NO2,0,healthy
12/15/2024,Queens,0.5,7,40.55,40,2.2,3,6.27,38,0.03,24,35.3,59.4,10.5,40,2024,NO2,0,healthy
12/16/2024,Queens,0.45,6,38.9,41,0.6,0,4.27,26,0.03,25,45.5,86.3,14.3,41,2024,NO2,0,healthy
12/17/2024,Queens,0.3,3,34,32,1.5,1,6.6,47,0.02,14,54,69.1,14.6,47,2024,PM2.5,0,healthy
12/18/2024,Queens,0.65,8,46.1,46,1.5,1,8.53,51,0.02,20,47.8,60.7,11.6,51,2024,PM2.5,1,unhealthy
12/19/2024,Queens,0.45,6,31.2,30,0.5,0,5.13,34,0.02,21,42.3,57.2,21.1,34,2024,PM2.5,0,healthy
12/20/2024,Queens,0.3,5,21,24,0.2,0,4.02,31,0.02,19,36.5,69.8,19.6,31,2024,PM2.5,0,healthy
12/21/2024,Queens,0.25,3,20,19,0.3,0,5.67,46,0.04,32,29.4,63.1,27.9,46,2024,PM2.5,0,healthy
12/22/2024,Queens,0.25,3,21.1,20,0.4,0,5,43,0.03,30,19.2,49,20,43,2024,PM2.5,0,healthy
12/23/2024,Queens,0.4,5,42.8,40,1.5,1,5.64,38,0.02,19,21.1,51.4,11.3,40,2024,NO2,0,healthy
12/24/2024,Queens,0.4,5,39.2,39,3.2,4,11.9,58,0.01,12,34.5,62.1,13.2,58,2024,PM2.5,1,unhealthy
12/25/2024,Queens,0.3,3,28.6,27,0.5,0,11.37,56,0.02,23,33.3,60.3,10.2,56,2024,PM2.5,1,unhealthy
12/26/2024,Queens,0.5,6,42.05,42,0.8,0,11.36,57,0.02,20,31,55.4,7.8,57,2024,PM2.5,1,unhealthy
12/27/2024,Queens,0.7,8,51.3,48,2.3,3,16.57,67,0.01,8,35.1,61.4,6,67,2024,PM2.5,1,unhealthy
12/28/2024,Queens,0.9,10,42.8,42,0.8,0,11.8,57,0,1,45.1,85.5,5.4,57,2024,PM2.5,1,unhealthy
12/29/2024,Queens,0.9,10,35.6,36,0.7,0,6.66,41,0.04,35,52.3,82.6,20.4,41,2024,PM2.5,0,healthy
12/30/2024,Queens,0.2,2,32.8,33,0.4,0,5,40,0.03,31,54.2,63.1,24.2,40,2024,PM2.5,0,healthy
12/31/2024,Queens,0.5,6,40.45,41,1.1,1,6.57,47,,,48.1,59.6,17.9,47,2024,PM2.5,0,healthy
